observation_id,timestamp,source,airline,origin,destination,flight_date,booking_date,fare_class,fare_type,base_fare,taxes,fees,total_fare,currency,stops,duration,baggage,availability
OBS000001,2026-01-12T00:00:00,mmt,SpiceJet,BLR,DEL,2026-01-14,2026-01-12,PremiumEconomy,NonRefundable,6777.55,813.31,367.33,7958.19,INR,0,1.91,20kg,True
OBS000002,2025-12-24T00:00:00,cleartrip,Akasa,BLR,DEL,2026-01-03,2025-12-24,PremiumEconomy,Refundable,6617.59,794.11,174.18,7585.88,INR,1,2.97,20kg,True
OBS000003,2026-01-13T00:00:00,mmt,IndiGo,BLR,DEL,2026-01-18,2026-01-13,Economy,Refundable,7314.13,877.7,365.43,8557.26,INR,0,4.45,15kg,True
OBS000004,2026-01-08T00:00:00,cleartrip,AirIndia,BLR,DEL,2026-01-13,2026-01-08,PremiumEconomy,NonRefundable,6267.74,752.13,263.35,7283.22,INR,0,3.41,25kg,True
OBS000005,2025-12-11T00:00:00,goibibo,Vistara,BLR,DEL,2026-01-20,2025-12-11,Economy,NonRefundable,6495.18,779.42,190.85,7465.45,INR,0,1.96,15kg,True
OBS000006,2026-01-08T00:00:00,cleartrip,AirIndia,BLR,DEL,2026-01-13,2026-01-08,PremiumEconomy,NonRefundable,7735.05,928.21,166.55,8829.81,INR,1,1.67,15kg,True
OBS000007,2026-01-04T00:00:00,goibibo,Vistara,BLR,DEL,2026-01-24,2026-01-04,Economy,Refundable,5331.61,639.79,257.11,6228.51,INR,1,1.5,15kg,True
OBS000008,2025-11-26T00:00:00,goibibo,Akasa,BLR,DEL,2026-01-05,2025-11-26,Economy,NonRefundable,5922.22,710.67,190.0,6822.89,INR,1,3.17,20kg,True
OBS000009,2025-11-09T00:00:00,cleartrip,Vistara,BLR,DEL,2026-01-18,2025-11-09,Economy,NonRefundable,6810.43,817.25,178.64,7806.32,INR,1,1.72,15kg,True
OBS000010,2025-11-08T00:00:00,airline_site,Vistara,BLR,DEL,2026-01-17,2025-11-08,Economy,Refundable,5857.39,702.89,194.66,6754.94,INR,0,3.72,25kg,True
OBS000011,2026-01-15T00:00:00,cleartrip,AirIndia,BLR,DEL,2026-01-20,2026-01-15,Economy,Refundable,6675.12,801.01,240.75,7716.88,INR,0,1.48,20kg,True
OBS000012,2026-01-05T00:00:00,mmt,SpiceJet,BLR,DEL,2026-01-25,2026-01-05,Economy,NonRefundable,6136.06,736.33,341.46,7213.85,INR,1,4.38,25kg,True
OBS000013,2026-01-18T00:00:00,goibibo,IndiGo,BLR,DEL,2026-01-23,2026-01-18,Economy,Refundable,6277.29,753.28,243.36,7273.93,INR,0,2.32,25kg,True
OBS000014,2026-01-17T00:00:00,airline_site,AirIndia,BLR,DEL,2026-01-19,2026-01-17,Economy,Refundable,7731.57,927.79,151.8,8811.16,INR,0,1.43,15kg,True
OBS000015,2026-01-12T00:00:00,goibibo,AirIndia,BLR,DEL,2026-01-22,2026-01-12,PremiumEconomy,NonRefundable,6547.74,785.73,383.88,7717.35,INR,0,1.51,25kg,False
OBS000016,2026-01-02T00:00:00,airline_site,IndiGo,BLR,DEL,2026-01-12,2026-01-02,Economy,NonRefundable,6755.64,810.68,252.78,7819.1,INR,0,3.84,15kg,True
OBS000017,2026-01-05T00:00:00,goibibo,AirIndia,BLR,DEL,2026-01-07,2026-01-05,Economy,NonRefundable,6911.16,829.34,195.87,7936.37,INR,0,1.37,25kg,True
OBS000018,2025-10-25T00:00:00,mmt,SpiceJet,BLR,DEL,2026-01-03,2025-10-25,PremiumEconomy,NonRefundable,6058.19,726.98,362.17,7147.34,INR,0,4.05,15kg,True
OBS000019,2026-01-12T00:00:00,goibibo,Vistara,BLR,DEL,2026-01-13,2026-01-12,PremiumEconomy,NonRefundable,7769.49,932.34,346.02,9047.85,INR,0,1.83,15kg,True
OBS000020,2025-12-10T00:00:00,cleartrip,IndiGo,BLR,DEL,2026-01-19,2025-12-10,Economy,NonRefundable,6083.58,730.03,285.55,7099.16,INR,0,1.39,25kg,True
OBS000021,2026-01-26T00:00:00,goibibo,IndiGo,BLR,DEL,2026-01-28,2026-01-26,Economy,Refundable,7417.36,890.08,365.45,8672.89,INR,0,2.58,25kg,True
OBS000022,2026-01-07T00:00:00,cleartrip,AirIndia,BLR,DEL,2026-01-09,2026-01-07,PremiumEconomy,NonRefundable,7310.87,877.3,317.43,8505.6,INR,0,3.42,20kg,False
OBS000023,2025-11-02T00:00:00,airline_site,IndiGo,BLR,DEL,2026-01-11,2025-11-02,Economy,NonRefundable,6180.59,741.67,305.29,7227.55,INR,0,4.28,15kg,True
OBS000024,2026-01-07T00:00:00,cleartrip,Akasa,BLR,DEL,2026-01-12,2026-01-07,Economy,NonRefundable,6915.2,829.82,189.44,7934.46,INR,0,4.3,15kg,True
OBS000025,2026-01-03T00:00:00,mmt,Vistara,BLR,DEL,2026-01-04,2026-01-03,Economy,NonRefundable,7296.01,875.52,220.44,8391.97,INR,1,2.03,15kg,True
OBS000026,2026-01-11T00:00:00,airline_site,IndiGo,BLR,DEL,2026-01-21,2026-01-11,PremiumEconomy,Refundable,6184.86,742.18,357.34,7284.38,INR,0,1.73,20kg,False
OBS000027,2026-01-17T00:00:00,mmt,Akasa,BLR,DEL,2026-01-18,2026-01-17,Economy,NonRefundable,8387.31,1006.48,322.75,9716.54,INR,0,2.62,15kg,True
OBS000028,2025-11-03T00:00:00,airline_site,Vistara,BLR,DEL,2026-01-12,2025-11-03,Economy,Refundable,6881.29,825.76,393.05,8100.1,INR,0,2.37,25kg,False
OBS000029,2025-12-11T00:00:00,mmt,SpiceJet,BLR,DEL,2026-01-20,2025-12-11,Economy,Refundable,6755.97,810.72,366.15,7932.84,INR,0,3.78,20kg,True
OBS000030,2026-01-07T00:00:00,airline_site,SpiceJet,BLR,DEL,2026-01-09,2026-01-07,Economy,NonRefundable,8319.75,998.37,346.84,9664.96,INR,0,1.86,20kg,True
OBS000031,2025-11-01T00:00:00,mmt,SpiceJet,BLR,DEL,2026-01-10,2025-11-01,PremiumEconomy,NonRefundable,6217.88,746.15,155.92,7119.95,INR,0,4.39,20kg,True
OBS000032,2026-01-01T00:00:00,cleartrip,IndiGo,BLR,DEL,2026-01-21,2026-01-01,Economy,NonRefundable,5781.38,693.77,249.92,6725.07,INR,0,3.12,20kg,True
OBS000033,2025-12-15T00:00:00,airline_site,SpiceJet,BLR,DEL,2026-01-04,2025-12-15,Economy,NonRefundable,5394.35,647.32,228.42,6270.09,INR,0,3.54,15kg,True
OBS000034,2026-01-02T00:00:00,cleartrip,Akasa,BLR,DEL,2026-01-12,2026-01-02,PremiumEconomy,Refundable,6821.04,818.52,167.49,7807.05,INR,0,2.87,25kg,False
OBS000035,2026-01-01T00:00:00,goibibo,AirIndia,BLR,DEL,2026-01-11,2026-01-01,PremiumEconomy,NonRefundable,6271.28,752.55,197.96,7221.79,INR,0,2.2,15kg,False
OBS000036,2026-01-06T00:00:00,cleartrip,SpiceJet,BLR,DEL,2026-01-26,2026-01-06,PremiumEconomy,NonRefundable,5530.5,663.66,301.67,6495.83,INR,0,2.89,25kg,True
OBS000037,2026-01-21T00:00:00,airline_site,AirIndia,BLR,DEL,2026-01-22,2026-01-21,PremiumEconomy,Refundable,7130.21,855.63,304.82,8290.66,INR,0,1.69,15kg,True
OBS000038,2025-11-11T00:00:00,goibibo,SpiceJet,DEL,BOM,2026-01-20,2025-11-11,Economy,NonRefundable,4412.83,529.54,342.12,5284.49,INR,1,2.52,15kg,True
OBS000039,2025-11-16T00:00:00,mmt,Akasa,DEL,BOM,2026-01-25,2025-11-16,PremiumEconomy,Refundable,3974.88,476.99,256.29,4708.16,INR,0,4.23,15kg,False
OBS000040,2025-10-27T00:00:00,cleartrip,SpiceJet,DEL,BOM,2026-01-05,2025-10-27,PremiumEconomy,NonRefundable,3806.93,456.83,266.16,4529.92,INR,0,3.65,20kg,False
OBS000041,2025-10-31T00:00:00,goibibo,AirIndia,DEL,BOM,2026-01-09,2025-10-31,PremiumEconomy,NonRefundable,3963.82,475.66,341.45,4780.93,INR,0,3.55,15kg,True
OBS000042,2026-01-06T00:00:00,airline_site,AirIndia,DEL,BOM,2026-01-11,2026-01-06,Economy,Refundable,5001.82,600.22,373.26,5975.3,INR,1,3.49,25kg,True
OBS000043,2025-12-24T00:00:00,mmt,SpiceJet,DEL,BOM,2026-01-03,2025-12-24,PremiumEconomy,Refundable,3842.51,461.1,253.94,4557.55,INR,1,2.77,20kg,True
OBS000044,2026-01-15T00:00:00,goibibo,Akasa,DEL,BOM,2026-01-25,2026-01-15,Economy,NonRefundable,4423.51,530.82,363.36,5317.69,INR,0,2.1,20kg,True
OBS000045,2026-01-08T00:00:00,goibibo,AirIndia,DEL,BOM,2026-01-13,2026-01-08,Economy,NonRefundable,4176.51,501.18,331.05,5008.74,INR,0,1.48,20kg,True
OBS000046,2026-01-18T00:00:00,cleartrip,SpiceJet,DEL,BOM,2026-01-28,2026-01-18,PremiumEconomy,Refundable,3669.51,440.34,195.43,4305.28,INR,1,2.28,20kg,True
OBS000047,2025-11-16T00:00:00,airline_site,Vistara,DEL,BOM,2026-01-25,2025-11-16,Economy,Refundable,3426.79,411.21,267.58,4105.58,INR,0,3.69,15kg,True
OBS000048,2026-01-26T00:00:00,mmt,AirIndia,DEL,BOM,2026-01-27,2026-01-26,PremiumEconomy,Refundable,5067.03,608.04,305.33,5980.4,INR,0,2.73,20kg,True
OBS000049,2025-12-17T00:00:00,mmt,Vistara,DEL,BOM,2026-01-06,2025-12-17,Economy,Refundable,3545.44,425.45,178.63,4149.52,INR,0,3.1,20kg,False
OBS000050,2026-01-21T00:00:00,mmt,IndiGo,DEL,BOM,2026-01-23,2026-01-21,PremiumEconomy,Refundable,4281.21,513.75,169.0,4963.96,INR,0,2.35,20kg,True
OBS000051,2025-12-14T00:00:00,goibibo,IndiGo,DEL,BOM,2026-01-03,2025-12-14,PremiumEconomy,NonRefundable,3925.69,471.08,255.01,4651.78,INR,1,3.53,20kg,True
OBS000052,2026-01-04T00:00:00,cleartrip,Akasa,DEL,BOM,2026-01-24,2026-01-04,PremiumEconomy,NonRefundable,3915.6,469.87,391.37,4776.84,INR,1,3.92,25kg,True
OBS000053,2025-11-02T00:00:00,goibibo,AirIndia,DEL,BOM,2026-01-11,2025-11-02,PremiumEconomy,NonRefundable,3976.92,477.23,219.73,4673.88,INR,0,1.29,20kg,True
OBS000054,2026-01-14T00:00:00,cleartrip,Vistara,DEL,BOM,2026-01-16,2026-01-14,PremiumEconomy,NonRefundable,5539.96,664.8,238.71,6443.47,INR,0,2.9,15kg,True
OBS000055,2025-11-29T00:00:00,goibibo,SpiceJet,DEL,BOM,2026-01-08,2025-11-29,PremiumEconomy,Refundable,3620.81,434.5,210.08,4265.39,INR,0,2.17,20kg,True
OBS000056,2025-12-01T00:00:00,goibibo,Akasa,DEL,BOM,2026-01-10,2025-12-01,PremiumEconomy,NonRefundable,4179.43,501.53,295.39,4976.35,INR,0,2.36,20kg,True
OBS000057,2026-01-05T00:00:00,mmt,AirIndia,DEL,BOM,2026-01-10,2026-01-05,Economy,NonRefundable,4560.1,547.21,228.89,5336.2,INR,0,3.59,25kg,True
OBS000058,2025-10-26T00:00:00,mmt,Vistara,DEL,BOM,2026-01-04,2025-10-26,Economy,NonRefundable,4458.11,534.97,198.53,5191.61,INR,0,3.54,15kg,True
OBS000059,2026-01-01T00:00:00,goibibo,IndiGo,DEL,BOM,2026-01-02,2026-01-01,Economy,NonRefundable,4175.21,501.02,181.57,4857.8,INR,1,2.78,20kg,True
OBS000060,2025-12-28T00:00:00,goibibo,IndiGo,DEL,BOM,2026-01-02,2025-12-28,Economy,NonRefundable,4307.32,516.88,385.27,5209.47,INR,1,1.44,25kg,True
OBS000061,2026-01-03T00:00:00,mmt,IndiGo,DEL,BOM,2026-01-05,2026-01-03,PremiumEconomy,Refundable,5009.68,601.16,171.3,5782.14,INR,1,2.69,20kg,True
OBS000062,2026-01-08T00:00:00,cleartrip,Akasa,DEL,BOM,2026-01-28,2026-01-08,Economy,Refundable,3239.88,388.79,397.51,4026.18,INR,0,3.26,20kg,True
OBS000063,2026-01-04T00:00:00,goibibo,Akasa,DEL,BOM,2026-01-06,2026-01-04,PremiumEconomy,NonRefundable,4736.04,568.32,150.67,5455.03,INR,0,1.96,25kg,True
OBS000064,2025-11-14T00:00:00,mmt,Vistara,DEL,BOM,2026-01-23,2025-11-14,Economy,NonRefundable,4066.97,488.04,263.51,4818.52,INR,0,3.0,25kg,True
OBS000065,2025-10-31T00:00:00,cleartrip,SpiceJet,DEL,BOM,2026-01-09,2025-10-31,Economy,NonRefundable,4025.54,483.06,348.16,4856.76,INR,0,3.51,20kg,False
OBS000066,2026-01-14T00:00:00,goibibo,Vistara,DEL,BOM,2026-01-15,2026-01-14,PremiumEconomy,Refundable,4830.79,579.69,299.51,5709.99,INR,0,1.96,25kg,True
OBS000067,2025-12-16T00:00:00,mmt,SpiceJet,DEL,BOM,2026-01-25,2025-12-16,PremiumEconomy,NonRefundable,4135.92,496.31,340.78,4973.01,INR,0,4.49,20kg,False
OBS000068,2025-12-24T00:00:00,cleartrip,Vistara,DEL,BOM,2026-01-03,2025-12-24,Economy,Refundable,3797.28,455.67,236.99,4489.94,INR,0,2.56,20kg,True
OBS000069,2026-01-12T00:00:00,cleartrip,Vistara,DEL,BOM,2026-01-22,2026-01-12,PremiumEconomy,Refundable,4358.24,522.99,263.71,5144.94,INR,1,4.05,15kg,False
OBS000070,2026-01-13T00:00:00,cleartrip,Akasa,DEL,BOM,2026-01-14,2026-01-13,PremiumEconomy,NonRefundable,4287.04,514.44,196.9,4998.38,INR,0,1.87,25kg,True
OBS000071,2025-12-31T00:00:00,mmt,AirIndia,DEL,BOM,2026-01-10,2025-12-31,PremiumEconomy,Refundable,4476.37,537.16,157.22,5170.75,INR,1,1.51,15kg,False
OBS000072,2025-11-25T00:00:00,goibibo,Vistara,DEL,BOM,2026-01-04,2025-11-25,PremiumEconomy,NonRefundable,3707.94,444.95,358.04,4510.93,INR,1,4.43,15kg,False
OBS000073,2025-12-26T00:00:00,mmt,IndiGo,BOM,BLR,2026-01-05,2025-12-26,PremiumEconomy,NonRefundable,3968.73,476.25,336.57,4781.55,INR,0,4.28,25kg,True
OBS000074,2026-01-26T00:00:00,cleartrip,Akasa,BOM,BLR,2026-01-27,2026-01-26,PremiumEconomy,Refundable,4738.1,568.57,220.71,5527.38,INR,1,2.98,20kg,True
OBS000075,2025-11-09T00:00:00,mmt,AirIndia,BOM,BLR,2026-01-18,2025-11-09,PremiumEconomy,Refundable,3296.1,395.53,230.44,3922.07,INR,1,1.34,25kg,False
OBS000076,2025-11-14T00:00:00,mmt,SpiceJet,BOM,BLR,2026-01-23,2025-11-14,Economy,Refundable,3516.39,421.97,245.31,4183.67,INR,0,4.07,20kg,True
OBS000077,2026-01-07T00:00:00,mmt,IndiGo,BOM,BLR,2026-01-17,2026-01-07,PremiumEconomy,NonRefundable,3987.76,478.53,367.73,4834.02,INR,0,3.26,20kg,True
OBS000078,2026-01-23T00:00:00,goibibo,Vistara,BOM,BLR,2026-01-28,2026-01-23,PremiumEconomy,Refundable,4105.84,492.7,363.09,4961.63,INR,0,1.97,25kg,True
OBS000079,2025-11-29T00:00:00,airline_site,SpiceJet,BOM,BLR,2026-01-08,2025-11-29,Economy,NonRefundable,4274.55,512.95,340.09,5127.59,INR,0,1.35,15kg,True
OBS000080,2026-01-07T00:00:00,mmt,Akasa,BOM,BLR,2026-01-12,2026-01-07,PremiumEconomy,Refundable,4575.26,549.03,257.67,5381.96,INR,0,1.78,25kg,False
OBS000081,2025-12-11T00:00:00,goibibo,Vistara,BOM,BLR,2026-01-20,2025-12-11,PremiumEconomy,NonRefundable,3638.66,436.64,185.78,4261.08,INR,0,4.17,20kg,True
OBS000082,2026-01-02T00:00:00,goibibo,Vistara,BOM,BLR,2026-01-22,2026-01-02,PremiumEconomy,NonRefundable,4237.49,508.5,189.49,4935.48,INR,0,2.71,20kg,True
OBS000083,2025-11-04T00:00:00,cleartrip,Vistara,BOM,BLR,2026-01-13,2025-11-04,Economy,NonRefundable,3391.13,406.94,292.98,4091.05,INR,0,1.23,25kg,True
OBS000084,2025-12-11T00:00:00,cleartrip,AirIndia,BOM,BLR,2026-01-20,2025-12-11,PremiumEconomy,Refundable,3624.33,434.92,274.18,4333.43,INR,0,3.25,25kg,True
OBS000085,2026-01-20T00:00:00,goibibo,IndiGo,BOM,BLR,2026-01-21,2026-01-20,PremiumEconomy,Refundable,4712.21,565.47,227.23,5504.91,INR,0,4.2,20kg,False
OBS000086,2026-01-04T00:00:00,cleartrip,Akasa,BOM,BLR,2026-01-06,2026-01-04,PremiumEconomy,Refundable,3970.74,476.49,183.04,4630.27,INR,0,4.22,20kg,True
OBS000087,2025-11-15T00:00:00,mmt,AirIndia,BOM,BLR,2026-01-24,2025-11-15,PremiumEconomy,NonRefundable,3526.59,423.19,390.72,4340.5,INR,0,3.81,15kg,True
OBS000088,2026-01-17T00:00:00,cleartrip,Akasa,BOM,BLR,2026-01-18,2026-01-17,PremiumEconomy,NonRefundable,4448.95,533.87,263.7,5246.52,INR,0,3.43,20kg,True
OBS000089,2025-12-31T00:00:00,goibibo,Vistara,BOM,BLR,2026-01-20,2025-12-31,PremiumEconomy,Refundable,3415.83,409.9,311.91,4137.64,INR,0,1.35,15kg,True
OBS000090,2026-01-15T00:00:00,mmt,SpiceJet,BOM,BLR,2026-01-16,2026-01-15,PremiumEconomy,NonRefundable,4721.36,566.56,174.3,5462.22,INR,1,3.14,25kg,True
OBS000091,2025-12-05T00:00:00,cleartrip,IndiGo,BOM,BLR,2026-01-14,2025-12-05,PremiumEconomy,Refundable,3873.48,464.82,252.03,4590.33,INR,1,2.67,15kg,True
OBS000092,2025-11-25T00:00:00,cleartrip,IndiGo,BOM,BLR,2026-01-04,2025-11-25,PremiumEconomy,NonRefundable,3796.7,455.6,241.83,4494.13,INR,0,4.4,20kg,True
OBS000093,2026-01-20T00:00:00,cleartrip,AirIndia,BOM,BLR,2026-01-22,2026-01-20,Economy,Refundable,3961.89,475.43,155.34,4592.66,INR,0,3.94,25kg,True
OBS000094,2026-01-17T00:00:00,mmt,Vistara,BOM,BLR,2026-01-19,2026-01-17,Economy,Refundable,3893.96,467.27,353.26,4714.49,INR,0,4.03,15kg,True
OBS000095,2026-01-13T00:00:00,mmt,IndiGo,BOM,BLR,2026-01-18,2026-01-13,PremiumEconomy,Refundable,4135.64,496.28,366.61,4998.53,INR,0,1.25,20kg,True
OBS000096,2025-11-26T00:00:00,airline_site,IndiGo,BOM,BLR,2026-01-05,2025-11-26,PremiumEconomy,NonRefundable,3469.35,416.32,255.24,4140.91,INR,0,2.89,15kg,False
OBS000097,2026-01-15T00:00:00,cleartrip,SpiceJet,BOM,BLR,2026-01-17,2026-01-15,Economy,Refundable,4345.71,521.49,345.81,5213.01,INR,1,4.0,20kg,True
OBS000098,2025-12-07T00:00:00,airline_site,IndiGo,BOM,BLR,2026-01-16,2025-12-07,PremiumEconomy,Refundable,3573.15,428.78,377.43,4379.36,INR,0,1.62,25kg,True
OBS000099,2025-12-24T00:00:00,airline_site,IndiGo,BOM,BLR,2026-01-13,2025-12-24,Economy,NonRefundable,3290.95,394.91,301.36,3987.22,INR,1,4.13,20kg,True
OBS000100,2026-01-17T00:00:00,airline_site,Vistara,BOM,BLR,2026-01-27,2026-01-17,PremiumEconomy,NonRefundable,3754.03,450.48,249.68,4454.19,INR,0,2.44,15kg,False
OBS000101,2026-01-02T00:00:00,cleartrip,AirIndia,BOM,BLR,2026-01-03,2026-01-02,Economy,NonRefundable,4379.27,525.51,174.14,5078.92,INR,0,2.56,25kg,False
OBS000102,2025-12-19T00:00:00,cleartrip,Akasa,BOM,BLR,2026-01-28,2025-12-19,PremiumEconomy,NonRefundable,3490.97,418.92,162.86,4072.75,INR,0,3.11,15kg,True
OBS000103,2026-01-12T00:00:00,cleartrip,IndiGo,BOM,BLR,2026-01-22,2026-01-12,PremiumEconomy,Refundable,3841.67,461.0,361.34,4664.01,INR,1,3.99,25kg,True
OBS000104,2025-12-11T00:00:00,cleartrip,IndiGo,BOM,BLR,2026-01-20,2025-12-11,Economy,NonRefundable,3738.11,448.57,357.37,4544.05,INR,0,4.24,20kg,True
OBS000105,2025-10-28T00:00:00,airline_site,IndiGo,BOM,BLR,2026-01-06,2025-10-28,Economy,NonRefundable,3864.14,463.7,167.4,4495.24,INR,1,2.7,15kg,True
OBS000106,2025-12-01T00:00:00,airline_site,IndiGo,BOM,BLR,2026-01-10,2025-12-01,Economy,Refundable,3932.38,471.89,231.1,4635.37,INR,0,3.42,20kg,False
OBS000107,2026-01-12T00:00:00,airline_site,Vistara,BOM,BLR,2026-01-22,2026-01-12,PremiumEconomy,Refundable,3489.49,418.74,218.29,4126.52,INR,0,3.44,25kg,False
OBS000108,2025-12-08T00:00:00,mmt,SpiceJet,BOM,BLR,2026-01-17,2025-12-08,Economy,Refundable,3630.01,435.6,227.1,4292.71,INR,0,2.19,15kg,True
OBS000109,2026-01-20T00:00:00,goibibo,AirIndia,BOM,BLR,2026-01-25,2026-01-20,Economy,NonRefundable,4047.7,485.72,274.35,4807.77,INR,0,2.85,25kg,True
OBS000110,2025-11-04T00:00:00,goibibo,IndiGo,DEL,HYD,2026-01-13,2025-11-04,PremiumEconomy,Refundable,6793.33,815.2,335.51,7944.04,INR,0,3.1,25kg,False
OBS000111,2025-12-14T00:00:00,cleartrip,AirIndia,DEL,HYD,2026-01-23,2025-12-14,PremiumEconomy,NonRefundable,6312.12,757.45,155.21,7224.78,INR,0,2.64,15kg,True
OBS000112,2025-12-25T00:00:00,airline_site,SpiceJet,DEL,HYD,2026-01-14,2025-12-25,PremiumEconomy,NonRefundable,6664.91,799.79,250.11,7714.81,INR,0,2.3,15kg,True
OBS000113,2025-12-08T00:00:00,cleartrip,Vistara,DEL,HYD,2026-01-17,2025-12-08,Economy,Refundable,7008.04,840.96,376.48,8225.48,INR,0,1.68,15kg,True
OBS000114,2026-01-18T00:00:00,airline_site,AirIndia,DEL,HYD,2026-01-20,2026-01-18,PremiumEconomy,NonRefundable,8197.68,983.72,340.05,9521.45,INR,1,3.45,25kg,True
OBS000115,2025-12-19T00:00:00,cleartrip,Vistara,DEL,HYD,2026-01-28,2025-12-19,Economy,NonRefundable,6309.73,757.17,267.23,7334.13,INR,0,2.22,20kg,True
OBS000116,2025-12-28T00:00:00,airline_site,IndiGo,DEL,HYD,2026-01-02,2025-12-28,PremiumEconomy,NonRefundable,8004.06,960.49,357.92,9322.47,INR,0,2.68,25kg,True
OBS000117,2025-12-22T00:00:00,airline_site,Vistara,DEL,HYD,2026-01-11,2025-12-22,Economy,Refundable,6241.42,748.97,165.47,7155.86,INR,0,2.02,20kg,False
OBS000118,2025-12-28T00:00:00,cleartrip,Vistara,DEL,HYD,2026-01-17,2025-12-28,PremiumEconomy,NonRefundable,6582.62,789.91,302.45,7674.98,INR,1,3.76,25kg,True
OBS000119,2025-12-17T00:00:00,goibibo,Vistara,DEL,HYD,2026-01-26,2025-12-17,PremiumEconomy,Refundable,6420.86,770.5,173.63,7364.99,INR,0,1.47,25kg,True
OBS000120,2026-01-07T00:00:00,goibibo,AirIndia,DEL,HYD,2026-01-12,2026-01-07,Economy,NonRefundable,7244.37,869.32,391.92,8505.61,INR,1,3.32,20kg,True
OBS000121,2025-12-13T00:00:00,airline_site,SpiceJet,DEL,HYD,2026-01-22,2025-12-13,PremiumEconomy,Refundable,6944.88,833.39,321.35,8099.62,INR,0,2.22,15kg,True
OBS000122,2026-01-15T00:00:00,mmt,AirIndia,DEL,HYD,2026-01-25,2026-01-15,Economy,NonRefundable,6130.43,735.65,198.0,7064.08,INR,0,2.88,25kg,True
OBS000123,2026-01-17T00:00:00,mmt,AirIndia,DEL,HYD,2026-01-22,2026-01-17,Economy,Refundable,8006.87,960.82,299.31,9267.0,INR,1,1.34,20kg,True
OBS000124,2025-12-26T00:00:00,goibibo,AirIndia,DEL,HYD,2026-01-15,2025-12-26,Economy,NonRefundable,6028.47,723.42,221.23,6973.12,INR,1,4.18,15kg,True
OBS000125,2026-01-02T00:00:00,goibibo,Akasa,DEL,HYD,2026-01-22,2026-01-02,PremiumEconomy,Refundable,7116.24,853.95,220.44,8190.63,INR,0,3.84,15kg,True
OBS000126,2025-11-23T00:00:00,cleartrip,Akasa,DEL,HYD,2026-01-02,2025-11-23,Economy,Refundable,6480.19,777.62,270.15,7527.96,INR,0,1.48,15kg,True
OBS000127,2025-12-26T00:00:00,mmt,SpiceJet,DEL,HYD,2026-01-15,2025-12-26,PremiumEconomy,Refundable,6874.24,824.91,386.6,8085.75,INR,1,1.38,25kg,True
OBS000128,2025-12-29T00:00:00,cleartrip,AirIndia,DEL,HYD,2026-01-08,2025-12-29,Economy,NonRefundable,7404.39,888.53,398.63,8691.55,INR,0,3.97,25kg,True
OBS000129,2026-01-24T00:00:00,mmt,SpiceJet,DEL,HYD,2026-01-26,2026-01-24,PremiumEconomy,Refundable,8042.98,965.16,357.44,9365.58,INR,0,1.26,15kg,True
OBS000130,2025-12-09T00:00:00,goibibo,IndiGo,DEL,HYD,2026-01-18,2025-12-09,PremiumEconomy,Refundable,6864.18,823.7,302.22,7990.1,INR,0,1.6,15kg,False
OBS000131,2025-11-12T00:00:00,goibibo,Akasa,DEL,HYD,2026-01-21,2025-11-12,Economy,Refundable,6401.99,768.24,359.17,7529.4,INR,0,2.16,15kg,True
OBS000132,2026-01-09T00:00:00,airline_site,Akasa,BLR,HYD,2026-01-19,2026-01-09,PremiumEconomy,Refundable,4805.03,576.6,196.83,5578.46,INR,0,2.49,20kg,True
OBS000133,2026-01-11T00:00:00,airline_site,Vistara,BLR,HYD,2026-01-21,2026-01-11,Economy,Refundable,5201.5,624.18,154.06,5979.74,INR,0,1.64,20kg,True
OBS000134,2025-12-18T00:00:00,goibibo,SpiceJet,BLR,HYD,2026-01-27,2025-12-18,Economy,Refundable,4592.35,551.08,193.77,5337.2,INR,0,3.56,20kg,True
OBS000135,2026-01-08T00:00:00,cleartrip,Akasa,BLR,HYD,2026-01-10,2026-01-08,PremiumEconomy,NonRefundable,5739.01,688.68,160.48,6588.17,INR,0,1.32,25kg,True
OBS000136,2026-01-05T00:00:00,airline_site,Vistara,BLR,HYD,2026-01-10,2026-01-05,PremiumEconomy,Refundable,5326.66,639.2,365.53,6331.39,INR,0,2.64,20kg,False
OBS000137,2026-01-08T00:00:00,cleartrip,IndiGo,BLR,HYD,2026-01-13,2026-01-08,PremiumEconomy,Refundable,5735.68,688.28,274.38,6698.34,INR,1,3.19,15kg,True
OBS000138,2026-01-10T00:00:00,cleartrip,Vistara,BLR,HYD,2026-01-11,2026-01-10,PremiumEconomy,NonRefundable,5442.96,653.16,170.02,6266.14,INR,0,3.48,20kg,False
OBS000139,2025-11-23T00:00:00,cleartrip,IndiGo,BLR,HYD,2026-01-02,2025-11-23,Economy,NonRefundable,4862.28,583.47,399.54,5845.29,INR,0,2.89,25kg,True
OBS000140,2025-12-30T00:00:00,goibibo,IndiGo,BLR,HYD,2026-01-01,2025-12-30,Economy,Refundable,5161.91,619.43,362.17,6143.51,INR,0,3.77,20kg,True
OBS000141,2025-12-24T00:00:00,cleartrip,Vistara,BLR,HYD,2026-01-13,2025-12-24,PremiumEconomy,Refundable,4835.2,580.22,262.48,5677.9,INR,0,2.95,20kg,True
OBS000142,2026-01-16T00:00:00,airline_site,IndiGo,BLR,HYD,2026-01-21,2026-01-16,Economy,NonRefundable,5299.5,635.94,212.4,6147.84,INR,1,4.21,15kg,True
OBS000143,2026-01-20T00:00:00,goibibo,AirIndia,BLR,HYD,2026-01-25,2026-01-20,Economy,Refundable,5167.37,620.08,302.97,6090.42,INR,0,2.69,25kg,False
OBS000144,2025-10-25T00:00:00,cleartrip,Vistara,BLR,HYD,2026-01-03,2025-10-25,Economy,NonRefundable,4379.44,525.53,320.48,5225.45,INR,0,4.01,25kg,True
OBS000145,2026-01-21T00:00:00,mmt,AirIndia,BLR,HYD,2026-01-26,2026-01-21,PremiumEconomy,Refundable,5037.16,604.46,200.25,5841.87,INR,0,3.03,20kg,False
OBS000146,2026-01-06T00:00:00,airline_site,IndiGo,BLR,HYD,2026-01-26,2026-01-06,PremiumEconomy,NonRefundable,4615.65,553.88,182.44,5351.97,INR,1,2.93,20kg,True
OBS000147,2025-12-31T00:00:00,cleartrip,AirIndia,BLR,HYD,2026-01-05,2025-12-31,Economy,Refundable,4962.98,595.56,320.03,5878.57,INR,1,2.86,15kg,True
OBS000148,2026-01-15T00:00:00,mmt,Vistara,BLR,HYD,2026-01-17,2026-01-15,Economy,NonRefundable,5086.33,610.36,226.03,5922.72,INR,0,3.99,20kg,True
OBS000149,2026-01-01T00:00:00,airline_site,Akasa,BLR,HYD,2026-01-21,2026-01-01,Economy,Refundable,4546.68,545.6,303.61,5395.89,INR,0,3.37,25kg,True
OBS000150,2026-01-07T00:00:00,airline_site,IndiGo,BLR,HYD,2026-01-27,2026-01-07,Economy,NonRefundable,5138.24,616.59,160.3,5915.13,INR,0,3.73,20kg,True
OBS000151,2025-12-07T00:00:00,mmt,SpiceJet,BLR,HYD,2026-01-16,2025-12-07,PremiumEconomy,NonRefundable,4117.22,494.07,225.52,4836.81,INR,0,3.47,15kg,False
OBS000152,2026-01-04T00:00:00,cleartrip,Akasa,BLR,HYD,2026-01-14,2026-01-04,Economy,NonRefundable,4744.75,569.37,266.11,5580.23,INR,0,3.62,20kg,False
OBS000153,2025-10-27T00:00:00,goibibo,IndiGo,BLR,HYD,2026-01-05,2025-10-27,PremiumEconomy,NonRefundable,4299.46,515.94,229.78,5045.18,INR,0,1.66,15kg,True
OBS000154,2025-11-04T00:00:00,mmt,AirIndia,BLR,HYD,2026-01-13,2025-11-04,PremiumEconomy,NonRefundable,4971.37,596.56,303.84,5871.77,INR,0,3.72,20kg,False
OBS000155,2026-01-11T00:00:00,goibibo,AirIndia,BLR,HYD,2026-01-16,2026-01-11,Economy,NonRefundable,5068.06,608.17,248.31,5924.54,INR,0,1.37,20kg,False
OBS000156,2025-12-21T00:00:00,airline_site,SpiceJet,BLR,HYD,2026-01-10,2025-12-21,Economy,NonRefundable,4628.66,555.44,152.04,5336.14,INR,0,3.72,20kg,True
OBS000157,2026-01-12T00:00:00,airline_site,SpiceJet,BLR,HYD,2026-01-13,2026-01-12,PremiumEconomy,NonRefundable,5264.99,631.8,288.31,6185.1,INR,0,1.62,15kg,False
OBS000158,2025-11-03T00:00:00,cleartrip,AirIndia,BLR,HYD,2026-01-12,2025-11-03,Economy,NonRefundable,4521.93,542.63,396.7,5461.26,INR,0,1.35,15kg,True
OBS000159,2026-01-07T00:00:00,cleartrip,AirIndia,MAA,DEL,2026-01-17,2026-01-07,PremiumEconomy,NonRefundable,5252.18,630.26,184.95,6067.39,INR,0,2.87,25kg,False
OBS000160,2026-01-03T00:00:00,airline_site,Vistara,MAA,DEL,2026-01-23,2026-01-03,PremiumEconomy,Refundable,5116.34,613.96,224.95,5955.25,INR,1,3.13,25kg,True
OBS000161,2026-01-10T00:00:00,mmt,IndiGo,MAA,DEL,2026-01-20,2026-01-10,PremiumEconomy,Refundable,4718.86,566.26,393.01,5678.13,INR,1,1.69,25kg,True
OBS000162,2025-12-13T00:00:00,airline_site,AirIndia,MAA,DEL,2026-01-02,2025-12-13,Economy,NonRefundable,5026.48,603.18,387.05,6016.71,INR,0,2.58,20kg,True
OBS000163,2025-12-25T00:00:00,airline_site,AirIndia,MAA,DEL,2026-01-14,2025-12-25,Economy,NonRefundable,4629.68,555.56,368.2,5553.44,INR,1,2.93,20kg,True
OBS000164,2025-12-26T00:00:00,cleartrip,Vistara,MAA,DEL,2026-01-15,2025-12-26,PremiumEconomy,Refundable,3702.26,444.27,235.58,4382.11,INR,0,2.12,20kg,True
OBS000165,2025-11-01T00:00:00,cleartrip,SpiceJet,MAA,DEL,2026-01-10,2025-11-01,PremiumEconomy,NonRefundable,4443.43,533.21,326.25,5302.89,INR,0,1.6,25kg,False
OBS000166,2025-11-04T00:00:00,mmt,Vistara,MAA,DEL,2026-01-13,2025-11-04,Economy,NonRefundable,4741.2,568.94,236.28,5546.42,INR,0,2.34,20kg,True
OBS000167,2026-01-14T00:00:00,cleartrip,AirIndia,MAA,DEL,2026-01-24,2026-01-14,Economy,Refundable,4933.91,592.07,217.78,5743.76,INR,0,1.37,25kg,True
OBS000168,2026-01-19T00:00:00,goibibo,Vistara,MAA,DEL,2026-01-21,2026-01-19,PremiumEconomy,Refundable,6090.73,730.89,163.12,6984.74,INR,0,1.22,25kg,True
OBS000169,2025-12-05T00:00:00,mmt,Vistara,MAA,DEL,2026-01-14,2025-12-05,PremiumEconomy,NonRefundable,5181.74,621.81,269.36,6072.91,INR,0,4.2,15kg,True
OBS000170,2025-12-09T00:00:00,airline_site,AirIndia,MAA,DEL,2026-01-18,2025-12-09,PremiumEconomy,Refundable,4209.44,505.13,330.78,5045.35,INR,0,4.49,20kg,False
OBS000171,2025-11-27T00:00:00,airline_site,Vistara,MAA,DEL,2026-01-06,2025-11-27,Economy,NonRefundable,5301.98,636.24,369.19,6307.41,INR,0,2.7,25kg,False
OBS000172,2025-10-27T00:00:00,cleartrip,AirIndia,MAA,DEL,2026-01-05,2025-10-27,Economy,NonRefundable,4309.22,517.11,276.05,5102.38,INR,0,3.61,25kg,True
OBS000173,2026-01-21T00:00:00,mmt,AirIndia,MAA,DEL,2026-01-23,2026-01-21,PremiumEconomy,NonRefundable,5697.5,683.7,223.76,6604.96,INR,0,1.49,25kg,True
OBS000174,2026-01-04T00:00:00,mmt,IndiGo,MAA,DEL,2026-01-06,2026-01-04,PremiumEconomy,NonRefundable,5347.61,641.71,269.36,6258.68,INR,0,2.67,20kg,True
OBS000175,2025-12-21T00:00:00,mmt,IndiGo,MAA,DEL,2026-01-10,2025-12-21,Economy,NonRefundable,4493.74,539.25,313.42,5346.41,INR,0,1.73,25kg,True
OBS000176,2026-01-22T00:00:00,cleartrip,Vistara,MAA,DEL,2026-01-23,2026-01-22,Economy,Refundable,5316.74,638.01,309.68,6264.43,INR,0,2.78,20kg,True
OBS000177,2025-12-05T00:00:00,mmt,AirIndia,MAA,DEL,2026-01-14,2025-12-05,Economy,NonRefundable,4115.86,493.9,284.38,4894.14,INR,0,1.46,25kg,True
OBS000178,2025-10-24T00:00:00,mmt,Akasa,MAA,DEL,2026-01-02,2025-10-24,Economy,Refundable,4379.27,525.51,286.91,5191.69,INR,0,4.02,20kg,True
OBS000179,2026-01-20T00:00:00,goibibo,IndiGo,MAA,DEL,2026-01-22,2026-01-20,PremiumEconomy,Refundable,5211.91,625.43,374.72,6212.06,INR,1,2.71,15kg,False
OBS000180,2025-11-13T00:00:00,airline_site,SpiceJet,MAA,DEL,2026-01-22,2025-11-13,PremiumEconomy,Refundable,4094.65,491.36,227.04,4813.05,INR,0,3.11,15kg,False
OBS000181,2025-12-03T00:00:00,airline_site,SpiceJet,MAA,DEL,2026-01-12,2025-12-03,Economy,NonRefundable,5566.24,667.95,383.65,6617.84,INR,1,1.79,15kg,False
OBS000182,2026-01-02T00:00:00,goibibo,SpiceJet,MAA,DEL,2026-01-12,2026-01-02,Economy,Refundable,5250.5,630.06,262.13,6142.69,INR,0,1.59,25kg,False
OBS000183,2026-01-15T00:00:00,airline_site,Vistara,MAA,DEL,2026-01-17,2026-01-15,PremiumEconomy,NonRefundable,5271.7,632.6,150.87,6055.17,INR,1,3.92,15kg,False
OBS000184,2026-01-10T00:00:00,airline_site,IndiGo,MAA,DEL,2026-01-12,2026-01-10,PremiumEconomy,Refundable,5014.73,601.77,218.91,5835.41,INR,0,1.88,15kg,True
OBS000185,2025-12-26T00:00:00,airline_site,SpiceJet,MAA,DEL,2026-01-15,2025-12-26,PremiumEconomy,Refundable,4159.13,499.1,211.18,4869.41,INR,0,3.69,15kg,True
OBS000186,2026-01-12T00:00:00,cleartrip,Akasa,MAA,DEL,2026-01-17,2026-01-12,PremiumEconomy,Refundable,4379.08,525.49,208.54,5113.11,INR,0,4.09,25kg,True
OBS000187,2026-01-09T00:00:00,mmt,SpiceJet,MAA,DEL,2026-01-14,2026-01-09,PremiumEconomy,Refundable,5028.82,603.46,297.92,5930.2,INR,0,4.31,25kg,False
OBS000188,2026-01-06T00:00:00,goibibo,SpiceJet,MAA,DEL,2026-01-26,2026-01-06,Economy,NonRefundable,4956.79,594.81,229.68,5781.28,INR,1,1.81,25kg,False
OBS000189,2025-10-30T00:00:00,goibibo,IndiGo,MAA,DEL,2026-01-08,2025-10-30,PremiumEconomy,NonRefundable,4612.73,553.53,186.09,5352.35,INR,0,2.48,20kg,True
OBS000190,2025-12-02T00:00:00,goibibo,Vistara,MAA,DEL,2026-01-11,2025-12-02,Economy,Refundable,5205.66,624.68,169.77,6000.11,INR,0,2.09,25kg,True
OBS000191,2026-01-27T00:00:00,mmt,SpiceJet,MAA,DEL,2026-01-28,2026-01-27,Economy,NonRefundable,5657.29,678.87,331.08,6667.24,INR,0,4.36,15kg,True
OBS000192,2025-11-28T00:00:00,goibibo,AirIndia,MAA,DEL,2026-01-07,2025-11-28,Economy,NonRefundable,5067.64,608.12,179.33,5855.09,INR,0,3.02,20kg,False
OBS000193,2025-12-26T00:00:00,goibibo,SpiceJet,MAA,DEL,2026-01-15,2025-12-26,Economy,NonRefundable,4319.15,518.3,239.91,5077.36,INR,0,4.22,20kg,True
OBS000194,2025-12-13T00:00:00,mmt,IndiGo,DEL,MAA,2026-01-02,2025-12-13,PremiumEconomy,NonRefundable,4170.09,500.41,366.02,5036.52,INR,0,1.7,20kg,True
OBS000195,2025-12-24T00:00:00,cleartrip,Vistara,DEL,MAA,2026-01-13,2025-12-24,PremiumEconomy,NonRefundable,4621.74,554.61,313.65,5490.0,INR,1,1.76,20kg,True
OBS000196,2025-11-26T00:00:00,mmt,Akasa,DEL,MAA,2026-01-05,2025-11-26,Economy,Refundable,4054.34,486.52,286.64,4827.5,INR,0,4.32,25kg,True
OBS000197,2026-01-24T00:00:00,mmt,IndiGo,DEL,MAA,2026-01-25,2026-01-24,Economy,NonRefundable,4583.2,549.98,207.86,5341.04,INR,0,1.4,25kg,False
OBS000198,2026-01-12T00:00:00,goibibo,IndiGo,DEL,MAA,2026-01-22,2026-01-12,Economy,NonRefundable,5055.31,606.64,153.93,5815.88,INR,0,1.26,25kg,False
OBS000199,2026-01-24T00:00:00,mmt,Akasa,DEL,MAA,2026-01-26,2026-01-24,PremiumEconomy,NonRefundable,5355.23,642.63,187.22,6185.08,INR,0,3.82,15kg,True
OBS000200,2026-01-03T00:00:00,mmt,Vistara,DEL,MAA,2026-01-13,2026-01-03,Economy,Refundable,4783.77,574.05,291.25,5649.07,INR,0,2.54,20kg,False
OBS000201,2025-11-23T00:00:00,goibibo,Vistara,DEL,MAA,2026-01-02,2025-11-23,Economy,Refundable,4630.15,555.62,274.96,5460.73,INR,0,1.9,25kg,False
OBS000202,2026-01-08T00:00:00,cleartrip,Akasa,DEL,MAA,2026-01-09,2026-01-08,Economy,Refundable,5290.08,634.81,381.04,6305.93,INR,0,1.25,15kg,True
OBS000203,2025-11-16T00:00:00,mmt,Akasa,DEL,MAA,2026-01-25,2025-11-16,Economy,NonRefundable,4331.37,519.76,169.23,5020.36,INR,0,2.47,25kg,True
OBS000204,2025-12-17T00:00:00,cleartrip,IndiGo,DEL,MAA,2026-01-26,2025-12-17,Economy,NonRefundable,4067.79,488.14,331.04,4886.97,INR,0,3.97,20kg,False
OBS000205,2026-01-20T00:00:00,goibibo,AirIndia,DEL,MAA,2026-01-25,2026-01-20,PremiumEconomy,NonRefundable,5324.63,638.96,398.15,6361.74,INR,1,1.81,25kg,False
OBS000206,2025-10-25T00:00:00,mmt,IndiGo,DEL,MAA,2026-01-03,2025-10-25,Economy,NonRefundable,4466.22,535.95,304.65,5306.82,INR,0,2.45,25kg,True
OBS000207,2026-01-14T00:00:00,cleartrip,SpiceJet,DEL,MAA,2026-01-24,2026-01-14,PremiumEconomy,NonRefundable,4606.56,552.79,151.3,5310.65,INR,0,1.64,15kg,False
OBS000208,2025-12-26T00:00:00,goibibo,IndiGo,DEL,MAA,2026-01-15,2025-12-26,Economy,Refundable,4567.13,548.06,288.69,5403.88,INR,0,3.03,25kg,True
OBS000209,2026-01-18T00:00:00,mmt,Akasa,DEL,MAA,2026-01-28,2026-01-18,Economy,NonRefundable,5064.54,607.75,344.79,6017.08,INR,0,1.66,20kg,True
OBS000210,2026-01-14T00:00:00,goibibo,Vistara,DEL,MAA,2026-01-16,2026-01-14,PremiumEconomy,NonRefundable,5241.88,629.03,165.82,6036.73,INR,1,3.78,20kg,True
OBS000211,2025-11-29T00:00:00,airline_site,AirIndia,DEL,MAA,2026-01-08,2025-11-29,PremiumEconomy,Refundable,4078.9,489.47,198.89,4767.26,INR,1,2.3,25kg,False
OBS000212,2025-11-17T00:00:00,cleartrip,SpiceJet,DEL,MAA,2026-01-26,2025-11-17,Economy,NonRefundable,4078.76,489.45,232.39,4800.6,INR,0,3.19,25kg,True
OBS000213,2026-01-11T00:00:00,goibibo,Akasa,DEL,MAA,2026-01-16,2026-01-11,Economy,NonRefundable,5187.29,622.47,229.78,6039.54,INR,1,2.12,20kg,True
OBS000214,2025-12-15T00:00:00,mmt,Akasa,DEL,MAA,2026-01-04,2025-12-15,Economy,NonRefundable,4733.74,568.05,199.95,5501.74,INR,0,2.65,20kg,True
OBS000215,2025-11-18T00:00:00,cleartrip,AirIndia,DEL,MAA,2026-01-27,2025-11-18,PremiumEconomy,Refundable,4516.5,541.98,274.83,5333.31,INR,1,3.8,15kg,False
OBS000216,2026-01-10T00:00:00,goibibo,Akasa,DEL,MAA,2026-01-20,2026-01-10,Economy,NonRefundable,4310.55,517.27,295.56,5123.38,INR,0,1.56,15kg,True
OBS000217,2025-11-27T00:00:00,goibibo,Vistara,DEL,MAA,2026-01-06,2025-11-27,PremiumEconomy,Refundable,4068.72,488.25,311.26,4868.23,INR,0,1.53,15kg,True
OBS000218,2026-01-10T00:00:00,mmt,Vistara,DEL,MAA,2026-01-15,2026-01-10,Economy,NonRefundable,4674.43,560.93,247.78,5483.14,INR,0,2.17,15kg,True
OBS000219,2025-12-18T00:00:00,mmt,Akasa,DEL,MAA,2026-01-27,2025-12-18,PremiumEconomy,NonRefundable,4606.13,552.74,263.83,5422.7,INR,1,1.52,25kg,False
OBS000220,2026-01-10T00:00:00,airline_site,IndiGo,DEL,MAA,2026-01-11,2026-01-10,PremiumEconomy,Refundable,5558.29,667.0,225.07,6450.36,INR,0,4.27,25kg,True
OBS000221,2026-01-15T00:00:00,goibibo,AirIndia,DEL,MAA,2026-01-17,2026-01-15,PremiumEconomy,Refundable,4854.62,582.55,256.59,5693.76,INR,0,3.31,20kg,False
OBS000222,2025-11-22T00:00:00,mmt,SpiceJet,DEL,MAA,2026-01-01,2025-11-22,PremiumEconomy,NonRefundable,4312.55,517.51,303.53,5133.59,INR,0,3.53,15kg,True
OBS000223,2025-12-16T00:00:00,mmt,Vistara,DEL,MAA,2026-01-25,2025-12-16,PremiumEconomy,Refundable,4459.78,535.17,175.44,5170.39,INR,1,1.58,25kg,False
OBS000224,2025-12-08T00:00:00,goibibo,Akasa,DEL,MAA,2026-01-17,2025-12-08,PremiumEconomy,Refundable,4295.61,515.47,228.35,5039.43,INR,0,2.36,20kg,True
OBS000225,2025-12-18T00:00:00,airline_site,AirIndia,DEL,MAA,2026-01-27,2025-12-18,PremiumEconomy,Refundable,4332.99,519.96,303.62,5156.57,INR,0,2.21,15kg,True
OBS000226,2026-01-21T00:00:00,goibibo,Akasa,DEL,MAA,2026-01-23,2026-01-21,Economy,NonRefundable,4871.69,584.6,277.71,5734.0,INR,1,1.81,25kg,True
OBS000227,2025-12-27T00:00:00,airline_site,Vistara,BOM,DEL,2026-01-06,2025-12-27,Economy,NonRefundable,4261.58,511.39,360.5,5133.47,INR,0,1.84,20kg,False
OBS000228,2025-12-05T00:00:00,goibibo,SpiceJet,BOM,DEL,2026-01-14,2025-12-05,Economy,Refundable,4274.42,512.93,272.93,5060.28,INR,0,3.83,15kg,True
OBS000229,2025-12-28T00:00:00,goibibo,Akasa,BOM,DEL,2026-01-02,2025-12-28,Economy,Refundable,4668.61,560.23,345.19,5574.03,INR,0,3.76,20kg,True
OBS000230,2025-12-16T00:00:00,mmt,SpiceJet,BOM,DEL,2026-01-25,2025-12-16,Economy,Refundable,4336.46,520.37,260.34,5117.17,INR,0,4.09,15kg,False
OBS000231,2026-01-04T00:00:00,airline_site,AirIndia,BOM,DEL,2026-01-09,2026-01-04,Economy,NonRefundable,4722.77,566.73,366.32,5655.82,INR,1,1.75,15kg,True
OBS000232,2026-01-25T00:00:00,cleartrip,Akasa,BOM,DEL,2026-01-27,2026-01-25,PremiumEconomy,Refundable,4678.91,561.47,351.36,5591.74,INR,0,4.43,20kg,True
OBS000233,2026-01-14T00:00:00,airline_site,AirIndia,BOM,DEL,2026-01-19,2026-01-14,PremiumEconomy,Refundable,5045.17,605.42,375.04,6025.63,INR,0,4.06,15kg,True
OBS000234,2026-01-06T00:00:00,mmt,SpiceJet,BOM,DEL,2026-01-08,2026-01-06,PremiumEconomy,Refundable,4667.67,560.12,327.85,5555.64,INR,0,3.27,20kg,False
OBS000235,2025-11-24T00:00:00,cleartrip,Vistara,BOM,DEL,2026-01-03,2025-11-24,PremiumEconomy,NonRefundable,4225.17,507.02,250.71,4982.9,INR,0,3.12,25kg,True
OBS000236,2026-01-14T00:00:00,cleartrip,IndiGo,BOM,DEL,2026-01-24,2026-01-14,PremiumEconomy,Refundable,3747.42,449.69,308.71,4505.82,INR,1,3.92,20kg,True
OBS000237,2025-11-02T00:00:00,goibibo,Vistara,BOM,DEL,2026-01-11,2025-11-02,Economy,Refundable,3985.09,478.21,182.65,4645.95,INR,0,3.27,20kg,True
OBS000238,2025-10-26T00:00:00,goibibo,IndiGo,BOM,DEL,2026-01-04,2025-10-26,PremiumEconomy,Refundable,4471.93,536.63,189.5,5198.06,INR,0,4.11,20kg,True
OBS000239,2026-01-23T00:00:00,mmt,IndiGo,BOM,DEL,2026-01-28,2026-01-23,PremiumEconomy,NonRefundable,4911.68,589.4,170.61,5671.69,INR,0,2.62,15kg,True
OBS000240,2025-12-30T00:00:00,mmt,Akasa,BOM,DEL,2026-01-01,2025-12-30,Economy,NonRefundable,5004.87,600.58,269.2,5874.65,INR,0,1.23,20kg,True
OBS000241,2026-01-18T00:00:00,airline_site,IndiGo,BOM,DEL,2026-01-28,2026-01-18,Economy,NonRefundable,4179.73,501.57,207.24,4888.54,INR,0,4.11,15kg,False
OBS000242,2025-11-16T00:00:00,mmt,AirIndia,BOM,DEL,2026-01-25,2025-11-16,Economy,Refundable,3722.52,446.7,338.29,4507.51,INR,0,2.65,25kg,True
OBS000243,2025-12-12T00:00:00,mmt,IndiGo,BOM,DEL,2026-01-21,2025-12-12,Economy,Refundable,4265.84,511.9,321.64,5099.38,INR,0,3.15,20kg,True
OBS000244,2026-01-09T00:00:00,mmt,Vistara,BOM,DEL,2026-01-14,2026-01-09,Economy,Refundable,4930.55,591.67,347.77,5869.99,INR,0,3.77,25kg,True
OBS000245,2025-11-19T00:00:00,mmt,SpiceJet,BOM,DEL,2026-01-28,2025-11-19,PremiumEconomy,Refundable,3920.8,470.5,279.44,4670.74,INR,0,2.83,15kg,True
OBS000246,2025-12-07T00:00:00,airline_site,Vistara,BOM,DEL,2026-01-16,2025-12-07,PremiumEconomy,Refundable,3839.48,460.74,298.48,4598.7,INR,1,4.04,25kg,False
OBS000247,2025-12-23T00:00:00,airline_site,IndiGo,BOM,DEL,2026-01-12,2025-12-23,Economy,Refundable,3845.07,461.41,388.61,4695.09,INR,0,1.91,15kg,False
OBS000248,2026-01-12T00:00:00,goibibo,SpiceJet,BOM,DEL,2026-01-17,2026-01-12,PremiumEconomy,Refundable,4048.43,485.81,307.14,4841.38,INR,0,2.12,20kg,True
OBS000249,2026-01-15T00:00:00,airline_site,Vistara,BOM,DEL,2026-01-17,2026-01-15,PremiumEconomy,Refundable,5024.21,602.91,231.69,5858.81,INR,0,2.01,20kg,True
OBS000250,2025-12-26T00:00:00,cleartrip,AirIndia,BOM,DEL,2026-01-15,2025-12-26,Economy,Refundable,4040.59,484.87,302.21,4827.67,INR,0,3.51,15kg,False
OBS000251,2025-12-23T00:00:00,cleartrip,AirIndia,BOM,DEL,2026-01-12,2025-12-23,PremiumEconomy,Refundable,3468.95,416.27,214.81,4100.03,INR,0,2.31,20kg,True
OBS000252,2026-01-16T00:00:00,airline_site,SpiceJet,BOM,DEL,2026-01-17,2026-01-16,PremiumEconomy,NonRefundable,4786.68,574.4,215.74,5576.82,INR,0,2.85,25kg,True
OBS000253,2026-01-10T00:00:00,airline_site,AirIndia,BOM,DEL,2026-01-12,2026-01-10,Economy,Refundable,4798.02,575.76,293.48,5667.26,INR,0,2.01,20kg,True
OBS000254,2026-01-11T00:00:00,airline_site,Akasa,BOM,DEL,2026-01-13,2026-01-11,PremiumEconomy,Refundable,4982.79,597.93,194.74,5775.46,INR,0,2.02,25kg,True
OBS000255,2025-10-31T00:00:00,airline_site,AirIndia,BOM,DEL,2026-01-09,2025-10-31,Economy,Refundable,4348.66,521.84,275.51,5146.01,INR,1,1.43,20kg,True
OBS000256,2025-11-16T00:00:00,airline_site,Akasa,BOM,DEL,2026-01-25,2025-11-16,PremiumEconomy,Refundable,4218.88,506.27,227.67,4952.82,INR,0,1.86,25kg,True
OBS000257,2026-01-04T00:00:00,mmt,Akasa,BOM,DEL,2026-01-24,2026-01-04,Economy,Refundable,4085.54,490.26,392.96,4968.76,INR,0,4.28,15kg,True
OBS000258,2026-01-13T00:00:00,airline_site,Vistara,BOM,DEL,2026-01-18,2026-01-13,Economy,NonRefundable,4974.48,596.94,308.99,5880.41,INR,0,1.54,25kg,True
OBS000259,2026-01-04T00:00:00,cleartrip,IndiGo,BOM,DEL,2026-01-14,2026-01-04,Economy,Refundable,5213.64,625.64,185.59,6024.87,INR,1,3.51,20kg,False
OBS000260,2026-01-23T00:00:00,mmt,SpiceJet,BOM,DEL,2026-01-24,2026-01-23,Economy,Refundable,4612.83,553.54,295.19,5461.56,INR,1,3.39,15kg,True
OBS000261,2026-01-05T00:00:00,cleartrip,Vistara,BOM,DEL,2026-01-10,2026-01-05,PremiumEconomy,NonRefundable,5120.36,614.44,248.24,5983.04,INR,0,1.45,15kg,True
OBS000262,2025-11-16T00:00:00,mmt,IndiGo,BOM,DEL,2026-01-25,2025-11-16,Economy,NonRefundable,3472.2,416.66,296.18,4185.04,INR,1,2.24,15kg,True
OBS000263,2026-01-23T00:00:00,airline_site,AirIndia,BOM,DEL,2026-01-25,2026-01-23,PremiumEconomy,Refundable,4394.43,527.33,363.12,5284.88,INR,0,3.96,20kg,True
OBS000264,2026-01-21T00:00:00,goibibo,Akasa,CCU,DEL,2026-01-23,2026-01-21,Economy,NonRefundable,7893.08,947.17,392.1,9232.35,INR,0,3.91,15kg,True
OBS000265,2025-11-04T00:00:00,goibibo,IndiGo,CCU,DEL,2026-01-13,2025-11-04,Economy,Refundable,5689.16,682.7,212.46,6584.32,INR,0,1.4,15kg,True
OBS000266,2025-10-29T00:00:00,airline_site,Akasa,CCU,DEL,2026-01-07,2025-10-29,PremiumEconomy,Refundable,6772.07,812.65,250.15,7834.87,INR,0,4.49,15kg,False
OBS000267,2026-01-24T00:00:00,airline_site,IndiGo,CCU,DEL,2026-01-26,2026-01-24,PremiumEconomy,Refundable,8687.69,1042.52,352.22,10082.43,INR,0,4.25,20kg,False
OBS000268,2026-01-15T00:00:00,goibibo,AirIndia,CCU,DEL,2026-01-16,2026-01-15,PremiumEconomy,Refundable,8446.32,1013.56,245.68,9705.56,INR,0,2.11,20kg,True
OBS000269,2025-12-13T00:00:00,goibibo,Akasa,CCU,DEL,2026-01-02,2025-12-13,PremiumEconomy,Refundable,6229.2,747.5,223.78,7200.48,INR,0,2.12,15kg,False
OBS000270,2025-11-28T00:00:00,mmt,Akasa,CCU,DEL,2026-01-07,2025-11-28,Economy,NonRefundable,6249.46,749.93,371.16,7370.55,INR,0,2.78,20kg,True
OBS000271,2025-12-30T00:00:00,mmt,IndiGo,CCU,DEL,2026-01-19,2025-12-30,PremiumEconomy,Refundable,6335.98,760.32,156.52,7252.82,INR,1,2.95,25kg,True
OBS000272,2026-01-05T00:00:00,mmt,Vistara,CCU,DEL,2026-01-06,2026-01-05,Economy,Refundable,8232.07,987.85,211.96,9431.88,INR,1,2.37,15kg,True
OBS000273,2025-12-19T00:00:00,airline_site,Vistara,CCU,DEL,2026-01-08,2025-12-19,Economy,Refundable,6162.39,739.49,239.7,7141.58,INR,1,2.99,15kg,False
OBS000274,2026-01-01T00:00:00,mmt,IndiGo,CCU,DEL,2026-01-02,2026-01-01,PremiumEconomy,Refundable,8714.65,1045.76,164.04,9924.45,INR,0,4.23,15kg,True
OBS000275,2025-12-02T00:00:00,airline_site,IndiGo,CCU,DEL,2026-01-11,2025-12-02,Economy,Refundable,6929.22,831.51,367.05,8127.78,INR,0,3.99,20kg,True
OBS000276,2025-12-03T00:00:00,goibibo,Akasa,CCU,DEL,2026-01-12,2025-12-03,Economy,NonRefundable,7358.94,883.07,385.48,8627.49,INR,0,2.26,15kg,False
OBS000277,2025-12-17T00:00:00,cleartrip,AirIndia,CCU,DEL,2026-01-26,2025-12-17,Economy,NonRefundable,7247.57,869.71,193.55,8310.83,INR,0,3.62,20kg,True
OBS000278,2025-11-27T00:00:00,goibibo,Akasa,CCU,DEL,2026-01-06,2025-11-27,Economy,Refundable,6331.41,759.77,150.45,7241.63,INR,0,4.24,25kg,True
OBS000279,2026-01-01T00:00:00,airline_site,AirIndia,CCU,DEL,2026-01-21,2026-01-01,PremiumEconomy,NonRefundable,7000.38,840.05,232.79,8073.22,INR,0,3.3,15kg,True
OBS000280,2026-01-14T00:00:00,mmt,IndiGo,CCU,DEL,2026-01-15,2026-01-14,PremiumEconomy,NonRefundable,8230.45,987.65,216.3,9434.4,INR,0,3.58,15kg,False
OBS000281,2025-12-06T00:00:00,goibibo,Vistara,CCU,DEL,2026-01-15,2025-12-06,PremiumEconomy,Refundable,6240.79,748.89,253.5,7243.18,INR,1,3.8,25kg,True
OBS000282,2025-12-27T00:00:00,airline_site,Vistara,CCU,DEL,2026-01-06,2025-12-27,Economy,NonRefundable,7068.17,848.18,168.43,8084.78,INR,0,4.34,15kg,True
OBS000283,2025-12-27T00:00:00,airline_site,Vistara,CCU,DEL,2026-01-06,2025-12-27,PremiumEconomy,Refundable,7022.82,842.74,385.46,8251.02,INR,1,4.31,15kg,False
OBS000284,2026-01-05T00:00:00,mmt,AirIndia,CCU,DEL,2026-01-06,2026-01-05,PremiumEconomy,NonRefundable,7995.05,959.41,175.31,9129.77,INR,0,2.18,15kg,True
OBS000285,2025-12-24T00:00:00,airline_site,SpiceJet,CCU,DEL,2026-01-13,2025-12-24,Economy,NonRefundable,5939.49,712.74,163.63,6815.86,INR,1,1.86,15kg,True
OBS000286,2026-01-16T00:00:00,goibibo,IndiGo,BLR,BOM,2026-01-21,2026-01-16,PremiumEconomy,NonRefundable,4321.11,518.53,394.26,5233.9,INR,1,2.81,25kg,True
OBS000287,2025-11-24T00:00:00,cleartrip,AirIndia,BLR,BOM,2026-01-03,2025-11-24,PremiumEconomy,Refundable,3726.19,447.14,371.37,4544.7,INR,0,2.65,20kg,True
OBS000288,2026-01-22T00:00:00,mmt,IndiGo,BLR,BOM,2026-01-27,2026-01-22,Economy,NonRefundable,4385.79,526.29,291.06,5203.14,INR,1,4.4,25kg,True
OBS000289,2026-01-17T00:00:00,goibibo,Akasa,BLR,BOM,2026-01-18,2026-01-17,Economy,NonRefundable,5056.94,606.83,254.66,5918.43,INR,0,1.46,25kg,True
OBS000290,2025-12-28T00:00:00,mmt,IndiGo,BLR,BOM,2026-01-17,2025-12-28,PremiumEconomy,Refundable,3431.6,411.79,375.11,4218.5,INR,0,4.41,15kg,True
OBS000291,2025-12-23T00:00:00,mmt,Akasa,BLR,BOM,2026-01-02,2025-12-23,PremiumEconomy,NonRefundable,4598.12,551.77,200.48,5350.37,INR,0,1.49,25kg,False
OBS000292,2026-01-13T00:00:00,goibibo,IndiGo,BLR,BOM,2026-01-18,2026-01-13,PremiumEconomy,Refundable,4703.11,564.37,364.16,5631.64,INR,1,1.69,25kg,True
OBS000293,2025-12-15T00:00:00,cleartrip,SpiceJet,BLR,BOM,2026-01-04,2025-12-15,PremiumEconomy,NonRefundable,4020.57,482.47,366.87,4869.91,INR,1,3.09,20kg,True
OBS000294,2026-01-01T00:00:00,goibibo,IndiGo,BLR,BOM,2026-01-06,2026-01-01,PremiumEconomy,NonRefundable,3834.17,460.1,250.74,4545.01,INR,0,1.36,20kg,True
OBS000295,2026-01-11T00:00:00,goibibo,IndiGo,BLR,BOM,2026-01-12,2026-01-11,Economy,Refundable,4334.11,520.09,227.74,5081.94,INR,0,4.41,20kg,True
OBS000296,2025-11-30T00:00:00,airline_site,AirIndia,BLR,BOM,2026-01-09,2025-11-30,PremiumEconomy,Refundable,4393.26,527.19,254.19,5174.64,INR,1,3.65,25kg,True
OBS000297,2026-01-26T00:00:00,goibibo,AirIndia,BLR,BOM,2026-01-27,2026-01-26,Economy,Refundable,4463.76,535.65,227.78,5227.19,INR,0,4.09,15kg,True
OBS000298,2026-01-07T00:00:00,cleartrip,AirIndia,BLR,BOM,2026-01-08,2026-01-07,PremiumEconomy,NonRefundable,4662.09,559.45,264.11,5485.65,INR,1,2.87,25kg,True
OBS000299,2026-01-21T00:00:00,goibibo,Akasa,BLR,BOM,2026-01-22,2026-01-21,PremiumEconomy,NonRefundable,4705.18,564.62,261.53,5531.33,INR,0,3.96,20kg,True
OBS000300,2026-01-09T00:00:00,mmt,Akasa,BLR,BOM,2026-01-10,2026-01-09,Economy,Refundable,5116.66,614.0,246.64,5977.3,INR,0,3.44,20kg,False
OBS000301,2026-01-16T00:00:00,goibibo,AirIndia,BLR,BOM,2026-01-17,2026-01-16,Economy,Refundable,5329.05,639.49,320.55,6289.09,INR,0,2.03,20kg,True
OBS000302,2026-01-04T00:00:00,goibibo,Vistara,BLR,BOM,2026-01-14,2026-01-04,Economy,NonRefundable,3501.27,420.15,362.9,4284.32,INR,0,3.43,25kg,False
OBS000303,2026-01-18T00:00:00,cleartrip,Akasa,BLR,BOM,2026-01-19,2026-01-18,PremiumEconomy,NonRefundable,6129.68,735.56,391.62,7256.86,INR,0,2.79,20kg,True
OBS000304,2026-01-16T00:00:00,cleartrip,Vistara,BLR,BOM,2026-01-21,2026-01-16,Economy,Refundable,4511.54,541.38,365.37,5418.29,INR,0,4.17,25kg,False
OBS000305,2026-01-17T00:00:00,cleartrip,Vistara,BLR,BOM,2026-01-22,2026-01-17,PremiumEconomy,NonRefundable,4208.32,505.0,313.85,5027.17,INR,1,3.63,25kg,True
OBS000306,2025-12-02T00:00:00,goibibo,Vistara,BLR,BOM,2026-01-11,2025-12-02,PremiumEconomy,Refundable,3464.53,415.74,328.34,4208.61,INR,0,2.17,20kg,True
OBS000307,2026-01-19T00:00:00,cleartrip,IndiGo,BLR,BOM,2026-01-24,2026-01-19,Economy,NonRefundable,4377.36,525.28,378.16,5280.8,INR,0,3.66,20kg,False
OBS000308,2026-01-21T00:00:00,cleartrip,SpiceJet,BLR,BOM,2026-01-26,2026-01-21,Economy,NonRefundable,3998.22,479.79,242.92,4720.93,INR,0,4.06,25kg,True
OBS000309,2026-01-14T00:00:00,cleartrip,SpiceJet,BLR,BOM,2026-01-16,2026-01-14,Economy,Refundable,3880.61,465.67,245.42,4591.7,INR,0,4.47,20kg,False
OBS000310,2026-01-09T00:00:00,mmt,IndiGo,BLR,BOM,2026-01-19,2026-01-09,PremiumEconomy,NonRefundable,4152.14,498.26,185.81,4836.21,INR,0,2.23,15kg,True
OBS000311,2026-02-07T00:00:00,goibibo,IndiGo,BLR,DEL,2026-02-09,2026-02-07,Economy,NonRefundable,7417.77,890.13,341.12,8649.02,INR,1,2.53,20kg,False
OBS000312,2026-01-31T00:00:00,cleartrip,IndiGo,BLR,DEL,2026-02-01,2026-01-31,PremiumEconomy,Refundable,7123.43,854.81,283.45,8261.69,INR,0,3.43,25kg,True
OBS000313,2025-12-30T00:00:00,cleartrip,AirIndia,BLR,DEL,2026-02-08,2025-12-30,Economy,Refundable,6575.19,789.02,175.68,7539.89,INR,0,4.33,20kg,True
OBS000314,2026-01-05T00:00:00,cleartrip,SpiceJet,BLR,DEL,2026-02-14,2026-01-05,PremiumEconomy,Refundable,5962.15,715.46,398.87,7076.48,INR,0,4.33,20kg,True
OBS000315,2026-02-06T00:00:00,mmt,IndiGo,BLR,DEL,2026-02-08,2026-02-06,PremiumEconomy,Refundable,7347.68,881.72,333.52,8562.92,INR,1,4.09,20kg,True
OBS000316,2026-02-19T00:00:00,airline_site,IndiGo,BLR,DEL,2026-02-20,2026-02-19,Economy,NonRefundable,7172.1,860.65,315.49,8348.24,INR,1,2.45,25kg,True
OBS000317,2026-01-07T00:00:00,cleartrip,SpiceJet,BLR,DEL,2026-02-16,2026-01-07,Economy,NonRefundable,6706.58,804.79,307.58,7818.95,INR,0,2.58,15kg,True
OBS000318,2026-02-09T00:00:00,goibibo,AirIndia,BLR,DEL,2026-02-10,2026-02-09,Economy,NonRefundable,8243.91,989.27,346.19,9579.37,INR,0,2.38,20kg,True
OBS000319,2026-02-05T00:00:00,goibibo,Vistara,BLR,DEL,2026-02-06,2026-02-05,Economy,Refundable,6230.78,747.69,322.05,7300.52,INR,0,3.42,15kg,False
OBS000320,2026-02-04T00:00:00,airline_site,IndiGo,BLR,DEL,2026-02-05,2026-02-04,PremiumEconomy,Refundable,7094.66,851.36,344.88,8290.9,INR,1,4.46,20kg,True
OBS000321,2026-02-14T00:00:00,cleartrip,Vistara,BLR,DEL,2026-02-15,2026-02-14,PremiumEconomy,NonRefundable,7787.02,934.44,159.86,8881.32,INR,0,1.51,15kg,True
OBS000322,2026-02-26T00:00:00,mmt,Vistara,BLR,DEL,2026-02-28,2026-02-26,PremiumEconomy,NonRefundable,7607.58,912.91,315.84,8836.33,INR,0,4.1,15kg,True
OBS000323,2026-02-22T00:00:00,cleartrip,SpiceJet,BLR,DEL,2026-02-27,2026-02-22,PremiumEconomy,NonRefundable,7346.29,881.56,390.58,8618.43,INR,0,1.57,25kg,True
OBS000324,2026-02-26T00:00:00,goibibo,Akasa,BLR,DEL,2026-02-28,2026-02-26,PremiumEconomy,Refundable,7938.59,952.63,175.93,9067.15,INR,1,3.77,25kg,True
OBS000325,2026-01-19T00:00:00,goibibo,SpiceJet,BLR,DEL,2026-02-28,2026-01-19,Economy,NonRefundable,6853.63,822.44,372.94,8049.01,INR,1,1.35,20kg,True
OBS000326,2025-12-23T00:00:00,mmt,Vistara,BLR,DEL,2026-02-01,2025-12-23,Economy,NonRefundable,5711.6,685.39,367.08,6764.07,INR,0,2.79,25kg,False
OBS000327,2025-11-27T00:00:00,airline_site,AirIndia,BLR,DEL,2026-02-05,2025-11-27,PremiumEconomy,NonRefundable,6753.45,810.41,303.23,7867.09,INR,0,1.45,20kg,True
OBS000328,2026-02-03T00:00:00,airline_site,Akasa,BLR,DEL,2026-02-08,2026-02-03,Economy,NonRefundable,6046.08,725.53,392.54,7164.15,INR,1,3.9,15kg,False
OBS000329,2025-12-07T00:00:00,cleartrip,IndiGo,BLR,DEL,2026-02-15,2025-12-07,PremiumEconomy,Refundable,6071.96,728.64,274.61,7075.21,INR,0,2.53,15kg,True
OBS000330,2026-02-26T00:00:00,cleartrip,Akasa,BLR,DEL,2026-02-27,2026-02-26,Economy,NonRefundable,7372.61,884.71,347.95,8605.27,INR,0,2.4,15kg,True
OBS000331,2026-02-18T00:00:00,cleartrip,SpiceJet,BLR,DEL,2026-02-28,2026-02-18,Economy,Refundable,6193.8,743.26,299.99,7237.05,INR,0,1.21,20kg,True
OBS000332,2026-01-29T00:00:00,airline_site,IndiGo,BLR,DEL,2026-02-18,2026-01-29,Economy,NonRefundable,7009.79,841.17,243.47,8094.43,INR,0,3.91,25kg,False
OBS000333,2026-01-30T00:00:00,goibibo,AirIndia,BLR,DEL,2026-02-04,2026-01-30,PremiumEconomy,Refundable,6829.37,819.52,382.55,8031.44,INR,0,1.56,20kg,True
OBS000334,2025-12-13T00:00:00,airline_site,SpiceJet,BLR,DEL,2026-02-21,2025-12-13,PremiumEconomy,Refundable,6057.62,726.91,318.04,7102.57,INR,1,1.21,25kg,True
OBS000335,2026-02-08T00:00:00,mmt,Akasa,BLR,DEL,2026-02-18,2026-02-08,Economy,Refundable,6963.84,835.66,277.08,8076.58,INR,0,2.48,25kg,True
OBS000336,2026-02-07T00:00:00,mmt,Vistara,BLR,DEL,2026-02-17,2026-02-07,PremiumEconomy,NonRefundable,6123.13,734.78,254.67,7112.58,INR,0,2.69,15kg,True
OBS000337,2026-01-25T00:00:00,cleartrip,Akasa,BLR,DEL,2026-02-14,2026-01-25,Economy,Refundable,6007.62,720.91,224.73,6953.26,INR,0,3.26,20kg,True
OBS000338,2026-02-20T00:00:00,mmt,Akasa,BLR,DEL,2026-02-22,2026-02-20,PremiumEconomy,Refundable,6458.06,774.97,395.33,7628.36,INR,0,3.06,25kg,False
OBS000339,2026-01-13T00:00:00,goibibo,IndiGo,BLR,DEL,2026-02-22,2026-01-13,Economy,Refundable,6751.45,810.17,369.37,7930.99,INR,1,1.68,25kg,True
OBS000340,2026-02-02T00:00:00,mmt,Vistara,BLR,DEL,2026-02-07,2026-02-02,PremiumEconomy,Refundable,6675.86,801.1,337.55,7814.51,INR,0,3.48,20kg,True
OBS000341,2026-02-05T00:00:00,mmt,Akasa,BLR,DEL,2026-02-25,2026-02-05,PremiumEconomy,Refundable,7165.25,859.83,175.62,8200.7,INR,0,3.49,15kg,False
OBS000342,2026-02-03T00:00:00,cleartrip,Akasa,BLR,DEL,2026-02-13,2026-02-03,Economy,Refundable,6837.18,820.46,389.18,8046.82,INR,0,1.87,20kg,True
OBS000343,2026-01-12T00:00:00,mmt,AirIndia,BLR,DEL,2026-02-21,2026-01-12,PremiumEconomy,NonRefundable,6144.17,737.3,297.1,7178.57,INR,0,4.45,15kg,True
OBS000344,2025-12-28T00:00:00,goibibo,IndiGo,BLR,DEL,2026-02-06,2025-12-28,PremiumEconomy,NonRefundable,5800.35,696.04,278.46,6774.85,INR,0,1.63,25kg,True
OBS000345,2026-02-01T00:00:00,cleartrip,Akasa,DEL,BOM,2026-02-11,2026-02-01,Economy,NonRefundable,4288.05,514.57,188.43,4991.05,INR,1,3.81,25kg,True
OBS000346,2025-11-25T00:00:00,mmt,AirIndia,DEL,BOM,2026-02-03,2025-11-25,Economy,Refundable,3909.07,469.09,326.92,4705.08,INR,1,2.99,20kg,True
OBS000347,2026-02-10T00:00:00,cleartrip,AirIndia,DEL,BOM,2026-02-12,2026-02-10,PremiumEconomy,Refundable,5253.47,630.42,232.77,6116.66,INR,0,3.41,20kg,True
OBS000348,2026-02-01T00:00:00,mmt,IndiGo,DEL,BOM,2026-02-21,2026-02-01,PremiumEconomy,NonRefundable,3769.76,452.37,379.65,4601.78,INR,0,2.47,25kg,True
OBS000349,2026-01-12T00:00:00,goibibo,SpiceJet,DEL,BOM,2026-02-01,2026-01-12,Economy,NonRefundable,4231.87,507.82,350.7,5090.39,INR,0,2.26,15kg,True
OBS000350,2025-11-28T00:00:00,airline_site,IndiGo,DEL,BOM,2026-02-06,2025-11-28,Economy,Refundable,3807.5,456.9,284.49,4548.89,INR,1,3.96,15kg,False
OBS000351,2025-12-13T00:00:00,goibibo,Vistara,DEL,BOM,2026-02-21,2025-12-13,Economy,Refundable,4597.26,551.67,188.44,5337.37,INR,0,1.38,20kg,True
OBS000352,2025-12-11T00:00:00,cleartrip,SpiceJet,DEL,BOM,2026-02-19,2025-12-11,PremiumEconomy,NonRefundable,3892.32,467.08,206.91,4566.31,INR,1,2.63,15kg,False
OBS000353,2026-02-21T00:00:00,airline_site,IndiGo,DEL,BOM,2026-02-22,2026-02-21,PremiumEconomy,Refundable,4344.0,521.28,304.59,5169.87,INR,0,3.8,20kg,True
OBS000354,2025-12-02T00:00:00,goibibo,SpiceJet,DEL,BOM,2026-02-10,2025-12-02,Economy,NonRefundable,3991.09,478.93,381.67,4851.69,INR,0,2.96,15kg,False
OBS000355,2025-12-18T00:00:00,cleartrip,Vistara,DEL,BOM,2026-02-26,2025-12-18,Economy,Refundable,4253.09,510.37,308.51,5071.97,INR,0,1.34,25kg,False
OBS000356,2026-01-29T00:00:00,cleartrip,AirIndia,DEL,BOM,2026-02-18,2026-01-29,PremiumEconomy,Refundable,3870.9,464.51,386.74,4722.15,INR,1,4.19,25kg,True
OBS000357,2026-02-04T00:00:00,mmt,Akasa,DEL,BOM,2026-02-06,2026-02-04,Economy,NonRefundable,4963.45,595.61,198.58,5757.64,INR,0,2.16,15kg,True
OBS000358,2026-02-02T00:00:00,goibibo,Vistara,DEL,BOM,2026-02-04,2026-02-02,PremiumEconomy,Refundable,5550.47,666.06,331.4,6547.93,INR,0,1.53,25kg,True
OBS000359,2026-02-02T00:00:00,mmt,Akasa,DEL,BOM,2026-02-07,2026-02-02,PremiumEconomy,NonRefundable,4315.19,517.82,314.86,5147.87,INR,1,1.76,20kg,True
OBS000360,2026-02-24T00:00:00,goibibo,Vistara,DEL,BOM,2026-02-26,2026-02-24,PremiumEconomy,Refundable,4860.22,583.23,328.05,5771.5,INR,0,4.1,20kg,False
OBS000361,2025-12-04T00:00:00,airline_site,Vistara,DEL,BOM,2026-02-12,2025-12-04,Economy,Refundable,3951.27,474.15,193.94,4619.36,INR,0,3.62,25kg,True
OBS000362,2026-02-23T00:00:00,airline_site,Akasa,DEL,BOM,2026-02-24,2026-02-23,PremiumEconomy,Refundable,5356.86,642.82,373.03,6372.71,INR,0,3.02,25kg,False
OBS000363,2025-12-13T00:00:00,cleartrip,AirIndia,DEL,BOM,2026-02-21,2025-12-13,PremiumEconomy,Refundable,4287.33,514.48,372.86,5174.67,INR,1,2.4,15kg,True
OBS000364,2025-12-20T00:00:00,mmt,Akasa,DEL,BOM,2026-02-28,2025-12-20,Economy,NonRefundable,4355.73,522.69,395.46,5273.88,INR,0,1.79,25kg,True
OBS000365,2026-02-11T00:00:00,cleartrip,AirIndia,BOM,BLR,2026-02-12,2026-02-11,Economy,Refundable,4357.14,522.86,165.72,5045.72,INR,0,2.48,20kg,True
OBS000366,2025-12-24T00:00:00,cleartrip,Vistara,BOM,BLR,2026-02-02,2025-12-24,Economy,NonRefundable,3906.67,468.8,231.02,4606.49,INR,1,2.41,25kg,True
OBS000367,2026-02-12T00:00:00,cleartrip,Vistara,BOM,BLR,2026-02-17,2026-02-12,PremiumEconomy,NonRefundable,3559.51,427.14,279.09,4265.74,INR,0,2.86,15kg,False
OBS000368,2026-02-04T00:00:00,cleartrip,AirIndia,BOM,BLR,2026-02-06,2026-02-04,Economy,Refundable,4743.32,569.2,169.27,5481.79,INR,0,2.4,25kg,True
OBS000369,2026-02-20T00:00:00,goibibo,SpiceJet,BOM,BLR,2026-02-22,2026-02-20,Economy,Refundable,3966.14,475.94,178.33,4620.41,INR,1,1.27,15kg,True
OBS000370,2026-01-30T00:00:00,airline_site,Akasa,BOM,BLR,2026-02-19,2026-01-30,Economy,Refundable,3712.76,445.53,190.28,4348.57,INR,0,2.05,15kg,False
OBS000371,2026-01-31T00:00:00,cleartrip,IndiGo,BOM,BLR,2026-02-20,2026-01-31,Economy,NonRefundable,3199.9,383.99,331.99,3915.88,INR,1,4.06,15kg,True
OBS000372,2026-02-17T00:00:00,mmt,Akasa,BOM,BLR,2026-02-27,2026-02-17,PremiumEconomy,Refundable,3322.02,398.64,300.21,4020.87,INR,0,4.24,25kg,True
OBS000373,2026-01-29T00:00:00,goibibo,AirIndia,BOM,BLR,2026-02-08,2026-01-29,Economy,Refundable,3687.03,442.44,200.59,4330.06,INR,1,4.18,25kg,True
OBS000374,2026-02-06T00:00:00,airline_site,IndiGo,BOM,BLR,2026-02-26,2026-02-06,PremiumEconomy,Refundable,3672.18,440.66,275.83,4388.67,INR,0,4.16,25kg,False
OBS000375,2026-02-07T00:00:00,mmt,SpiceJet,BOM,BLR,2026-02-17,2026-02-07,PremiumEconomy,NonRefundable,3734.42,448.13,282.45,4465.0,INR,0,2.6,20kg,False
OBS000376,2026-02-23T00:00:00,airline_site,Vistara,BOM,BLR,2026-02-25,2026-02-23,PremiumEconomy,NonRefundable,4299.62,515.95,377.52,5193.09,INR,0,1.22,25kg,True
OBS000377,2026-01-30T00:00:00,cleartrip,SpiceJet,BOM,BLR,2026-02-19,2026-01-30,PremiumEconomy,Refundable,3607.06,432.85,313.64,4353.55,INR,0,2.61,25kg,True
OBS000378,2025-12-01T00:00:00,cleartrip,Akasa,BOM,BLR,2026-02-09,2025-12-01,PremiumEconomy,NonRefundable,3604.86,432.58,284.03,4321.47,INR,0,2.56,25kg,False
OBS000379,2026-02-01T00:00:00,cleartrip,SpiceJet,BOM,BLR,2026-02-06,2026-02-01,Economy,Refundable,3716.67,446.0,397.13,4559.8,INR,0,2.67,25kg,True
OBS000380,2026-02-02T00:00:00,cleartrip,Akasa,BOM,BLR,2026-02-04,2026-02-02,Economy,Refundable,4085.27,490.23,277.09,4852.59,INR,1,4.38,15kg,True
OBS000381,2026-02-25T00:00:00,cleartrip,AirIndia,BOM,BLR,2026-02-27,2026-02-25,PremiumEconomy,Refundable,3775.71,453.09,172.04,4400.84,INR,0,3.59,20kg,True
OBS000382,2026-02-03T00:00:00,mmt,SpiceJet,BOM,BLR,2026-02-23,2026-02-03,PremiumEconomy,Refundable,3650.34,438.04,164.37,4252.75,INR,0,4.01,25kg,True
OBS000383,2026-02-06T00:00:00,mmt,IndiGo,BOM,BLR,2026-02-07,2026-02-06,PremiumEconomy,Refundable,4366.73,524.01,324.61,5215.35,INR,0,4.42,15kg,True
OBS000384,2026-02-15T00:00:00,goibibo,SpiceJet,BOM,BLR,2026-02-25,2026-02-15,Economy,Refundable,3441.7,413.0,238.28,4092.98,INR,0,4.23,25kg,True
OBS000385,2025-12-16T00:00:00,cleartrip,AirIndia,BOM,BLR,2026-02-24,2025-12-16,Economy,NonRefundable,3228.54,387.42,236.87,3852.83,INR,1,3.1,20kg,True
OBS000386,2026-01-25T00:00:00,airline_site,Akasa,BOM,BLR,2026-02-14,2026-01-25,PremiumEconomy,NonRefundable,3444.11,413.29,176.62,4034.02,INR,0,3.85,20kg,True
OBS000387,2026-02-13T00:00:00,cleartrip,SpiceJet,BOM,BLR,2026-02-23,2026-02-13,PremiumEconomy,Refundable,4178.58,501.43,342.49,5022.5,INR,1,1.58,15kg,False
OBS000388,2025-12-13T00:00:00,mmt,Vistara,BOM,BLR,2026-02-21,2025-12-13,PremiumEconomy,NonRefundable,3503.58,420.43,398.55,4322.56,INR,0,3.51,20kg,True
OBS000389,2026-02-09T00:00:00,mmt,SpiceJet,BOM,BLR,2026-02-10,2026-02-09,PremiumEconomy,NonRefundable,3821.87,458.62,235.5,4515.99,INR,0,4.15,20kg,True
OBS000390,2026-01-15T00:00:00,mmt,SpiceJet,BOM,BLR,2026-02-24,2026-01-15,Economy,Refundable,3864.17,463.7,382.56,4710.43,INR,0,4.08,15kg,True
OBS000391,2025-11-29T00:00:00,airline_site,IndiGo,BOM,BLR,2026-02-07,2025-11-29,Economy,NonRefundable,3582.4,429.89,189.0,4201.29,INR,0,3.72,25kg,True
OBS000392,2026-02-18T00:00:00,cleartrip,SpiceJet,BOM,BLR,2026-02-28,2026-02-18,PremiumEconomy,NonRefundable,4218.24,506.19,242.8,4967.23,INR,0,4.45,25kg,True
OBS000393,2026-02-11T00:00:00,goibibo,SpiceJet,BOM,BLR,2026-02-13,2026-02-11,Economy,NonRefundable,4226.52,507.18,281.43,5015.13,INR,1,4.04,15kg,False
OBS000394,2025-12-26T00:00:00,cleartrip,IndiGo,BOM,BLR,2026-02-04,2025-12-26,Economy,Refundable,3431.52,411.78,279.55,4122.85,INR,1,3.12,20kg,True
OBS000395,2025-12-12T00:00:00,goibibo,Akasa,BOM,BLR,2026-02-20,2025-12-12,PremiumEconomy,NonRefundable,3559.62,427.15,209.28,4196.05,INR,0,2.85,15kg,False
OBS000396,2025-12-15T00:00:00,goibibo,Vistara,BOM,BLR,2026-02-23,2025-12-15,PremiumEconomy,Refundable,3942.34,473.08,243.08,4658.5,INR,0,4.43,25kg,True
OBS000397,2026-02-26T00:00:00,goibibo,AirIndia,BOM,BLR,2026-02-27,2026-02-26,Economy,Refundable,4167.32,500.08,288.84,4956.24,INR,1,3.86,15kg,False
OBS000398,2026-02-14T00:00:00,cleartrip,SpiceJet,BOM,BLR,2026-02-16,2026-02-14,PremiumEconomy,NonRefundable,3626.08,435.13,398.89,4460.1,INR,0,2.51,25kg,True
OBS000399,2026-01-31T00:00:00,goibibo,Vistara,BOM,BLR,2026-02-02,2026-01-31,PremiumEconomy,NonRefundable,4376.49,525.18,307.47,5209.14,INR,0,3.05,20kg,True
OBS000400,2026-02-13T00:00:00,mmt,Akasa,DEL,HYD,2026-02-14,2026-02-13,Economy,NonRefundable,7236.48,868.38,237.77,8342.63,INR,0,2.27,25kg,False
OBS000401,2026-01-16T00:00:00,goibibo,AirIndia,DEL,HYD,2026-02-25,2026-01-16,Economy,NonRefundable,6407.63,768.92,303.42,7479.97,INR,1,3.28,25kg,False
OBS000402,2026-02-27T00:00:00,cleartrip,AirIndia,DEL,HYD,2026-02-28,2026-02-27,PremiumEconomy,NonRefundable,7981.97,957.84,169.78,9109.59,INR,0,3.54,25kg,False
OBS000403,2026-01-30T00:00:00,goibibo,SpiceJet,DEL,HYD,2026-02-09,2026-01-30,Economy,Refundable,7262.3,871.48,336.97,8470.75,INR,0,1.61,15kg,True
OBS000404,2026-01-15T00:00:00,mmt,AirIndia,DEL,HYD,2026-02-24,2026-01-15,PremiumEconomy,Refundable,5383.39,646.01,337.43,6366.83,INR,0,1.41,20kg,True
OBS000405,2025-11-23T00:00:00,cleartrip,Akasa,DEL,HYD,2026-02-01,2025-11-23,Economy,Refundable,5891.58,706.99,170.81,6769.38,INR,1,2.22,15kg,True
OBS000406,2026-01-06T00:00:00,mmt,IndiGo,DEL,HYD,2026-02-15,2026-01-06,Economy,NonRefundable,7152.04,858.24,181.6,8191.88,INR,0,4.05,20kg,True
OBS000407,2026-02-08T00:00:00,goibibo,Akasa,DEL,HYD,2026-02-18,2026-02-08,PremiumEconomy,NonRefundable,7908.12,948.97,284.82,9141.91,INR,0,2.79,15kg,True
OBS000408,2026-02-10T00:00:00,cleartrip,AirIndia,DEL,HYD,2026-02-15,2026-02-10,PremiumEconomy,Refundable,8598.94,1031.87,241.45,9872.26,INR,0,2.93,15kg,True
OBS000409,2026-01-31T00:00:00,goibibo,Vistara,DEL,HYD,2026-02-10,2026-01-31,Economy,NonRefundable,6171.63,740.6,272.98,7185.21,INR,0,3.17,15kg,True
OBS000410,2026-01-28T00:00:00,goibibo,SpiceJet,DEL,HYD,2026-02-07,2026-01-28,Economy,Refundable,6819.04,818.28,370.54,8007.86,INR,1,3.93,15kg,True
OBS000411,2026-01-24T00:00:00,cleartrip,Vistara,DEL,HYD,2026-02-03,2026-01-24,PremiumEconomy,NonRefundable,6529.2,783.5,349.99,7662.69,INR,0,4.02,15kg,True
OBS000412,2026-02-09T00:00:00,goibibo,Vistara,DEL,HYD,2026-02-10,2026-02-09,PremiumEconomy,Refundable,7358.57,883.03,309.22,8550.82,INR,0,1.26,15kg,True
OBS000413,2026-02-05T00:00:00,airline_site,AirIndia,DEL,HYD,2026-02-06,2026-02-05,Economy,Refundable,7832.94,939.95,259.6,9032.49,INR,0,2.83,20kg,False
OBS000414,2025-12-02T00:00:00,cleartrip,SpiceJet,DEL,HYD,2026-02-10,2025-12-02,Economy,NonRefundable,6877.29,825.27,349.87,8052.43,INR,0,3.98,15kg,True
OBS000415,2025-12-01T00:00:00,cleartrip,SpiceJet,DEL,HYD,2026-02-09,2025-12-01,Economy,Refundable,6093.17,731.18,195.4,7019.75,INR,0,2.47,20kg,True
OBS000416,2026-02-23T00:00:00,airline_site,Akasa,DEL,HYD,2026-02-24,2026-02-23,Economy,NonRefundable,8393.25,1007.19,199.79,9600.23,INR,1,3.45,20kg,True
OBS000417,2025-12-28T00:00:00,airline_site,Vistara,DEL,HYD,2026-02-06,2025-12-28,PremiumEconomy,NonRefundable,6490.42,778.85,287.39,7556.66,INR,0,2.39,15kg,True
OBS000418,2026-02-02T00:00:00,cleartrip,IndiGo,DEL,HYD,2026-02-04,2026-02-02,Economy,NonRefundable,6777.8,813.34,308.23,7899.37,INR,0,2.51,15kg,True
OBS000419,2026-01-13T00:00:00,cleartrip,IndiGo,DEL,HYD,2026-02-02,2026-01-13,Economy,Refundable,6734.91,808.19,299.05,7842.15,INR,1,1.5,25kg,True
OBS000420,2026-02-01T00:00:00,mmt,Akasa,BLR,HYD,2026-02-02,2026-02-01,Economy,Refundable,4994.03,599.28,238.88,5832.19,INR,1,1.97,25kg,True
OBS000421,2026-02-16T00:00:00,mmt,Vistara,BLR,HYD,2026-02-26,2026-02-16,Economy,NonRefundable,4853.31,582.4,244.44,5680.15,INR,1,3.04,25kg,False
OBS000422,2026-01-18T00:00:00,cleartrip,Vistara,BLR,HYD,2026-02-07,2026-01-18,PremiumEconomy,NonRefundable,4510.82,541.3,196.66,5248.78,INR,0,1.43,15kg,False
OBS000423,2025-12-02T00:00:00,goibibo,AirIndia,BLR,HYD,2026-02-10,2025-12-02,Economy,NonRefundable,4557.23,546.87,150.18,5254.28,INR,0,2.26,15kg,False
OBS000424,2026-01-18T00:00:00,mmt,Akasa,BLR,HYD,2026-02-07,2026-01-18,PremiumEconomy,NonRefundable,4936.37,592.36,320.81,5849.54,INR,1,3.31,15kg,True
OBS000425,2026-01-08T00:00:00,airline_site,AirIndia,BLR,HYD,2026-02-17,2026-01-08,Economy,NonRefundable,5223.15,626.78,182.44,6032.37,INR,0,1.53,25kg,False
OBS000426,2026-02-12T00:00:00,cleartrip,IndiGo,BLR,HYD,2026-02-22,2026-02-12,PremiumEconomy,Refundable,5162.3,619.48,281.46,6063.24,INR,0,1.24,15kg,False
OBS000427,2026-02-26T00:00:00,goibibo,Vistara,BLR,HYD,2026-02-27,2026-02-26,Economy,NonRefundable,4867.72,584.13,240.23,5692.08,INR,0,3.62,20kg,True
OBS000428,2026-01-18T00:00:00,mmt,Akasa,BLR,HYD,2026-02-07,2026-01-18,PremiumEconomy,Refundable,4691.04,562.92,174.28,5428.24,INR,0,2.94,15kg,True
OBS000429,2026-01-09T00:00:00,cleartrip,SpiceJet,BLR,HYD,2026-02-18,2026-01-09,PremiumEconomy,Refundable,4019.16,482.3,341.57,4843.03,INR,0,3.82,25kg,False
OBS000430,2026-02-12T00:00:00,goibibo,Vistara,BLR,HYD,2026-02-17,2026-02-12,PremiumEconomy,NonRefundable,4959.48,595.14,314.38,5869.0,INR,0,2.56,25kg,False
OBS000431,2026-01-18T00:00:00,goibibo,Akasa,BLR,HYD,2026-02-27,2026-01-18,PremiumEconomy,NonRefundable,4465.37,535.84,286.41,5287.62,INR,1,2.68,20kg,True
OBS000432,2026-02-23T00:00:00,airline_site,Akasa,BLR,HYD,2026-02-24,2026-02-23,Economy,NonRefundable,5772.4,692.69,395.74,6860.83,INR,0,2.19,15kg,True
OBS000433,2026-02-23T00:00:00,cleartrip,Akasa,BLR,HYD,2026-02-28,2026-02-23,Economy,Refundable,5972.34,716.68,322.43,7011.45,INR,0,2.72,15kg,True
OBS000434,2026-02-04T00:00:00,mmt,AirIndia,BLR,HYD,2026-02-09,2026-02-04,PremiumEconomy,NonRefundable,5311.0,637.32,372.41,6320.73,INR,0,3.08,25kg,True
OBS000435,2026-02-23T00:00:00,airline_site,Akasa,BLR,HYD,2026-02-24,2026-02-23,PremiumEconomy,Refundable,5352.45,642.29,193.23,6187.97,INR,1,1.46,15kg,True
OBS000436,2025-12-04T00:00:00,airline_site,AirIndia,BLR,HYD,2026-02-12,2025-12-04,Economy,NonRefundable,3944.43,473.33,258.58,4676.34,INR,0,2.21,15kg,True
OBS000437,2026-01-29T00:00:00,airline_site,SpiceJet,BLR,HYD,2026-02-18,2026-01-29,PremiumEconomy,Refundable,4842.38,581.09,205.2,5628.67,INR,0,2.63,20kg,True
OBS000438,2026-01-31T00:00:00,airline_site,Akasa,BLR,HYD,2026-02-05,2026-01-31,PremiumEconomy,NonRefundable,5603.14,672.38,170.64,6446.16,INR,0,2.52,20kg,True
OBS000439,2026-02-23T00:00:00,mmt,Akasa,BLR,HYD,2026-02-25,2026-02-23,Economy,Refundable,5126.58,615.19,248.83,5990.6,INR,0,2.08,20kg,True
OBS000440,2026-02-02T00:00:00,goibibo,SpiceJet,BLR,HYD,2026-02-22,2026-02-02,PremiumEconomy,NonRefundable,4615.79,553.89,172.4,5342.08,INR,0,2.26,25kg,True
OBS000441,2026-02-20T00:00:00,goibibo,Akasa,BLR,HYD,2026-02-25,2026-02-20,Economy,NonRefundable,5393.55,647.23,355.4,6396.18,INR,0,4.25,15kg,True
OBS000442,2026-02-17T00:00:00,airline_site,IndiGo,BLR,HYD,2026-02-22,2026-02-17,Economy,Refundable,5543.53,665.22,189.0,6397.75,INR,0,4.07,20kg,True
OBS000443,2026-01-02T00:00:00,cleartrip,AirIndia,BLR,HYD,2026-02-11,2026-01-02,Economy,Refundable,4691.35,562.96,267.8,5522.11,INR,0,3.01,25kg,True
OBS000444,2026-01-14T00:00:00,goibibo,Akasa,BLR,HYD,2026-02-23,2026-01-14,Economy,NonRefundable,4291.58,514.99,317.07,5123.64,INR,0,1.4,15kg,True
OBS000445,2026-01-23T00:00:00,cleartrip,Vistara,BLR,HYD,2026-02-02,2026-01-23,Economy,Refundable,4833.48,580.02,247.16,5660.66,INR,0,4.06,25kg,False
OBS000446,2026-01-29T00:00:00,airline_site,Vistara,BLR,HYD,2026-02-08,2026-01-29,PremiumEconomy,Refundable,4820.25,578.43,277.14,5675.82,INR,0,1.86,20kg,True
OBS000447,2026-01-31T00:00:00,mmt,IndiGo,BLR,HYD,2026-02-02,2026-01-31,PremiumEconomy,NonRefundable,5738.35,688.6,272.48,6699.43,INR,0,3.26,15kg,True
OBS000448,2026-02-25T00:00:00,goibibo,IndiGo,BLR,HYD,2026-02-26,2026-02-25,PremiumEconomy,Refundable,5305.55,636.67,306.45,6248.67,INR,0,2.33,20kg,True
OBS000449,2025-12-25T00:00:00,mmt,SpiceJet,BLR,HYD,2026-02-03,2025-12-25,Economy,Refundable,3897.56,467.71,303.11,4668.38,INR,1,4.4,25kg,True
OBS000450,2026-01-26T00:00:00,mmt,Akasa,BLR,HYD,2026-02-15,2026-01-26,Economy,Refundable,5215.96,625.92,182.94,6024.82,INR,0,3.47,25kg,True
OBS000451,2025-12-06T00:00:00,cleartrip,IndiGo,BLR,HYD,2026-02-14,2025-12-06,Economy,Refundable,5108.93,613.07,379.28,6101.28,INR,0,3.97,15kg,True
OBS000452,2026-02-20T00:00:00,goibibo,SpiceJet,BLR,HYD,2026-02-25,2026-02-20,PremiumEconomy,NonRefundable,5971.59,716.59,370.03,7058.21,INR,0,1.7,15kg,True
OBS000453,2026-02-03T00:00:00,mmt,Akasa,BLR,HYD,2026-02-05,2026-02-03,Economy,Refundable,6659.77,799.17,304.24,7763.18,INR,0,2.39,25kg,False
OBS000454,2026-01-16T00:00:00,goibibo,Vistara,BLR,HYD,2026-02-05,2026-01-16,Economy,NonRefundable,4762.25,571.47,361.53,5695.25,INR,1,2.76,15kg,True
OBS000455,2026-02-07T00:00:00,goibibo,AirIndia,BLR,HYD,2026-02-08,2026-02-07,Economy,Refundable,4511.54,541.39,381.36,5434.29,INR,0,1.78,20kg,False
OBS000456,2026-02-18T00:00:00,mmt,SpiceJet,BLR,HYD,2026-02-23,2026-02-18,PremiumEconomy,Refundable,5801.7,696.2,366.69,6864.59,INR,1,3.58,20kg,True
OBS000457,2026-02-16T00:00:00,mmt,Akasa,BLR,HYD,2026-02-17,2026-02-16,PremiumEconomy,Refundable,4697.32,563.68,160.6,5421.6,INR,1,2.9,25kg,True
OBS000458,2026-02-02T00:00:00,cleartrip,Vistara,BLR,HYD,2026-02-07,2026-02-02,PremiumEconomy,Refundable,5439.39,652.73,259.89,6352.01,INR,1,2.17,15kg,True
OBS000459,2025-12-07T00:00:00,mmt,Akasa,BLR,HYD,2026-02-15,2025-12-07,Economy,NonRefundable,4489.58,538.75,275.16,5303.49,INR,1,2.27,15kg,True
OBS000460,2026-01-10T00:00:00,goibibo,IndiGo,MAA,DEL,2026-02-19,2026-01-10,PremiumEconomy,NonRefundable,4382.48,525.9,373.95,5282.33,INR,0,3.57,15kg,True
OBS000461,2025-12-26T00:00:00,goibibo,Akasa,MAA,DEL,2026-02-04,2025-12-26,Economy,NonRefundable,4181.94,501.83,280.95,4964.72,INR,1,1.34,15kg,True
OBS000462,2025-12-11T00:00:00,mmt,AirIndia,MAA,DEL,2026-02-19,2025-12-11,Economy,Refundable,4614.24,553.71,314.88,5482.83,INR,0,2.58,20kg,False
OBS000463,2026-01-01T00:00:00,airline_site,Akasa,MAA,DEL,2026-02-10,2026-01-01,PremiumEconomy,Refundable,4832.56,579.91,390.11,5802.58,INR,1,2.84,20kg,True
OBS000464,2026-02-10T00:00:00,goibibo,SpiceJet,MAA,DEL,2026-02-20,2026-02-10,PremiumEconomy,NonRefundable,5518.96,662.27,209.47,6390.7,INR,0,3.18,15kg,True
OBS000465,2026-02-13T00:00:00,airline_site,AirIndia,MAA,DEL,2026-02-18,2026-02-13,Economy,Refundable,4734.16,568.1,356.31,5658.57,INR,0,1.32,15kg,True
OBS000466,2026-02-10T00:00:00,goibibo,AirIndia,MAA,DEL,2026-02-11,2026-02-10,Economy,NonRefundable,5010.01,601.2,162.26,5773.47,INR,0,4.39,25kg,True
OBS000467,2026-02-01T00:00:00,airline_site,SpiceJet,MAA,DEL,2026-02-02,2026-02-01,Economy,NonRefundable,5430.25,651.63,374.38,6456.26,INR,1,1.64,25kg,True
OBS000468,2026-01-22T00:00:00,mmt,AirIndia,MAA,DEL,2026-02-11,2026-01-22,Economy,Refundable,4190.97,502.92,253.44,4947.33,INR,0,2.8,25kg,True
OBS000469,2026-01-25T00:00:00,cleartrip,AirIndia,MAA,DEL,2026-02-14,2026-01-25,PremiumEconomy,NonRefundable,4668.4,560.21,293.79,5522.4,INR,1,3.87,25kg,True
OBS000470,2026-02-18T00:00:00,airline_site,IndiGo,MAA,DEL,2026-02-23,2026-02-18,Economy,NonRefundable,4856.37,582.76,394.81,5833.94,INR,0,3.63,15kg,False
OBS000471,2026-02-13T00:00:00,airline_site,AirIndia,MAA,DEL,2026-02-14,2026-02-13,PremiumEconomy,NonRefundable,5108.49,613.02,309.38,6030.89,INR,0,2.22,25kg,True
OBS000472,2026-02-24T00:00:00,cleartrip,Vistara,MAA,DEL,2026-02-25,2026-02-24,PremiumEconomy,Refundable,5863.74,703.65,178.46,6745.85,INR,0,1.84,20kg,False
OBS000473,2025-12-08T00:00:00,goibibo,Akasa,MAA,DEL,2026-02-16,2025-12-08,PremiumEconomy,NonRefundable,4697.13,563.66,188.85,5449.64,INR,1,4.26,15kg,True
OBS000474,2026-01-10T00:00:00,airline_site,AirIndia,MAA,DEL,2026-02-19,2026-01-10,PremiumEconomy,NonRefundable,4550.35,546.04,319.55,5415.94,INR,0,4.4,20kg,True
OBS000475,2026-02-01T00:00:00,goibibo,AirIndia,MAA,DEL,2026-02-11,2026-02-01,Economy,NonRefundable,4263.04,511.56,292.75,5067.35,INR,0,3.54,20kg,False
OBS000476,2026-01-24T00:00:00,cleartrip,SpiceJet,MAA,DEL,2026-02-03,2026-01-24,PremiumEconomy,Refundable,4253.18,510.38,369.26,5132.82,INR,0,1.78,20kg,True
OBS000477,2026-02-23T00:00:00,goibibo,Akasa,MAA,DEL,2026-02-25,2026-02-23,Economy,Refundable,5712.72,685.53,156.23,6554.48,INR,0,4.25,25kg,True
OBS000478,2026-02-20T00:00:00,airline_site,Akasa,MAA,DEL,2026-02-25,2026-02-20,Economy,Refundable,4886.09,586.33,185.82,5658.24,INR,0,2.72,25kg,True
OBS000479,2026-01-27T00:00:00,airline_site,Vistara,MAA,DEL,2026-02-01,2026-01-27,PremiumEconomy,Refundable,5683.95,682.07,298.57,6664.59,INR,0,2.92,25kg,True
OBS000480,2026-01-12T00:00:00,mmt,Vistara,MAA,DEL,2026-02-01,2026-01-12,Economy,Refundable,4280.51,513.66,339.62,5133.79,INR,0,2.11,20kg,False
OBS000481,2026-02-21T00:00:00,airline_site,AirIndia,MAA,DEL,2026-02-22,2026-02-21,PremiumEconomy,NonRefundable,5350.31,642.04,178.62,6170.97,INR,0,1.67,25kg,True
OBS000482,2026-02-17T00:00:00,cleartrip,Akasa,MAA,DEL,2026-02-19,2026-02-17,PremiumEconomy,NonRefundable,5565.07,667.81,192.82,6425.7,INR,0,1.63,20kg,True
OBS000483,2026-01-25T00:00:00,goibibo,Akasa,MAA,DEL,2026-02-04,2026-01-25,PremiumEconomy,NonRefundable,5157.84,618.94,194.75,5971.53,INR,0,3.9,25kg,True
OBS000484,2025-12-17T00:00:00,mmt,IndiGo,MAA,DEL,2026-02-25,2025-12-17,PremiumEconomy,Refundable,4633.29,555.99,266.42,5455.7,INR,1,2.22,25kg,False
OBS000485,2026-02-14T00:00:00,cleartrip,Vistara,MAA,DEL,2026-02-16,2026-02-14,PremiumEconomy,Refundable,5542.71,665.12,373.93,6581.76,INR,0,3.8,20kg,False
OBS000486,2026-02-15T00:00:00,airline_site,Vistara,MAA,DEL,2026-02-16,2026-02-15,PremiumEconomy,NonRefundable,5308.28,636.99,166.34,6111.61,INR,0,2.13,20kg,True
OBS000487,2026-02-16T00:00:00,airline_site,Vistara,MAA,DEL,2026-02-17,2026-02-16,PremiumEconomy,NonRefundable,4820.36,578.44,176.75,5575.55,INR,1,1.99,15kg,True
OBS000488,2026-02-06T00:00:00,mmt,Akasa,MAA,DEL,2026-02-16,2026-02-06,PremiumEconomy,NonRefundable,5115.52,613.86,166.51,5895.89,INR,0,3.0,15kg,True
OBS000489,2026-01-13T00:00:00,goibibo,IndiGo,MAA,DEL,2026-02-22,2026-01-13,PremiumEconomy,NonRefundable,5242.84,629.14,293.55,6165.53,INR,0,3.91,15kg,True
OBS000490,2026-02-12T00:00:00,goibibo,Vistara,MAA,DEL,2026-02-13,2026-02-12,PremiumEconomy,Refundable,5854.35,702.52,299.56,6856.43,INR,0,1.92,15kg,True
OBS000491,2026-02-23T00:00:00,goibibo,AirIndia,MAA,DEL,2026-02-25,2026-02-23,Economy,NonRefundable,5070.26,608.43,222.88,5901.57,INR,0,3.08,25kg,True
OBS000492,2026-01-05T00:00:00,cleartrip,IndiGo,MAA,DEL,2026-02-14,2026-01-05,Economy,NonRefundable,4171.62,500.59,395.65,5067.86,INR,0,4.01,15kg,True
OBS000493,2026-02-17T00:00:00,airline_site,Vistara,MAA,DEL,2026-02-18,2026-02-17,Economy,Refundable,5938.25,712.59,394.67,7045.51,INR,1,3.52,20kg,True
OBS000494,2026-02-03T00:00:00,mmt,AirIndia,DEL,MAA,2026-02-13,2026-02-03,PremiumEconomy,Refundable,4752.86,570.34,258.8,5582.0,INR,0,3.03,20kg,False
OBS000495,2026-01-31T00:00:00,airline_site,IndiGo,DEL,MAA,2026-02-05,2026-01-31,Economy,NonRefundable,5692.27,683.07,183.57,6558.91,INR,1,4.42,15kg,True
OBS000496,2025-12-27T00:00:00,goibibo,Akasa,DEL,MAA,2026-02-05,2025-12-27,PremiumEconomy,Refundable,4472.86,536.74,351.49,5361.09,INR,1,2.88,25kg,False
OBS000497,2026-02-08T00:00:00,goibibo,AirIndia,DEL,MAA,2026-02-13,2026-02-08,PremiumEconomy,NonRefundable,5151.35,618.16,151.86,5921.37,INR,0,1.31,15kg,False
OBS000498,2026-02-18T00:00:00,goibibo,IndiGo,DEL,MAA,2026-02-23,2026-02-18,Economy,NonRefundable,5509.35,661.12,178.29,6348.76,INR,1,2.91,25kg,True
OBS000499,2026-01-29T00:00:00,cleartrip,Akasa,DEL,MAA,2026-02-08,2026-01-29,Economy,NonRefundable,4367.91,524.15,317.18,5209.24,INR,0,2.75,25kg,False
OBS000500,2026-01-10T00:00:00,cleartrip,Vistara,DEL,MAA,2026-02-19,2026-01-10,PremiumEconomy,Refundable,4094.04,491.28,232.88,4818.2,INR,0,3.49,25kg,True
OBS000501,2025-12-16T00:00:00,mmt,Akasa,DEL,MAA,2026-02-24,2025-12-16,Economy,NonRefundable,4363.84,523.66,268.29,5155.79,INR,0,2.15,15kg,True
OBS000502,2026-02-16T00:00:00,cleartrip,Vistara,DEL,MAA,2026-02-17,2026-02-16,Economy,NonRefundable,5295.82,635.5,362.86,6294.18,INR,0,4.03,15kg,True
OBS000503,2026-02-18T00:00:00,cleartrip,AirIndia,DEL,MAA,2026-02-20,2026-02-18,PremiumEconomy,Refundable,5873.77,704.85,314.79,6893.41,INR,1,1.8,25kg,True
OBS000504,2026-02-10T00:00:00,mmt,SpiceJet,DEL,MAA,2026-02-11,2026-02-10,PremiumEconomy,NonRefundable,4979.51,597.54,391.84,5968.89,INR,0,3.38,25kg,True
OBS000505,2026-01-18T00:00:00,airline_site,IndiGo,DEL,MAA,2026-02-07,2026-01-18,Economy,NonRefundable,4449.03,533.88,310.57,5293.48,INR,1,2.77,20kg,True
OBS000506,2026-01-04T00:00:00,goibibo,Vistara,DEL,MAA,2026-02-13,2026-01-04,Economy,NonRefundable,4153.14,498.38,326.4,4977.92,INR,0,2.15,20kg,False
OBS000507,2026-02-17T00:00:00,cleartrip,SpiceJet,DEL,MAA,2026-02-22,2026-02-17,PremiumEconomy,NonRefundable,5685.36,682.24,160.25,6527.85,INR,0,2.08,15kg,True
OBS000508,2026-02-01T00:00:00,mmt,Akasa,DEL,MAA,2026-02-21,2026-02-01,Economy,NonRefundable,4352.1,522.25,247.79,5122.14,INR,0,2.23,15kg,True
OBS000509,2026-02-26T00:00:00,goibibo,Vistara,DEL,MAA,2026-02-27,2026-02-26,Economy,NonRefundable,5548.98,665.88,175.98,6390.84,INR,0,1.84,15kg,True
OBS000510,2026-01-13T00:00:00,mmt,Akasa,DEL,MAA,2026-02-02,2026-01-13,Economy,Refundable,4493.6,539.23,314.15,5346.98,INR,0,4.03,15kg,False
OBS000511,2025-12-14T00:00:00,airline_site,AirIndia,DEL,MAA,2026-02-22,2025-12-14,PremiumEconomy,NonRefundable,4856.0,582.72,391.79,5830.51,INR,1,3.38,15kg,False
OBS000512,2025-12-01T00:00:00,cleartrip,Vistara,DEL,MAA,2026-02-09,2025-12-01,Economy,Refundable,4208.85,505.06,256.75,4970.66,INR,0,3.76,20kg,False
OBS000513,2026-02-10T00:00:00,airline_site,SpiceJet,DEL,MAA,2026-02-11,2026-02-10,Economy,NonRefundable,5314.68,637.76,194.48,6146.92,INR,0,3.33,15kg,True
OBS000514,2025-12-10T00:00:00,airline_site,SpiceJet,DEL,MAA,2026-02-18,2025-12-10,PremiumEconomy,Refundable,5136.81,616.42,257.81,6011.04,INR,0,1.44,25kg,True
OBS000515,2026-02-15T00:00:00,airline_site,IndiGo,DEL,MAA,2026-02-25,2026-02-15,PremiumEconomy,NonRefundable,5193.14,623.18,313.22,6129.54,INR,0,3.51,20kg,True
OBS000516,2026-01-08T00:00:00,goibibo,SpiceJet,DEL,MAA,2026-02-17,2026-01-08,PremiumEconomy,NonRefundable,4530.88,543.71,384.98,5459.57,INR,0,2.98,15kg,False
OBS000517,2025-12-15T00:00:00,cleartrip,Vistara,DEL,MAA,2026-02-23,2025-12-15,PremiumEconomy,NonRefundable,4515.35,541.84,283.83,5341.02,INR,0,3.29,25kg,True
OBS000518,2026-01-23T00:00:00,cleartrip,IndiGo,DEL,MAA,2026-02-12,2026-01-23,PremiumEconomy,NonRefundable,4302.34,516.28,363.34,5181.96,INR,0,1.78,15kg,False
OBS000519,2026-02-20T00:00:00,cleartrip,SpiceJet,DEL,MAA,2026-02-22,2026-02-20,Economy,NonRefundable,5160.88,619.31,176.69,5956.88,INR,0,1.66,15kg,True
OBS000520,2026-02-04T00:00:00,goibibo,IndiGo,DEL,MAA,2026-02-24,2026-02-04,PremiumEconomy,NonRefundable,4821.24,578.55,209.62,5609.41,INR,1,4.39,15kg,True
OBS000521,2026-02-10T00:00:00,mmt,Akasa,DEL,MAA,2026-02-11,2026-02-10,PremiumEconomy,Refundable,4996.78,599.61,251.38,5847.77,INR,0,4.25,15kg,True
OBS000522,2026-01-07T00:00:00,airline_site,AirIndia,DEL,MAA,2026-02-16,2026-01-07,Economy,Refundable,4969.42,596.33,154.77,5720.52,INR,0,3.29,20kg,True
OBS000523,2026-01-26T00:00:00,airline_site,IndiGo,DEL,MAA,2026-02-15,2026-01-26,PremiumEconomy,Refundable,4710.54,565.26,354.45,5630.25,INR,0,3.85,20kg,True
OBS000524,2025-12-18T00:00:00,goibibo,Vistara,DEL,MAA,2026-02-26,2025-12-18,Economy,Refundable,4902.51,588.3,395.55,5886.36,INR,0,3.96,15kg,True
OBS000525,2026-02-17T00:00:00,goibibo,AirIndia,DEL,MAA,2026-02-19,2026-02-17,PremiumEconomy,Refundable,5178.21,621.39,185.31,5984.91,INR,1,2.0,25kg,True
OBS000526,2025-11-26T00:00:00,goibibo,AirIndia,BOM,DEL,2026-02-04,2025-11-26,Economy,NonRefundable,4176.41,501.17,361.84,5039.42,INR,0,1.22,15kg,True
OBS000527,2026-01-14T00:00:00,goibibo,AirIndia,BOM,DEL,2026-02-23,2026-01-14,Economy,Refundable,3816.37,457.96,323.38,4597.71,INR,0,2.93,20kg,True
OBS000528,2026-01-17T00:00:00,mmt,SpiceJet,BOM,DEL,2026-02-06,2026-01-17,Economy,NonRefundable,3889.18,466.7,322.92,4678.8,INR,0,2.58,25kg,True
OBS000529,2026-02-06T00:00:00,mmt,SpiceJet,BOM,DEL,2026-02-07,2026-02-06,Economy,NonRefundable,5877.36,705.28,304.73,6887.37,INR,0,1.84,15kg,False
OBS000530,2026-02-14T00:00:00,airline_site,IndiGo,BOM,DEL,2026-02-16,2026-02-14,PremiumEconomy,NonRefundable,4674.25,560.91,189.94,5425.1,INR,0,2.63,20kg,False
OBS000531,2026-02-01T00:00:00,airline_site,SpiceJet,BOM,DEL,2026-02-02,2026-02-01,Economy,Refundable,4769.83,572.38,193.97,5536.18,INR,0,3.58,25kg,True
OBS000532,2026-02-12T00:00:00,cleartrip,AirIndia,BOM,DEL,2026-02-14,2026-02-12,Economy,NonRefundable,3896.88,467.63,336.77,4701.28,INR,0,1.52,25kg,False
OBS000533,2026-02-26T00:00:00,goibibo,IndiGo,BOM,DEL,2026-02-28,2026-02-26,PremiumEconomy,Refundable,4571.26,548.55,267.75,5387.56,INR,0,4.26,20kg,True
OBS000534,2026-02-08T00:00:00,mmt,Vistara,BOM,DEL,2026-02-13,2026-02-08,PremiumEconomy,Refundable,4762.86,571.54,184.1,5518.5,INR,0,1.62,25kg,True
OBS000535,2026-02-07T00:00:00,cleartrip,AirIndia,BOM,DEL,2026-02-09,2026-02-07,PremiumEconomy,Refundable,5088.79,610.66,254.56,5954.01,INR,0,3.11,25kg,True
OBS000536,2026-01-24T00:00:00,goibibo,AirIndia,BOM,DEL,2026-02-03,2026-01-24,PremiumEconomy,NonRefundable,4524.07,542.89,364.24,5431.2,INR,0,1.25,20kg,True
OBS000537,2026-02-03T00:00:00,mmt,Akasa,BOM,DEL,2026-02-08,2026-02-03,Economy,NonRefundable,4342.46,521.1,381.87,5245.43,INR,0,1.33,20kg,True
OBS000538,2026-01-25T00:00:00,airline_site,SpiceJet,BOM,DEL,2026-02-14,2026-01-25,PremiumEconomy,Refundable,4127.63,495.32,248.58,4871.53,INR,0,3.04,15kg,False
OBS000539,2026-02-05T00:00:00,airline_site,SpiceJet,BOM,DEL,2026-02-07,2026-02-05,PremiumEconomy,Refundable,4584.79,550.18,399.74,5534.71,INR,1,4.03,25kg,True
OBS000540,2026-02-05T00:00:00,goibibo,AirIndia,BOM,DEL,2026-02-15,2026-02-05,PremiumEconomy,NonRefundable,4474.36,536.92,342.96,5354.24,INR,0,4.04,15kg,False
OBS000541,2026-02-18T00:00:00,mmt,IndiGo,BOM,DEL,2026-02-23,2026-02-18,PremiumEconomy,Refundable,4278.91,513.47,338.22,5130.6,INR,0,4.13,15kg,False
OBS000542,2026-02-02T00:00:00,cleartrip,Vistara,BOM,DEL,2026-02-12,2026-02-02,Economy,Refundable,4222.41,506.69,304.78,5033.88,INR,0,1.66,20kg,True
OBS000543,2026-02-17T00:00:00,mmt,AirIndia,BOM,DEL,2026-02-18,2026-02-17,PremiumEconomy,NonRefundable,4448.74,533.85,338.07,5320.66,INR,0,2.86,20kg,True
OBS000544,2026-02-01T00:00:00,goibibo,SpiceJet,BOM,DEL,2026-02-02,2026-02-01,Economy,NonRefundable,4314.49,517.74,243.2,5075.43,INR,0,2.69,20kg,True
OBS000545,2026-01-28T00:00:00,airline_site,IndiGo,BOM,DEL,2026-02-07,2026-01-28,Economy,NonRefundable,4568.5,548.22,194.7,5311.42,INR,0,3.5,20kg,True
OBS000546,2026-02-26T00:00:00,airline_site,Vistara,BOM,DEL,2026-02-28,2026-02-26,PremiumEconomy,Refundable,4959.87,595.18,280.17,5835.22,INR,1,2.34,20kg,True
OBS000547,2026-02-08T00:00:00,cleartrip,SpiceJet,BOM,DEL,2026-02-10,2026-02-08,PremiumEconomy,NonRefundable,5474.68,656.96,208.08,6339.72,INR,1,3.16,25kg,False
OBS000548,2026-02-10T00:00:00,cleartrip,AirIndia,BOM,DEL,2026-02-15,2026-02-10,PremiumEconomy,Refundable,4866.68,584.0,291.81,5742.49,INR,1,2.43,20kg,True
OBS000549,2026-01-31T00:00:00,mmt,Akasa,BOM,DEL,2026-02-05,2026-01-31,PremiumEconomy,Refundable,4384.03,526.08,304.66,5214.77,INR,0,3.97,25kg,True
OBS000550,2026-02-07T00:00:00,cleartrip,Akasa,CCU,DEL,2026-02-08,2026-02-07,Economy,NonRefundable,9308.04,1116.97,160.29,10585.3,INR,0,2.42,15kg,True
OBS000551,2026-02-17T00:00:00,mmt,Akasa,CCU,DEL,2026-02-22,2026-02-17,PremiumEconomy,Refundable,7726.82,927.22,262.11,8916.15,INR,0,2.54,20kg,True
OBS000552,2026-02-10T00:00:00,cleartrip,Vistara,CCU,DEL,2026-02-15,2026-02-10,PremiumEconomy,NonRefundable,7349.15,881.9,189.01,8420.06,INR,0,3.84,25kg,False
OBS000553,2026-01-02T00:00:00,airline_site,Vistara,CCU,DEL,2026-02-11,2026-01-02,Economy,NonRefundable,6968.67,836.24,160.02,7964.93,INR,0,2.67,15kg,True
OBS000554,2026-01-13T00:00:00,mmt,Vistara,CCU,DEL,2026-02-02,2026-01-13,Economy,Refundable,6901.66,828.2,310.33,8040.19,INR,0,2.98,20kg,True
OBS000555,2026-02-07T00:00:00,airline_site,Vistara,CCU,DEL,2026-02-17,2026-02-07,PremiumEconomy,Refundable,7071.8,848.62,301.27,8221.69,INR,1,2.42,20kg,True
OBS000556,2026-02-05T00:00:00,goibibo,Akasa,CCU,DEL,2026-02-10,2026-02-05,Economy,Refundable,7881.4,945.77,237.84,9065.01,INR,1,3.65,20kg,False
OBS000557,2026-02-08T00:00:00,goibibo,AirIndia,CCU,DEL,2026-02-10,2026-02-08,Economy,Refundable,8247.62,989.71,255.96,9493.29,INR,0,2.2,25kg,True
OBS000558,2026-01-14T00:00:00,airline_site,IndiGo,CCU,DEL,2026-02-03,2026-01-14,PremiumEconomy,NonRefundable,5216.59,625.99,339.03,6181.61,INR,1,1.78,20kg,True
OBS000559,2026-02-05T00:00:00,cleartrip,Akasa,CCU,DEL,2026-02-07,2026-02-05,PremiumEconomy,NonRefundable,7939.77,952.77,272.65,9165.19,INR,1,1.94,15kg,True
OBS000560,2026-02-04T00:00:00,goibibo,IndiGo,CCU,DEL,2026-02-09,2026-02-04,PremiumEconomy,NonRefundable,6970.05,836.41,389.01,8195.47,INR,0,2.82,25kg,True
OBS000561,2026-01-31T00:00:00,cleartrip,Akasa,CCU,DEL,2026-02-01,2026-01-31,PremiumEconomy,NonRefundable,7853.22,942.39,392.66,9188.27,INR,0,3.27,20kg,True
OBS000562,2026-01-23T00:00:00,airline_site,Vistara,CCU,DEL,2026-02-12,2026-01-23,Economy,Refundable,5910.63,709.28,333.24,6953.15,INR,0,2.25,25kg,True
OBS000563,2026-02-10T00:00:00,cleartrip,IndiGo,CCU,DEL,2026-02-12,2026-02-10,PremiumEconomy,NonRefundable,8238.86,988.66,309.06,9536.58,INR,0,2.9,25kg,True
OBS000564,2026-02-24T00:00:00,mmt,Akasa,CCU,DEL,2026-02-25,2026-02-24,PremiumEconomy,NonRefundable,7978.54,957.42,299.69,9235.65,INR,0,2.1,25kg,True
OBS000565,2026-01-15T00:00:00,cleartrip,Vistara,CCU,DEL,2026-02-04,2026-01-15,PremiumEconomy,NonRefundable,5665.28,679.83,153.22,6498.33,INR,0,4.24,15kg,True
OBS000566,2026-02-05T00:00:00,mmt,Akasa,CCU,DEL,2026-02-07,2026-02-05,Economy,NonRefundable,7136.42,856.37,275.85,8268.64,INR,1,4.22,15kg,True
OBS000567,2026-01-22T00:00:00,goibibo,Akasa,CCU,DEL,2026-02-01,2026-01-22,PremiumEconomy,Refundable,6416.53,769.98,184.75,7371.26,INR,0,1.29,15kg,True
OBS000568,2025-11-27T00:00:00,mmt,Vistara,CCU,DEL,2026-02-05,2025-11-27,Economy,Refundable,7167.2,860.06,323.56,8350.82,INR,0,4.44,20kg,True
OBS000569,2026-02-02T00:00:00,airline_site,IndiGo,CCU,DEL,2026-02-03,2026-02-02,Economy,NonRefundable,7948.15,953.78,160.63,9062.56,INR,0,4.2,15kg,True
OBS000570,2026-01-01T00:00:00,airline_site,IndiGo,CCU,DEL,2026-02-10,2026-01-01,Economy,Refundable,5648.95,677.87,152.57,6479.39,INR,0,3.41,15kg,True
OBS000571,2025-11-27T00:00:00,cleartrip,AirIndia,CCU,DEL,2026-02-05,2025-11-27,Economy,Refundable,6505.59,780.67,294.94,7581.2,INR,0,3.9,15kg,True
OBS000572,2026-02-21T00:00:00,mmt,Akasa,CCU,DEL,2026-02-23,2026-02-21,Economy,Refundable,7192.79,863.13,391.07,8446.99,INR,0,4.24,25kg,False
OBS000573,2026-01-03T00:00:00,mmt,Vistara,CCU,DEL,2026-02-12,2026-01-03,PremiumEconomy,NonRefundable,6040.76,724.89,389.44,7155.09,INR,0,2.9,20kg,True
OBS000574,2026-02-20T00:00:00,airline_site,Akasa,CCU,DEL,2026-02-25,2026-02-20,Economy,NonRefundable,7056.13,846.74,180.9,8083.77,INR,0,3.53,25kg,True
OBS000575,2026-02-01T00:00:00,cleartrip,SpiceJet,BLR,BOM,2026-02-11,2026-02-01,Economy,NonRefundable,4454.93,534.59,300.1,5289.62,INR,0,4.45,20kg,True
OBS000576,2026-02-27T00:00:00,goibibo,Vistara,BLR,BOM,2026-02-28,2026-02-27,Economy,Refundable,4996.52,599.58,373.69,5969.79,INR,1,3.42,20kg,False
OBS000577,2026-01-08T00:00:00,airline_site,AirIndia,BLR,BOM,2026-02-17,2026-01-08,Economy,NonRefundable,3935.2,472.22,248.7,4656.12,INR,0,2.32,25kg,False
OBS000578,2026-02-02T00:00:00,goibibo,Vistara,BLR,BOM,2026-02-04,2026-02-02,PremiumEconomy,NonRefundable,4557.8,546.94,359.53,5464.27,INR,0,2.77,25kg,False
OBS000579,2026-01-27T00:00:00,cleartrip,SpiceJet,BLR,BOM,2026-02-16,2026-01-27,PremiumEconomy,Refundable,3908.23,468.99,177.01,4554.23,INR,0,1.3,25kg,True
OBS000580,2026-02-26T00:00:00,airline_site,AirIndia,BLR,BOM,2026-02-27,2026-02-26,PremiumEconomy,NonRefundable,5432.63,651.92,274.53,6359.08,INR,0,2.2,25kg,True
OBS000581,2026-02-24T00:00:00,goibibo,AirIndia,BLR,BOM,2026-02-25,2026-02-24,PremiumEconomy,NonRefundable,4542.54,545.1,273.05,5360.69,INR,1,2.87,25kg,True
OBS000582,2025-12-18T00:00:00,airline_site,IndiGo,BLR,BOM,2026-02-26,2025-12-18,PremiumEconomy,Refundable,3677.84,441.34,285.13,4404.31,INR,1,2.69,20kg,False
OBS000583,2026-02-14T00:00:00,cleartrip,AirIndia,BLR,BOM,2026-02-15,2026-02-14,PremiumEconomy,NonRefundable,5266.79,632.01,365.09,6263.89,INR,0,2.23,20kg,False
OBS000584,2026-02-24T00:00:00,goibibo,Akasa,BLR,BOM,2026-02-25,2026-02-24,PremiumEconomy,NonRefundable,4888.72,586.65,292.21,5767.58,INR,0,2.87,20kg,True
OBS000585,2026-01-27T00:00:00,cleartrip,Vistara,BLR,BOM,2026-02-16,2026-01-27,Economy,Refundable,4443.83,533.26,238.19,5215.28,INR,0,1.62,20kg,True
OBS000586,2026-01-17T00:00:00,cleartrip,SpiceJet,BLR,BOM,2026-02-26,2026-01-17,Economy,NonRefundable,3926.33,471.16,295.99,4693.48,INR,0,4.47,20kg,True
OBS000587,2025-12-24T00:00:00,airline_site,IndiGo,BLR,BOM,2026-02-02,2025-12-24,PremiumEconomy,Refundable,4015.65,481.88,228.02,4725.55,INR,0,1.76,25kg,True
OBS000588,2026-01-23T00:00:00,goibibo,Akasa,BLR,BOM,2026-02-02,2026-01-23,PremiumEconomy,NonRefundable,4495.91,539.51,314.44,5349.86,INR,0,3.5,25kg,True
OBS000589,2026-02-01T00:00:00,goibibo,IndiGo,BLR,BOM,2026-02-11,2026-02-01,Economy,NonRefundable,3976.59,477.19,174.43,4628.21,INR,1,2.86,25kg,True
OBS000590,2026-01-17T00:00:00,goibibo,AirIndia,BLR,BOM,2026-02-06,2026-01-17,PremiumEconomy,Refundable,3886.16,466.34,224.88,4577.38,INR,0,2.15,15kg,True
OBS000591,2026-02-09T00:00:00,airline_site,Akasa,BLR,BOM,2026-02-19,2026-02-09,PremiumEconomy,NonRefundable,4407.59,528.91,389.49,5325.99,INR,0,3.07,25kg,False
OBS000592,2026-02-12T00:00:00,airline_site,Vistara,BLR,BOM,2026-02-14,2026-02-12,PremiumEconomy,NonRefundable,4229.8,507.58,236.83,4974.21,INR,0,1.86,20kg,True
OBS000593,2026-01-31T00:00:00,airline_site,Akasa,BLR,BOM,2026-02-20,2026-01-31,Economy,NonRefundable,3486.17,418.34,195.15,4099.66,INR,0,3.38,25kg,False
OBS000594,2025-12-31T00:00:00,goibibo,Akasa,BLR,BOM,2026-02-09,2025-12-31,Economy,Refundable,4164.82,499.78,283.18,4947.78,INR,0,2.73,15kg,True
OBS000595,2026-01-15T00:00:00,airline_site,AirIndia,BLR,BOM,2026-02-24,2026-01-15,PremiumEconomy,NonRefundable,4067.37,488.08,252.57,4808.02,INR,0,3.33,20kg,True
OBS000596,2026-02-11T00:00:00,mmt,IndiGo,BLR,BOM,2026-02-13,2026-02-11,Economy,NonRefundable,4002.58,480.31,178.39,4661.28,INR,1,2.8,20kg,False
OBS000597,2026-02-28T00:00:00,cleartrip,Akasa,BLR,DEL,2026-03-02,2026-02-28,Economy,Refundable,7745.56,929.47,214.6,8889.63,INR,1,3.78,15kg,True
OBS000598,2026-02-19T00:00:00,airline_site,SpiceJet,BLR,DEL,2026-03-11,2026-02-19,PremiumEconomy,Refundable,6648.23,797.79,224.49,7670.51,INR,1,4.31,25kg,True
OBS000599,2026-03-07T00:00:00,cleartrip,SpiceJet,BLR,DEL,2026-03-08,2026-03-07,Economy,Refundable,7013.32,841.6,180.16,8035.08,INR,0,3.75,20kg,True
OBS000600,2026-03-07T00:00:00,mmt,SpiceJet,BLR,DEL,2026-03-27,2026-03-07,Economy,Refundable,6153.49,738.42,334.31,7226.22,INR,0,1.78,20kg,False
OBS000601,2026-03-09T00:00:00,airline_site,Vistara,BLR,DEL,2026-03-14,2026-03-09,PremiumEconomy,NonRefundable,7408.78,889.05,283.37,8581.2,INR,0,4.38,15kg,True
OBS000602,2026-02-04T00:00:00,cleartrip,IndiGo,BLR,DEL,2026-03-16,2026-02-04,Economy,Refundable,6282.08,753.85,241.93,7277.86,INR,0,2.03,20kg,True
OBS000603,2026-02-09T00:00:00,mmt,SpiceJet,BLR,DEL,2026-03-21,2026-02-09,PremiumEconomy,Refundable,5803.05,696.37,180.51,6679.93,INR,1,4.26,20kg,True
OBS000604,2025-12-23T00:00:00,cleartrip,AirIndia,BLR,DEL,2026-03-03,2025-12-23,Economy,NonRefundable,7126.47,855.18,339.17,8320.82,INR,0,4.1,25kg,False
OBS000605,2026-03-25T00:00:00,goibibo,SpiceJet,BLR,DEL,2026-03-26,2026-03-25,PremiumEconomy,NonRefundable,7627.23,915.27,344.86,8887.36,INR,1,4.09,15kg,True
OBS000606,2026-03-18T00:00:00,cleartrip,SpiceJet,BLR,DEL,2026-03-23,2026-03-18,PremiumEconomy,NonRefundable,7515.35,901.84,276.58,8693.77,INR,0,3.71,25kg,True
OBS000607,2026-03-11T00:00:00,cleartrip,Vistara,BLR,DEL,2026-03-21,2026-03-11,Economy,Refundable,6874.01,824.88,250.17,7949.06,INR,0,2.02,25kg,True
OBS000608,2026-03-08T00:00:00,cleartrip,SpiceJet,BLR,DEL,2026-03-28,2026-03-08,PremiumEconomy,Refundable,6145.78,737.49,321.44,7204.71,INR,0,1.77,25kg,True
OBS000609,2026-03-21T00:00:00,goibibo,Akasa,BLR,DEL,2026-03-26,2026-03-21,Economy,Refundable,7471.1,896.53,195.47,8563.1,INR,0,4.25,25kg,True
OBS000610,2026-02-21T00:00:00,mmt,IndiGo,BLR,DEL,2026-03-03,2026-02-21,PremiumEconomy,NonRefundable,7332.78,879.93,199.57,8412.28,INR,0,1.69,20kg,True
OBS000611,2026-03-18T00:00:00,goibibo,SpiceJet,BLR,DEL,2026-03-19,2026-03-18,Economy,Refundable,8411.09,1009.33,343.34,9763.76,INR,0,1.83,20kg,True
OBS000612,2026-03-14T00:00:00,goibibo,AirIndia,BLR,DEL,2026-03-24,2026-03-14,Economy,NonRefundable,6857.87,822.94,245.52,7926.33,INR,0,2.58,20kg,True
OBS000613,2026-02-24T00:00:00,mmt,Vistara,BLR,DEL,2026-03-01,2026-02-24,PremiumEconomy,Refundable,7702.09,924.25,262.74,8889.08,INR,0,2.75,20kg,False
OBS000614,2026-03-20T00:00:00,goibibo,Akasa,BLR,DEL,2026-03-22,2026-03-20,PremiumEconomy,Refundable,7502.41,900.29,328.33,8731.03,INR,0,3.04,15kg,True
OBS000615,2026-02-26T00:00:00,airline_site,IndiGo,BLR,DEL,2026-03-08,2026-02-26,PremiumEconomy,NonRefundable,8342.05,1001.05,384.83,9727.93,INR,0,4.43,25kg,True
OBS000616,2026-02-13T00:00:00,mmt,Vistara,BLR,DEL,2026-03-05,2026-02-13,Economy,NonRefundable,5467.45,656.09,160.28,6283.82,INR,0,4.1,15kg,True
OBS000617,2026-01-30T00:00:00,airline_site,AirIndia,BLR,DEL,2026-03-11,2026-01-30,PremiumEconomy,NonRefundable,6135.57,736.27,179.21,7051.05,INR,0,4.26,20kg,True
OBS000618,2026-01-09T00:00:00,cleartrip,Akasa,BLR,DEL,2026-03-20,2026-01-09,PremiumEconomy,NonRefundable,6360.25,763.23,340.39,7463.87,INR,0,2.24,20kg,True
OBS000619,2026-01-07T00:00:00,mmt,AirIndia,BLR,DEL,2026-03-18,2026-01-07,Economy,Refundable,7060.22,847.23,260.0,8167.45,INR,0,1.32,20kg,True
OBS000620,2026-03-13T00:00:00,goibibo,IndiGo,BLR,DEL,2026-03-23,2026-03-13,PremiumEconomy,NonRefundable,6438.37,772.6,259.11,7470.08,INR,1,2.71,15kg,True
OBS000621,2026-02-27T00:00:00,mmt,Akasa,BLR,DEL,2026-03-04,2026-02-27,PremiumEconomy,Refundable,8255.63,990.68,195.16,9441.47,INR,0,2.94,25kg,True
OBS000622,2026-03-13T00:00:00,goibibo,IndiGo,BLR,DEL,2026-03-14,2026-03-13,PremiumEconomy,Refundable,8349.63,1001.96,211.54,9563.13,INR,0,3.45,25kg,True
OBS000623,2026-03-08T00:00:00,mmt,IndiGo,BLR,DEL,2026-03-13,2026-03-08,Economy,NonRefundable,6073.1,728.77,359.24,7161.11,INR,1,2.7,20kg,True
OBS000624,2026-03-10T00:00:00,goibibo,Vistara,BLR,DEL,2026-03-11,2026-03-10,Economy,Refundable,6854.67,822.56,314.04,7991.27,INR,0,3.85,20kg,True
OBS000625,2026-03-25T00:00:00,airline_site,SpiceJet,BLR,DEL,2026-03-26,2026-03-25,PremiumEconomy,Refundable,7634.87,916.18,300.57,8851.62,INR,0,4.38,20kg,True
OBS000626,2025-12-21T00:00:00,goibibo,SpiceJet,BLR,DEL,2026-03-01,2025-12-21,PremiumEconomy,Refundable,5768.76,692.25,202.06,6663.07,INR,0,2.19,20kg,True
OBS000627,2026-03-02T00:00:00,mmt,SpiceJet,BLR,DEL,2026-03-22,2026-03-02,PremiumEconomy,NonRefundable,6929.54,831.55,358.01,8119.1,INR,1,2.09,25kg,False
OBS000628,2025-12-23T00:00:00,cleartrip,Akasa,BLR,DEL,2026-03-03,2025-12-23,Economy,NonRefundable,6971.95,836.63,255.63,8064.21,INR,1,1.51,25kg,True
OBS000629,2026-02-03T00:00:00,goibibo,Akasa,BLR,DEL,2026-03-15,2026-02-03,Economy,NonRefundable,6540.12,784.81,188.77,7513.7,INR,1,2.64,20kg,True
OBS000630,2026-03-03T00:00:00,cleartrip,AirIndia,BLR,DEL,2026-03-05,2026-03-03,PremiumEconomy,NonRefundable,8478.58,1017.43,321.08,9817.09,INR,0,3.02,15kg,True
OBS000631,2026-03-07T00:00:00,cleartrip,Vistara,BLR,DEL,2026-03-17,2026-03-07,PremiumEconomy,Refundable,6279.54,753.54,330.08,7363.16,INR,0,1.58,25kg,False
OBS000632,2025-12-26T00:00:00,goibibo,IndiGo,BLR,DEL,2026-03-06,2025-12-26,Economy,NonRefundable,6712.29,805.48,195.55,7713.32,INR,0,2.24,25kg,False
OBS000633,2026-02-13T00:00:00,mmt,AirIndia,BLR,DEL,2026-03-25,2026-02-13,Economy,Refundable,5527.89,663.35,235.33,6426.57,INR,0,4.08,15kg,False
OBS000634,2026-03-17T00:00:00,airline_site,IndiGo,BLR,DEL,2026-03-18,2026-03-17,Economy,NonRefundable,8009.44,961.13,151.46,9122.03,INR,1,3.48,25kg,False
OBS000635,2026-02-18T00:00:00,goibibo,Vistara,BLR,DEL,2026-03-10,2026-02-18,Economy,Refundable,6688.74,802.65,322.67,7814.06,INR,0,1.25,15kg,True
OBS000636,2026-03-21T00:00:00,mmt,SpiceJet,BLR,DEL,2026-03-23,2026-03-21,Economy,Refundable,6795.25,815.43,364.75,7975.43,INR,1,3.98,25kg,True
OBS000637,2025-12-30T00:00:00,mmt,AirIndia,DEL,BOM,2026-03-10,2025-12-30,PremiumEconomy,NonRefundable,3860.66,463.28,155.45,4479.39,INR,1,1.26,20kg,True
OBS000638,2026-03-02T00:00:00,goibibo,IndiGo,DEL,BOM,2026-03-07,2026-03-02,PremiumEconomy,Refundable,4905.51,588.66,292.36,5786.53,INR,0,3.28,25kg,False
OBS000639,2026-01-03T00:00:00,cleartrip,IndiGo,DEL,BOM,2026-03-14,2026-01-03,PremiumEconomy,NonRefundable,3789.33,454.72,332.77,4576.82,INR,1,2.89,25kg,False
OBS000640,2026-01-27T00:00:00,airline_site,SpiceJet,DEL,BOM,2026-03-08,2026-01-27,PremiumEconomy,Refundable,4246.59,509.59,165.18,4921.36,INR,0,4.15,20kg,False
OBS000641,2026-02-22T00:00:00,goibibo,IndiGo,DEL,BOM,2026-03-04,2026-02-22,Economy,NonRefundable,4117.36,494.08,262.08,4873.52,INR,0,2.75,20kg,True
OBS000642,2026-03-15T00:00:00,cleartrip,Akasa,DEL,BOM,2026-03-17,2026-03-15,PremiumEconomy,Refundable,4595.27,551.43,296.91,5443.61,INR,0,3.59,20kg,False
OBS000643,2026-02-15T00:00:00,mmt,Akasa,DEL,BOM,2026-03-27,2026-02-15,Economy,NonRefundable,4050.45,486.05,268.08,4804.58,INR,0,3.4,15kg,True
OBS000644,2026-03-05T00:00:00,airline_site,SpiceJet,DEL,BOM,2026-03-07,2026-03-05,PremiumEconomy,NonRefundable,4687.66,562.52,301.44,5551.62,INR,0,1.89,15kg,True
OBS000645,2026-03-07T00:00:00,airline_site,IndiGo,DEL,BOM,2026-03-12,2026-03-07,PremiumEconomy,NonRefundable,4665.45,559.85,356.99,5582.29,INR,0,3.24,15kg,True
OBS000646,2026-03-11T00:00:00,cleartrip,IndiGo,DEL,BOM,2026-03-16,2026-03-11,PremiumEconomy,Refundable,4982.99,597.96,398.42,5979.37,INR,0,3.53,20kg,False
OBS000647,2026-01-16T00:00:00,airline_site,Akasa,DEL,BOM,2026-03-27,2026-01-16,Economy,Refundable,4357.46,522.9,302.64,5183.0,INR,0,3.28,15kg,True
OBS000648,2026-01-25T00:00:00,goibibo,Akasa,DEL,BOM,2026-03-06,2026-01-25,PremiumEconomy,Refundable,4337.45,520.49,223.03,5080.97,INR,0,3.34,20kg,True
OBS000649,2025-12-24T00:00:00,airline_site,AirIndia,DEL,BOM,2026-03-04,2025-12-24,PremiumEconomy,NonRefundable,4501.18,540.14,342.3,5383.62,INR,0,2.87,15kg,True
OBS000650,2026-01-31T00:00:00,cleartrip,AirIndia,DEL,BOM,2026-03-12,2026-01-31,Economy,NonRefundable,5089.54,610.75,338.71,6039.0,INR,0,1.66,20kg,False
OBS000651,2026-03-04T00:00:00,airline_site,SpiceJet,DEL,BOM,2026-03-14,2026-03-04,Economy,Refundable,4901.68,588.2,320.55,5810.43,INR,0,1.48,20kg,False
OBS000652,2026-03-23T00:00:00,goibibo,IndiGo,DEL,BOM,2026-03-25,2026-03-23,Economy,Refundable,4853.25,582.39,258.52,5694.16,INR,0,2.58,25kg,True
OBS000653,2026-02-12T00:00:00,mmt,SpiceJet,DEL,BOM,2026-03-24,2026-02-12,PremiumEconomy,Refundable,4113.33,493.6,356.75,4963.68,INR,1,3.5,25kg,False
OBS000654,2026-03-23T00:00:00,airline_site,IndiGo,DEL,BOM,2026-03-25,2026-03-23,PremiumEconomy,NonRefundable,5334.94,640.19,370.24,6345.37,INR,0,2.92,25kg,True
OBS000655,2026-03-06T00:00:00,mmt,IndiGo,DEL,BOM,2026-03-07,2026-03-06,Economy,NonRefundable,4710.97,565.32,235.18,5511.47,INR,0,3.95,20kg,False
OBS000656,2026-03-16T00:00:00,cleartrip,Vistara,DEL,BOM,2026-03-17,2026-03-16,PremiumEconomy,Refundable,5034.64,604.16,333.0,5971.8,INR,0,3.7,15kg,False
OBS000657,2026-02-18T00:00:00,mmt,Vistara,DEL,BOM,2026-03-10,2026-02-18,PremiumEconomy,NonRefundable,4203.87,504.46,395.74,5104.07,INR,0,3.56,25kg,True
OBS000658,2026-02-27T00:00:00,mmt,Vistara,DEL,BOM,2026-03-04,2026-02-27,PremiumEconomy,Refundable,4385.22,526.23,279.11,5190.56,INR,0,3.55,20kg,True
OBS000659,2026-02-20T00:00:00,cleartrip,Akasa,BOM,BLR,2026-03-02,2026-02-20,PremiumEconomy,NonRefundable,4037.67,484.52,261.54,4783.73,INR,0,3.13,25kg,False
OBS000660,2026-02-03T00:00:00,goibibo,SpiceJet,BOM,BLR,2026-03-15,2026-02-03,Economy,Refundable,3352.51,402.3,382.76,4137.57,INR,0,2.8,20kg,True
OBS000661,2026-03-03T00:00:00,goibibo,IndiGo,BOM,BLR,2026-03-23,2026-03-03,Economy,NonRefundable,3654.67,438.56,203.16,4296.39,INR,0,3.19,20kg,True
OBS000662,2026-02-27T00:00:00,airline_site,Akasa,BOM,BLR,2026-03-04,2026-02-27,Economy,Refundable,3919.43,470.33,292.94,4682.7,INR,0,2.21,20kg,True
OBS000663,2026-02-28T00:00:00,goibibo,IndiGo,BOM,BLR,2026-03-10,2026-02-28,PremiumEconomy,NonRefundable,3940.19,472.82,345.95,4758.96,INR,0,1.8,25kg,False
OBS000664,2026-02-28T00:00:00,airline_site,IndiGo,BOM,BLR,2026-03-01,2026-02-28,PremiumEconomy,NonRefundable,4288.92,514.67,286.88,5090.47,INR,0,3.07,20kg,False
OBS000665,2026-01-05T00:00:00,goibibo,SpiceJet,BOM,BLR,2026-03-16,2026-01-05,PremiumEconomy,Refundable,3488.63,418.64,340.49,4247.76,INR,0,1.49,25kg,False
OBS000666,2026-03-11T00:00:00,cleartrip,Akasa,BOM,BLR,2026-03-13,2026-03-11,Economy,NonRefundable,3751.87,450.22,375.06,4577.15,INR,0,3.33,15kg,True
OBS000667,2026-02-07T00:00:00,airline_site,Akasa,BOM,BLR,2026-03-19,2026-02-07,Economy,Refundable,3689.13,442.7,290.26,4422.09,INR,0,4.36,25kg,True
OBS000668,2026-03-15T00:00:00,airline_site,IndiGo,BOM,BLR,2026-03-25,2026-03-15,Economy,Refundable,3321.37,398.56,275.66,3995.59,INR,0,3.8,15kg,False
OBS000669,2025-12-23T00:00:00,goibibo,IndiGo,BOM,BLR,2026-03-03,2025-12-23,PremiumEconomy,NonRefundable,3316.5,397.98,297.22,4011.7,INR,0,2.57,25kg,True
OBS000670,2026-03-08T00:00:00,airline_site,Akasa,BOM,BLR,2026-03-13,2026-03-08,Economy,NonRefundable,3982.71,477.93,172.76,4633.4,INR,0,1.8,15kg,True
OBS000671,2026-02-28T00:00:00,mmt,IndiGo,BOM,BLR,2026-03-10,2026-02-28,Economy,NonRefundable,3729.43,447.53,390.28,4567.24,INR,1,1.53,15kg,False
OBS000672,2026-03-06T00:00:00,airline_site,IndiGo,BOM,BLR,2026-03-11,2026-03-06,Economy,Refundable,3940.64,472.88,243.88,4657.4,INR,0,2.83,25kg,False
OBS000673,2026-02-27T00:00:00,goibibo,IndiGo,BOM,BLR,2026-03-04,2026-02-27,PremiumEconomy,Refundable,4377.84,525.34,251.77,5154.95,INR,0,2.09,25kg,True
OBS000674,2025-12-28T00:00:00,mmt,Vistara,BOM,BLR,2026-03-08,2025-12-28,PremiumEconomy,NonRefundable,3679.84,441.58,288.68,4410.1,INR,0,3.99,25kg,True
OBS000675,2026-03-24T00:00:00,goibibo,Akasa,BOM,BLR,2026-03-26,2026-03-24,PremiumEconomy,Refundable,3519.16,422.3,345.51,4286.97,INR,0,3.88,25kg,True
OBS000676,2026-03-19T00:00:00,goibibo,Vistara,BOM,BLR,2026-03-21,2026-03-19,PremiumEconomy,NonRefundable,4900.43,588.05,150.14,5638.62,INR,0,3.98,15kg,True
OBS000677,2026-02-28T00:00:00,goibibo,IndiGo,BOM,BLR,2026-03-02,2026-02-28,Economy,NonRefundable,4173.06,500.77,225.16,4898.99,INR,1,1.9,25kg,True
OBS000678,2026-03-17T00:00:00,goibibo,Vistara,BOM,BLR,2026-03-22,2026-03-17,Economy,NonRefundable,3627.0,435.24,308.79,4371.03,INR,0,1.9,25kg,True
OBS000679,2026-01-20T00:00:00,airline_site,IndiGo,BOM,BLR,2026-03-01,2026-01-20,Economy,NonRefundable,3991.11,478.93,302.2,4772.24,INR,1,3.72,25kg,True
OBS000680,2026-02-14T00:00:00,airline_site,SpiceJet,BOM,BLR,2026-03-26,2026-02-14,Economy,NonRefundable,4041.01,484.92,312.82,4838.75,INR,1,3.93,20kg,False
OBS000681,2026-01-16T00:00:00,cleartrip,AirIndia,DEL,HYD,2026-03-27,2026-01-16,PremiumEconomy,Refundable,7264.72,871.77,181.19,8317.68,INR,0,3.65,20kg,True
OBS000682,2026-03-06T00:00:00,cleartrip,AirIndia,DEL,HYD,2026-03-07,2026-03-06,Economy,NonRefundable,6288.42,754.61,354.07,7397.1,INR,0,1.32,20kg,True
OBS000683,2026-02-27T00:00:00,cleartrip,Akasa,DEL,HYD,2026-03-01,2026-02-27,PremiumEconomy,Refundable,8781.26,1053.75,177.74,10012.75,INR,0,3.38,25kg,True
OBS000684,2026-02-11T00:00:00,airline_site,AirIndia,DEL,HYD,2026-03-03,2026-02-11,PremiumEconomy,Refundable,6607.6,792.91,182.06,7582.57,INR,0,1.83,25kg,True
OBS000685,2026-02-11T00:00:00,goibibo,IndiGo,DEL,HYD,2026-03-23,2026-02-11,PremiumEconomy,Refundable,6283.32,754.0,290.03,7327.35,INR,0,2.63,20kg,True
OBS000686,2026-01-23T00:00:00,goibibo,Vistara,DEL,HYD,2026-03-04,2026-01-23,Economy,Refundable,6598.97,791.88,279.57,7670.42,INR,0,2.12,20kg,False
OBS000687,2026-03-10T00:00:00,airline_site,AirIndia,DEL,HYD,2026-03-11,2026-03-10,PremiumEconomy,Refundable,7537.35,904.48,370.02,8811.85,INR,0,1.85,20kg,True
OBS000688,2026-01-22T00:00:00,airline_site,SpiceJet,DEL,HYD,2026-03-03,2026-01-22,PremiumEconomy,Refundable,6986.17,838.34,306.32,8130.83,INR,0,3.97,15kg,True
OBS000689,2026-03-14T00:00:00,mmt,IndiGo,DEL,HYD,2026-03-16,2026-03-14,PremiumEconomy,Refundable,9038.67,1084.64,355.41,10478.72,INR,1,3.11,15kg,True
OBS000690,2026-02-20T00:00:00,airline_site,AirIndia,DEL,HYD,2026-03-02,2026-02-20,Economy,NonRefundable,6809.62,817.15,228.32,7855.09,INR,0,2.19,25kg,False
OBS000691,2026-03-02T00:00:00,goibibo,SpiceJet,DEL,HYD,2026-03-03,2026-03-02,Economy,NonRefundable,7626.54,915.19,223.73,8765.46,INR,0,4.05,25kg,True
OBS000692,2026-03-05T00:00:00,goibibo,Akasa,DEL,HYD,2026-03-15,2026-03-05,Economy,NonRefundable,6432.26,771.87,266.05,7470.18,INR,0,2.7,20kg,True
OBS000693,2026-03-03T00:00:00,mmt,Akasa,DEL,HYD,2026-03-04,2026-03-03,Economy,NonRefundable,8992.91,1079.15,298.22,10370.28,INR,0,2.59,25kg,False
OBS000694,2026-03-04T00:00:00,airline_site,IndiGo,DEL,HYD,2026-03-06,2026-03-04,Economy,NonRefundable,7962.71,955.53,184.42,9102.66,INR,1,2.89,25kg,True
OBS000695,2026-02-18T00:00:00,cleartrip,Akasa,DEL,HYD,2026-03-10,2026-02-18,PremiumEconomy,NonRefundable,7376.91,885.23,186.85,8448.99,INR,0,4.4,25kg,True
OBS000696,2026-02-28T00:00:00,airline_site,SpiceJet,DEL,HYD,2026-03-02,2026-02-28,PremiumEconomy,Refundable,7165.81,859.9,276.78,8302.49,INR,0,3.31,15kg,True
OBS000697,2026-03-09T00:00:00,cleartrip,Akasa,DEL,HYD,2026-03-11,2026-03-09,PremiumEconomy,NonRefundable,7406.16,888.74,395.48,8690.38,INR,1,2.28,15kg,False
OBS000698,2026-03-25T00:00:00,airline_site,AirIndia,DEL,HYD,2026-03-26,2026-03-25,Economy,NonRefundable,7129.97,855.6,273.98,8259.55,INR,0,1.99,25kg,True
OBS000699,2026-02-14T00:00:00,airline_site,Vistara,DEL,HYD,2026-03-26,2026-02-14,Economy,Refundable,6298.39,755.81,356.52,7410.72,INR,0,1.3,15kg,True
OBS000700,2026-02-28T00:00:00,cleartrip,IndiGo,DEL,HYD,2026-03-10,2026-02-28,Economy,Refundable,7486.76,898.41,198.6,8583.77,INR,0,2.14,15kg,True
OBS000701,2026-03-22T00:00:00,airline_site,AirIndia,DEL,HYD,2026-03-24,2026-03-22,PremiumEconomy,Refundable,7456.7,894.8,194.64,8546.14,INR,0,3.94,15kg,False
OBS000702,2026-01-10T00:00:00,cleartrip,AirIndia,DEL,HYD,2026-03-21,2026-01-10,PremiumEconomy,NonRefundable,7257.33,870.88,371.25,8499.46,INR,0,2.42,20kg,True
OBS000703,2026-01-06T00:00:00,airline_site,IndiGo,DEL,HYD,2026-03-17,2026-01-06,Economy,Refundable,7787.32,934.48,369.6,9091.4,INR,0,1.83,20kg,True
OBS000704,2026-02-19T00:00:00,mmt,IndiGo,DEL,HYD,2026-03-11,2026-02-19,Economy,NonRefundable,6666.88,800.03,257.39,7724.3,INR,0,2.28,15kg,True
OBS000705,2026-03-26T00:00:00,mmt,IndiGo,DEL,HYD,2026-03-28,2026-03-26,PremiumEconomy,Refundable,8873.04,1064.76,371.46,10309.26,INR,0,2.88,25kg,True
OBS000706,2026-03-07T00:00:00,cleartrip,Akasa,BLR,HYD,2026-03-17,2026-03-07,PremiumEconomy,NonRefundable,4006.11,480.73,194.75,4681.59,INR,1,2.09,20kg,True
OBS000707,2026-03-05T00:00:00,mmt,Vistara,BLR,HYD,2026-03-07,2026-03-05,PremiumEconomy,NonRefundable,5738.05,688.57,208.6,6635.22,INR,0,4.29,20kg,True
OBS000708,2026-03-17T00:00:00,airline_site,Vistara,BLR,HYD,2026-03-18,2026-03-17,PremiumEconomy,NonRefundable,5141.82,617.02,183.58,5942.42,INR,0,3.13,20kg,True
OBS000709,2026-03-04T00:00:00,cleartrip,Vistara,BLR,HYD,2026-03-14,2026-03-04,PremiumEconomy,Refundable,4433.16,531.98,351.13,5316.27,INR,0,2.66,20kg,True
OBS000710,2026-03-11T00:00:00,airline_site,Vistara,BLR,HYD,2026-03-12,2026-03-11,Economy,Refundable,5524.65,662.96,223.63,6411.24,INR,0,1.44,15kg,True
OBS000711,2026-03-09T00:00:00,cleartrip,AirIndia,BLR,HYD,2026-03-11,2026-03-09,Economy,NonRefundable,5218.52,626.22,336.3,6181.04,INR,0,3.74,20kg,True
OBS000712,2026-03-16T00:00:00,airline_site,SpiceJet,BLR,HYD,2026-03-26,2026-03-16,Economy,NonRefundable,4559.72,547.17,386.45,5493.34,INR,0,1.95,25kg,True
OBS000713,2026-03-14T00:00:00,goibibo,Vistara,BLR,HYD,2026-03-16,2026-03-14,Economy,NonRefundable,4616.08,553.93,339.41,5509.42,INR,0,2.62,25kg,False
OBS000714,2026-02-25T00:00:00,airline_site,Vistara,BLR,HYD,2026-03-07,2026-02-25,Economy,Refundable,4753.23,570.39,262.49,5586.11,INR,0,4.31,15kg,False
OBS000715,2026-02-14T00:00:00,goibibo,Akasa,BLR,HYD,2026-03-26,2026-02-14,PremiumEconomy,NonRefundable,4715.11,565.81,254.79,5535.71,INR,0,3.07,15kg,True
OBS000716,2026-02-28T00:00:00,goibibo,SpiceJet,BLR,HYD,2026-03-05,2026-02-28,Economy,NonRefundable,4836.79,580.41,292.05,5709.25,INR,0,2.96,15kg,False
OBS000717,2026-02-27T00:00:00,airline_site,AirIndia,BLR,HYD,2026-03-04,2026-02-27,Economy,Refundable,4751.44,570.17,373.69,5695.3,INR,0,3.93,25kg,False
OBS000718,2026-02-27T00:00:00,goibibo,Vistara,BLR,HYD,2026-03-01,2026-02-27,Economy,Refundable,5167.13,620.06,199.75,5986.94,INR,0,3.38,15kg,False
OBS000719,2026-02-25T00:00:00,goibibo,SpiceJet,BLR,HYD,2026-03-02,2026-02-25,Economy,Refundable,4909.69,589.16,364.93,5863.78,INR,0,2.97,20kg,True
OBS000720,2026-01-02T00:00:00,mmt,Vistara,BLR,HYD,2026-03-13,2026-01-02,PremiumEconomy,NonRefundable,4521.65,542.6,201.62,5265.87,INR,0,3.19,20kg,True
OBS000721,2026-02-05T00:00:00,mmt,SpiceJet,BLR,HYD,2026-03-17,2026-02-05,Economy,NonRefundable,4431.34,531.76,151.86,5114.96,INR,0,2.94,25kg,False
OBS000722,2026-03-05T00:00:00,airline_site,Vistara,BLR,HYD,2026-03-15,2026-03-05,PremiumEconomy,NonRefundable,4536.48,544.38,294.03,5374.89,INR,0,2.49,15kg,False
OBS000723,2026-03-06T00:00:00,mmt,Akasa,BLR,HYD,2026-03-08,2026-03-06,Economy,NonRefundable,5930.68,711.68,264.46,6906.82,INR,0,1.99,15kg,True
OBS000724,2026-03-01T00:00:00,airline_site,AirIndia,BLR,HYD,2026-03-21,2026-03-01,PremiumEconomy,NonRefundable,4199.86,503.98,222.97,4926.81,INR,0,4.48,15kg,True
OBS000725,2026-01-06T00:00:00,mmt,Akasa,BLR,HYD,2026-03-17,2026-01-06,Economy,NonRefundable,4616.51,553.98,191.21,5361.7,INR,0,1.44,25kg,False
OBS000726,2026-03-08T00:00:00,mmt,SpiceJet,BLR,HYD,2026-03-13,2026-03-08,Economy,Refundable,4744.55,569.35,336.49,5650.39,INR,0,1.58,15kg,True
OBS000727,2026-02-10T00:00:00,mmt,SpiceJet,BLR,HYD,2026-03-22,2026-02-10,Economy,NonRefundable,4153.07,498.37,170.64,4822.08,INR,0,3.98,15kg,True
OBS000728,2026-03-19T00:00:00,airline_site,Akasa,BLR,HYD,2026-03-20,2026-03-19,PremiumEconomy,Refundable,5542.11,665.05,194.31,6401.47,INR,0,3.42,15kg,True
OBS000729,2026-02-23T00:00:00,mmt,SpiceJet,BLR,HYD,2026-03-05,2026-02-23,Economy,Refundable,4651.17,558.14,158.61,5367.92,INR,1,3.48,20kg,True
OBS000730,2026-03-19T00:00:00,goibibo,AirIndia,BLR,HYD,2026-03-20,2026-03-19,Economy,NonRefundable,5670.8,680.5,162.17,6513.47,INR,0,1.86,15kg,False
OBS000731,2026-02-28T00:00:00,mmt,IndiGo,BLR,HYD,2026-03-01,2026-02-28,Economy,Refundable,5286.57,634.39,317.24,6238.2,INR,0,2.57,15kg,True
OBS000732,2026-02-19T00:00:00,mmt,Akasa,BLR,HYD,2026-03-11,2026-02-19,PremiumEconomy,NonRefundable,4750.54,570.06,306.7,5627.3,INR,0,1.97,15kg,True
OBS000733,2026-03-09T00:00:00,mmt,SpiceJet,BLR,HYD,2026-03-11,2026-03-09,Economy,Refundable,5988.84,718.66,153.0,6860.5,INR,0,3.34,20kg,True
OBS000734,2026-03-01T00:00:00,goibibo,IndiGo,BLR,HYD,2026-03-03,2026-03-01,Economy,NonRefundable,5425.01,651.0,252.77,6328.78,INR,0,3.18,25kg,False
OBS000735,2026-01-11T00:00:00,cleartrip,SpiceJet,BLR,HYD,2026-03-22,2026-01-11,Economy,NonRefundable,4434.42,532.13,308.84,5275.39,INR,0,3.21,25kg,False
OBS000736,2026-02-21T00:00:00,mmt,Akasa,BLR,HYD,2026-03-13,2026-02-21,Economy,Refundable,4240.99,508.92,310.15,5060.06,INR,0,3.23,15kg,True
OBS000737,2026-01-27T00:00:00,mmt,Vistara,BLR,HYD,2026-03-08,2026-01-27,PremiumEconomy,NonRefundable,4302.75,516.33,169.85,4988.93,INR,0,1.7,15kg,True
OBS000738,2026-01-27T00:00:00,goibibo,Vistara,BLR,HYD,2026-03-08,2026-01-27,Economy,NonRefundable,4665.65,559.88,299.52,5525.05,INR,0,3.32,15kg,False
OBS000739,2026-01-10T00:00:00,cleartrip,Vistara,BLR,HYD,2026-03-21,2026-01-10,Economy,Refundable,4528.54,543.42,361.73,5433.69,INR,0,4.19,25kg,True
OBS000740,2026-02-14T00:00:00,mmt,Akasa,BLR,HYD,2026-03-26,2026-02-14,PremiumEconomy,NonRefundable,4624.96,554.99,324.07,5504.02,INR,0,2.66,15kg,True
OBS000741,2026-03-01T00:00:00,mmt,IndiGo,MAA,DEL,2026-03-03,2026-03-01,Economy,Refundable,6576.77,789.21,384.57,7750.55,INR,0,2.87,20kg,False
OBS000742,2026-03-08T00:00:00,mmt,SpiceJet,MAA,DEL,2026-03-10,2026-03-08,Economy,Refundable,5749.1,689.89,330.42,6769.41,INR,0,2.14,20kg,True
OBS000743,2025-12-29T00:00:00,goibibo,SpiceJet,MAA,DEL,2026-03-09,2025-12-29,Economy,NonRefundable,4540.19,544.82,393.14,5478.15,INR,1,2.59,25kg,False
OBS000744,2026-03-23T00:00:00,goibibo,IndiGo,MAA,DEL,2026-03-25,2026-03-23,PremiumEconomy,NonRefundable,5152.87,618.34,354.9,6126.11,INR,0,3.7,20kg,True
OBS000745,2026-02-06T00:00:00,cleartrip,SpiceJet,MAA,DEL,2026-03-18,2026-02-06,PremiumEconomy,Refundable,4670.35,560.44,226.46,5457.25,INR,0,1.65,20kg,True
OBS000746,2026-03-03T00:00:00,cleartrip,SpiceJet,MAA,DEL,2026-03-05,2026-03-03,PremiumEconomy,NonRefundable,5695.59,683.47,151.05,6530.11,INR,1,4.4,20kg,False
OBS000747,2026-03-11T00:00:00,airline_site,IndiGo,MAA,DEL,2026-03-16,2026-03-11,PremiumEconomy,Refundable,4775.34,573.04,252.2,5600.58,INR,0,3.72,20kg,True
OBS000748,2026-02-05T00:00:00,cleartrip,IndiGo,MAA,DEL,2026-03-17,2026-02-05,PremiumEconomy,NonRefundable,4138.9,496.67,272.16,4907.73,INR,0,2.0,15kg,True
OBS000749,2026-02-09T00:00:00,cleartrip,Akasa,MAA,DEL,2026-03-21,2026-02-09,PremiumEconomy,Refundable,4262.49,511.5,311.33,5085.32,INR,0,2.02,25kg,True
OBS000750,2026-02-28T00:00:00,goibibo,SpiceJet,MAA,DEL,2026-03-01,2026-02-28,Economy,Refundable,4794.2,575.3,342.74,5712.24,INR,1,1.75,20kg,True
OBS000751,2026-03-18T00:00:00,cleartrip,SpiceJet,MAA,DEL,2026-03-23,2026-03-18,Economy,Refundable,4614.79,553.77,371.66,5540.22,INR,0,3.89,20kg,True
OBS000752,2026-03-14T00:00:00,airline_site,AirIndia,MAA,DEL,2026-03-24,2026-03-14,PremiumEconomy,Refundable,4780.16,573.62,324.75,5678.53,INR,0,1.43,25kg,False
OBS000753,2026-03-07T00:00:00,cleartrip,AirIndia,MAA,DEL,2026-03-17,2026-03-07,Economy,Refundable,4431.06,531.73,192.66,5155.45,INR,1,1.8,15kg,False
OBS000754,2026-01-08T00:00:00,mmt,IndiGo,MAA,DEL,2026-03-19,2026-01-08,Economy,Refundable,4027.26,483.27,203.14,4713.67,INR,0,4.44,20kg,False
OBS000755,2026-03-01T00:00:00,airline_site,SpiceJet,MAA,DEL,2026-03-21,2026-03-01,Economy,NonRefundable,4908.63,589.04,169.95,5667.62,INR,0,2.33,25kg,True
OBS000756,2026-03-06T00:00:00,airline_site,IndiGo,MAA,DEL,2026-03-16,2026-03-06,Economy,NonRefundable,5126.85,615.22,318.2,6060.27,INR,0,3.4,15kg,True
OBS000757,2026-02-15T00:00:00,cleartrip,SpiceJet,MAA,DEL,2026-03-07,2026-02-15,PremiumEconomy,NonRefundable,4602.32,552.28,280.02,5434.62,INR,1,2.31,25kg,True
OBS000758,2025-12-31T00:00:00,cleartrip,SpiceJet,MAA,DEL,2026-03-11,2025-12-31,PremiumEconomy,Refundable,4173.09,500.77,209.9,4883.76,INR,0,4.08,15kg,True
OBS000759,2026-01-04T00:00:00,mmt,IndiGo,MAA,DEL,2026-03-15,2026-01-04,Economy,NonRefundable,4326.28,519.15,371.99,5217.42,INR,0,2.42,25kg,False
OBS000760,2026-03-07T00:00:00,airline_site,Vistara,MAA,DEL,2026-03-17,2026-03-07,Economy,NonRefundable,4199.31,503.92,315.06,5018.29,INR,0,4.4,25kg,True
OBS000761,2026-03-12T00:00:00,airline_site,Vistara,MAA,DEL,2026-03-22,2026-03-12,PremiumEconomy,NonRefundable,4827.5,579.3,334.8,5741.6,INR,0,3.62,20kg,True
OBS000762,2026-03-21T00:00:00,airline_site,AirIndia,MAA,DEL,2026-03-23,2026-03-21,PremiumEconomy,Refundable,5811.12,697.33,367.46,6875.91,INR,0,3.95,25kg,False
OBS000763,2026-02-24T00:00:00,mmt,AirIndia,MAA,DEL,2026-03-06,2026-02-24,Economy,Refundable,5203.6,624.43,285.17,6113.2,INR,0,2.64,25kg,True
OBS000764,2026-03-01T00:00:00,cleartrip,AirIndia,MAA,DEL,2026-03-06,2026-03-01,PremiumEconomy,NonRefundable,4989.47,598.74,375.66,5963.87,INR,0,3.4,25kg,False
OBS000765,2025-12-23T00:00:00,airline_site,Vistara,MAA,DEL,2026-03-03,2025-12-23,PremiumEconomy,NonRefundable,4249.67,509.96,382.94,5142.57,INR,1,3.87,15kg,True
OBS000766,2026-02-27T00:00:00,airline_site,Vistara,MAA,DEL,2026-03-04,2026-02-27,Economy,Refundable,4344.87,521.38,171.92,5038.17,INR,0,1.62,20kg,False
OBS000767,2026-02-07T00:00:00,goibibo,SpiceJet,MAA,DEL,2026-03-19,2026-02-07,PremiumEconomy,NonRefundable,4640.39,556.85,283.9,5481.14,INR,0,2.92,25kg,True
OBS000768,2026-02-22T00:00:00,goibibo,Vistara,MAA,DEL,2026-03-04,2026-02-22,Economy,NonRefundable,4783.52,574.02,152.3,5509.84,INR,0,2.85,20kg,True
OBS000769,2026-03-15T00:00:00,airline_site,Akasa,MAA,DEL,2026-03-20,2026-03-15,PremiumEconomy,NonRefundable,5489.3,658.72,350.32,6498.34,INR,0,2.1,25kg,False
OBS000770,2026-01-10T00:00:00,cleartrip,SpiceJet,MAA,DEL,2026-03-21,2026-01-10,Economy,NonRefundable,4935.14,592.22,203.93,5731.29,INR,0,3.93,15kg,True
OBS000771,2026-02-11T00:00:00,goibibo,SpiceJet,MAA,DEL,2026-03-23,2026-02-11,PremiumEconomy,Refundable,5195.18,623.42,194.76,6013.36,INR,0,3.01,20kg,False
OBS000772,2026-03-12T00:00:00,goibibo,SpiceJet,MAA,DEL,2026-03-22,2026-03-12,Economy,NonRefundable,5030.57,603.67,397.58,6031.82,INR,0,3.5,15kg,False
OBS000773,2026-03-02T00:00:00,airline_site,Vistara,MAA,DEL,2026-03-04,2026-03-02,PremiumEconomy,Refundable,4987.89,598.55,366.46,5952.9,INR,0,2.66,20kg,True
OBS000774,2026-03-03T00:00:00,mmt,IndiGo,MAA,DEL,2026-03-05,2026-03-03,PremiumEconomy,Refundable,5998.52,719.82,204.53,6922.87,INR,0,2.44,20kg,True
OBS000775,2026-03-01T00:00:00,airline_site,Akasa,MAA,DEL,2026-03-02,2026-03-01,PremiumEconomy,NonRefundable,5090.12,610.81,386.27,6087.2,INR,0,3.27,20kg,True
OBS000776,2026-03-02T00:00:00,cleartrip,Akasa,DEL,MAA,2026-03-04,2026-03-02,Economy,NonRefundable,5752.3,690.28,249.16,6691.74,INR,0,3.77,25kg,False
OBS000777,2026-01-28T00:00:00,airline_site,IndiGo,DEL,MAA,2026-03-09,2026-01-28,PremiumEconomy,Refundable,4350.79,522.1,180.0,5052.89,INR,0,3.14,25kg,False
OBS000778,2026-01-28T00:00:00,mmt,SpiceJet,DEL,MAA,2026-03-09,2026-01-28,PremiumEconomy,NonRefundable,4263.99,511.68,336.34,5112.01,INR,0,3.09,15kg,True
OBS000779,2026-01-22T00:00:00,airline_site,SpiceJet,DEL,MAA,2026-03-03,2026-01-22,PremiumEconomy,Refundable,5094.67,611.36,196.22,5902.25,INR,0,3.69,15kg,True
OBS000780,2025-12-26T00:00:00,mmt,IndiGo,DEL,MAA,2026-03-06,2025-12-26,PremiumEconomy,NonRefundable,4198.63,503.84,299.78,5002.25,INR,0,1.33,25kg,True
OBS000781,2026-03-19T00:00:00,airline_site,IndiGo,DEL,MAA,2026-03-21,2026-03-19,PremiumEconomy,NonRefundable,5650.55,678.07,338.27,6666.89,INR,0,2.6,25kg,True
OBS000782,2026-03-03T00:00:00,cleartrip,Akasa,DEL,MAA,2026-03-08,2026-03-03,PremiumEconomy,Refundable,5330.87,639.7,161.54,6132.11,INR,1,3.49,25kg,True
OBS000783,2026-02-28T00:00:00,airline_site,AirIndia,DEL,MAA,2026-03-20,2026-02-28,Economy,Refundable,3995.56,479.47,315.65,4790.68,INR,0,2.19,15kg,True
OBS000784,2026-02-28T00:00:00,cleartrip,Vistara,DEL,MAA,2026-03-20,2026-02-28,Economy,NonRefundable,4512.88,541.55,204.01,5258.44,INR,0,3.01,20kg,False
OBS000785,2026-03-19T00:00:00,goibibo,AirIndia,DEL,MAA,2026-03-21,2026-03-19,Economy,Refundable,5223.86,626.86,213.54,6064.26,INR,0,4.48,25kg,True
OBS000786,2026-03-18T00:00:00,mmt,SpiceJet,DEL,MAA,2026-03-23,2026-03-18,Economy,NonRefundable,5265.23,631.83,290.91,6187.97,INR,1,2.45,25kg,True
OBS000787,2026-02-26T00:00:00,airline_site,Vistara,DEL,MAA,2026-03-03,2026-02-26,Economy,NonRefundable,5305.39,636.65,287.09,6229.13,INR,0,3.77,15kg,True
OBS000788,2026-03-08T00:00:00,mmt,SpiceJet,DEL,MAA,2026-03-09,2026-03-08,Economy,Refundable,5585.15,670.22,174.49,6429.86,INR,0,2.94,20kg,False
OBS000789,2026-02-12T00:00:00,cleartrip,Akasa,DEL,MAA,2026-03-04,2026-02-12,Economy,Refundable,4273.68,512.84,220.5,5007.02,INR,0,2.25,20kg,True
OBS000790,2026-01-01T00:00:00,goibibo,SpiceJet,DEL,MAA,2026-03-12,2026-01-01,Economy,NonRefundable,4935.45,592.25,335.32,5863.02,INR,0,3.47,25kg,True
OBS000791,2026-03-20T00:00:00,cleartrip,AirIndia,DEL,MAA,2026-03-22,2026-03-20,PremiumEconomy,NonRefundable,5716.04,685.92,216.84,6618.8,INR,0,2.65,20kg,False
OBS000792,2026-03-12T00:00:00,goibibo,Akasa,DEL,MAA,2026-03-17,2026-03-12,Economy,NonRefundable,5581.87,669.82,218.96,6470.65,INR,0,4.33,20kg,True
OBS000793,2026-03-27T00:00:00,airline_site,AirIndia,DEL,MAA,2026-03-28,2026-03-27,Economy,Refundable,5321.85,638.62,210.01,6170.48,INR,0,3.03,20kg,True
OBS000794,2026-02-02T00:00:00,mmt,SpiceJet,DEL,MAA,2026-03-14,2026-02-02,PremiumEconomy,Refundable,4440.94,532.91,277.17,5251.02,INR,1,1.25,15kg,True
OBS000795,2026-03-13T00:00:00,airline_site,Akasa,DEL,MAA,2026-03-23,2026-03-13,PremiumEconomy,Refundable,4634.34,556.12,211.06,5401.52,INR,0,1.78,20kg,True
OBS000796,2026-03-12T00:00:00,goibibo,SpiceJet,DEL,MAA,2026-03-17,2026-03-12,PremiumEconomy,Refundable,4506.75,540.81,388.12,5435.68,INR,0,4.4,20kg,True
OBS000797,2026-01-17T00:00:00,cleartrip,AirIndia,BOM,DEL,2026-03-28,2026-01-17,Economy,NonRefundable,4166.73,500.01,270.78,4937.52,INR,0,4.25,25kg,True
OBS000798,2026-02-23T00:00:00,airline_site,Vistara,BOM,DEL,2026-03-15,2026-02-23,Economy,NonRefundable,3794.25,455.31,362.09,4611.65,INR,0,2.18,15kg,True
OBS000799,2026-01-31T00:00:00,goibibo,AirIndia,BOM,DEL,2026-03-12,2026-01-31,Economy,Refundable,4117.62,494.11,175.33,4787.06,INR,1,1.61,20kg,True
OBS000800,2025-12-25T00:00:00,mmt,SpiceJet,BOM,DEL,2026-03-05,2025-12-25,PremiumEconomy,NonRefundable,4276.4,513.17,314.16,5103.73,INR,0,2.4,15kg,True
OBS000801,2026-02-22T00:00:00,goibibo,IndiGo,BOM,DEL,2026-03-04,2026-02-22,PremiumEconomy,Refundable,4038.02,484.56,184.97,4707.55,INR,0,1.83,15kg,True
OBS000802,2026-03-03T00:00:00,airline_site,AirIndia,BOM,DEL,2026-03-13,2026-03-03,Economy,NonRefundable,3937.23,472.47,335.98,4745.68,INR,0,1.59,20kg,False
OBS000803,2026-02-14T00:00:00,goibibo,Akasa,BOM,DEL,2026-03-26,2026-02-14,PremiumEconomy,Refundable,3937.62,472.51,341.1,4751.23,INR,0,4.36,15kg,True
OBS000804,2026-02-28T00:00:00,mmt,IndiGo,BOM,DEL,2026-03-05,2026-02-28,PremiumEconomy,NonRefundable,4226.83,507.22,275.0,5009.05,INR,0,2.63,20kg,True
OBS000805,2026-03-15T00:00:00,mmt,AirIndia,BOM,DEL,2026-03-16,2026-03-15,PremiumEconomy,Refundable,4800.57,576.07,188.12,5564.76,INR,0,4.48,15kg,False
OBS000806,2026-02-25T00:00:00,airline_site,Akasa,BOM,DEL,2026-03-07,2026-02-25,Economy,Refundable,3985.34,478.24,326.62,4790.2,INR,0,1.96,15kg,False
OBS000807,2026-02-25T00:00:00,mmt,IndiGo,BOM,DEL,2026-03-02,2026-02-25,Economy,NonRefundable,5375.0,645.0,256.58,6276.58,INR,1,2.93,25kg,True
OBS000808,2026-03-03T00:00:00,airline_site,Akasa,BOM,DEL,2026-03-08,2026-03-03,PremiumEconomy,Refundable,4490.4,538.85,256.52,5285.77,INR,0,1.56,20kg,True
OBS000809,2026-01-31T00:00:00,airline_site,IndiGo,BOM,DEL,2026-03-12,2026-01-31,Economy,NonRefundable,3756.1,450.73,161.89,4368.72,INR,0,2.14,20kg,True
OBS000810,2026-03-12T00:00:00,goibibo,Vistara,BOM,DEL,2026-03-14,2026-03-12,PremiumEconomy,NonRefundable,4884.06,586.09,213.07,5683.22,INR,0,1.52,15kg,True
OBS000811,2026-03-06T00:00:00,cleartrip,AirIndia,BOM,DEL,2026-03-11,2026-03-06,PremiumEconomy,Refundable,4521.97,542.64,344.7,5409.31,INR,1,1.49,15kg,True
OBS000812,2026-02-09T00:00:00,airline_site,Akasa,BOM,DEL,2026-03-21,2026-02-09,Economy,Refundable,3698.03,443.76,300.46,4442.25,INR,1,4.25,15kg,True
OBS000813,2026-01-29T00:00:00,mmt,IndiGo,BOM,DEL,2026-03-10,2026-01-29,Economy,Refundable,3466.29,415.96,283.39,4165.64,INR,1,3.02,20kg,True
OBS000814,2026-03-02T00:00:00,airline_site,SpiceJet,BOM,DEL,2026-03-12,2026-03-02,Economy,NonRefundable,4333.38,520.01,307.47,5160.86,INR,1,2.93,25kg,True
OBS000815,2026-02-14T00:00:00,airline_site,AirIndia,BOM,DEL,2026-03-06,2026-02-14,PremiumEconomy,NonRefundable,3874.06,464.89,222.41,4561.36,INR,0,1.75,25kg,False
OBS000816,2026-01-07T00:00:00,cleartrip,AirIndia,BOM,DEL,2026-03-18,2026-01-07,Economy,Refundable,4828.86,579.46,247.56,5655.88,INR,0,3.09,25kg,True
OBS000817,2026-03-06T00:00:00,cleartrip,AirIndia,BOM,DEL,2026-03-26,2026-03-06,PremiumEconomy,NonRefundable,3518.22,422.19,281.27,4221.68,INR,0,1.76,15kg,True
OBS000818,2026-03-09T00:00:00,cleartrip,AirIndia,BOM,DEL,2026-03-10,2026-03-09,PremiumEconomy,Refundable,4946.6,593.59,309.9,5850.09,INR,0,4.47,15kg,True
OBS000819,2026-01-20T00:00:00,airline_site,Akasa,BOM,DEL,2026-03-01,2026-01-20,PremiumEconomy,Refundable,3749.88,449.99,242.28,4442.15,INR,1,4.16,20kg,True
OBS000820,2026-01-21T00:00:00,cleartrip,AirIndia,BOM,DEL,2026-03-02,2026-01-21,PremiumEconomy,Refundable,4357.73,522.93,353.98,5234.64,INR,0,4.41,25kg,True
OBS000821,2026-02-12T00:00:00,mmt,SpiceJet,BOM,DEL,2026-03-24,2026-02-12,Economy,NonRefundable,3707.85,444.94,214.34,4367.13,INR,0,1.87,25kg,False
OBS000822,2026-02-23T00:00:00,goibibo,Vistara,BOM,DEL,2026-03-05,2026-02-23,Economy,NonRefundable,3483.06,417.97,207.93,4108.96,INR,0,2.84,20kg,True
OBS000823,2026-01-16T00:00:00,mmt,Vistara,BOM,DEL,2026-03-27,2026-01-16,Economy,NonRefundable,4186.79,502.41,385.84,5075.04,INR,0,4.12,20kg,True
OBS000824,2026-03-01T00:00:00,mmt,SpiceJet,BOM,DEL,2026-03-03,2026-03-01,PremiumEconomy,Refundable,5159.34,619.12,168.01,5946.47,INR,0,3.6,15kg,True
OBS000825,2026-03-03T00:00:00,airline_site,AirIndia,BOM,DEL,2026-03-13,2026-03-03,Economy,Refundable,4870.4,584.45,340.86,5795.71,INR,0,1.67,25kg,True
OBS000826,2026-03-25T00:00:00,airline_site,Akasa,BOM,DEL,2026-03-26,2026-03-25,PremiumEconomy,Refundable,4873.75,584.85,389.4,5848.0,INR,0,1.66,25kg,False
OBS000827,2026-03-25T00:00:00,cleartrip,Akasa,BOM,DEL,2026-03-27,2026-03-25,Economy,Refundable,4568.68,548.24,210.95,5327.87,INR,0,1.54,20kg,True
OBS000828,2026-01-06T00:00:00,airline_site,AirIndia,BOM,DEL,2026-03-17,2026-01-06,Economy,Refundable,4342.62,521.11,253.82,5117.55,INR,1,2.47,20kg,True
OBS000829,2026-01-27T00:00:00,airline_site,SpiceJet,BOM,DEL,2026-03-08,2026-01-27,Economy,Refundable,3502.86,420.34,355.7,4278.9,INR,0,1.54,20kg,True
OBS000830,2026-02-11T00:00:00,cleartrip,IndiGo,BOM,DEL,2026-03-03,2026-02-11,Economy,Refundable,4441.01,532.92,233.43,5207.36,INR,0,2.61,20kg,True
OBS000831,2026-03-12T00:00:00,cleartrip,Vistara,BOM,DEL,2026-03-22,2026-03-12,Economy,NonRefundable,4536.0,544.32,225.39,5305.71,INR,1,3.38,20kg,True
OBS000832,2026-03-25T00:00:00,mmt,AirIndia,BOM,DEL,2026-03-26,2026-03-25,PremiumEconomy,Refundable,5240.32,628.84,365.43,6234.59,INR,1,2.67,20kg,True
OBS000833,2026-02-12T00:00:00,cleartrip,AirIndia,BOM,DEL,2026-03-04,2026-02-12,Economy,NonRefundable,3537.8,424.54,186.17,4148.51,INR,0,2.25,20kg,False
OBS000834,2026-01-09T00:00:00,mmt,AirIndia,CCU,DEL,2026-03-20,2026-01-09,PremiumEconomy,NonRefundable,6884.81,826.18,309.15,8020.14,INR,1,2.98,20kg,True
OBS000835,2026-03-12T00:00:00,mmt,IndiGo,CCU,DEL,2026-03-13,2026-03-12,Economy,NonRefundable,7216.26,865.95,294.47,8376.68,INR,0,1.87,15kg,True
OBS000836,2026-03-08T00:00:00,airline_site,IndiGo,CCU,DEL,2026-03-18,2026-03-08,PremiumEconomy,NonRefundable,6624.47,794.94,389.4,7808.81,INR,0,2.17,15kg,False
OBS000837,2026-03-06T00:00:00,mmt,SpiceJet,CCU,DEL,2026-03-08,2026-03-06,Economy,NonRefundable,7785.94,934.31,184.45,8904.7,INR,0,1.38,15kg,True
OBS000838,2026-01-05T00:00:00,mmt,IndiGo,CCU,DEL,2026-03-16,2026-01-05,Economy,NonRefundable,6359.22,763.11,298.48,7420.81,INR,0,1.46,15kg,True
OBS000839,2026-01-08T00:00:00,mmt,Akasa,CCU,DEL,2026-03-19,2026-01-08,PremiumEconomy,NonRefundable,6630.93,795.71,195.61,7622.25,INR,1,3.58,20kg,True
OBS000840,2026-03-09T00:00:00,airline_site,Akasa,CCU,DEL,2026-03-10,2026-03-09,Economy,Refundable,7459.02,895.08,188.97,8543.07,INR,0,2.51,20kg,False
OBS000841,2026-02-06T00:00:00,mmt,SpiceJet,CCU,DEL,2026-03-18,2026-02-06,Economy,NonRefundable,7075.31,849.04,275.47,8199.82,INR,0,2.92,15kg,True
OBS000842,2026-02-21T00:00:00,goibibo,AirIndia,CCU,DEL,2026-03-13,2026-02-21,Economy,NonRefundable,5489.13,658.7,164.0,6311.83,INR,1,2.23,25kg,False
OBS000843,2026-03-17T00:00:00,mmt,Vistara,CCU,DEL,2026-03-27,2026-03-17,Economy,Refundable,7414.32,889.72,311.66,8615.7,INR,0,2.4,20kg,True
OBS000844,2026-03-03T00:00:00,airline_site,IndiGo,CCU,DEL,2026-03-08,2026-03-03,Economy,Refundable,8312.54,997.5,190.69,9500.73,INR,0,1.82,15kg,True
OBS000845,2026-03-03T00:00:00,goibibo,IndiGo,CCU,DEL,2026-03-08,2026-03-03,Economy,NonRefundable,8056.37,966.76,161.22,9184.35,INR,0,4.31,15kg,True
OBS000846,2026-03-20T00:00:00,mmt,Vistara,CCU,DEL,2026-03-25,2026-03-20,PremiumEconomy,NonRefundable,7786.27,934.35,389.68,9110.3,INR,0,3.52,15kg,True
OBS000847,2026-02-02T00:00:00,airline_site,Akasa,CCU,DEL,2026-03-14,2026-02-02,PremiumEconomy,NonRefundable,5899.78,707.97,343.77,6951.52,INR,0,2.16,15kg,False
OBS000848,2026-01-22T00:00:00,mmt,AirIndia,CCU,DEL,2026-03-03,2026-01-22,Economy,Refundable,6501.4,780.17,173.32,7454.89,INR,0,2.68,15kg,True
OBS000849,2026-03-05T00:00:00,goibibo,AirIndia,CCU,DEL,2026-03-10,2026-03-05,Economy,Refundable,6392.62,767.11,160.0,7319.73,INR,0,3.07,20kg,True
OBS000850,2026-03-25T00:00:00,cleartrip,Akasa,CCU,DEL,2026-03-26,2026-03-25,Economy,NonRefundable,6750.64,810.08,185.66,7746.38,INR,0,2.7,15kg,True
OBS000851,2026-03-05T00:00:00,mmt,SpiceJet,CCU,DEL,2026-03-06,2026-03-05,PremiumEconomy,NonRefundable,7674.38,920.93,172.31,8767.62,INR,0,3.72,20kg,True
OBS000852,2026-02-12T00:00:00,cleartrip,Vistara,CCU,DEL,2026-03-04,2026-02-12,PremiumEconomy,NonRefundable,7001.7,840.2,272.06,8113.96,INR,0,2.65,25kg,True
OBS000853,2026-03-11T00:00:00,airline_site,Akasa,CCU,DEL,2026-03-12,2026-03-11,Economy,Refundable,7480.07,897.61,215.71,8593.39,INR,0,1.71,15kg,True
OBS000854,2026-03-11T00:00:00,airline_site,AirIndia,CCU,DEL,2026-03-13,2026-03-11,PremiumEconomy,NonRefundable,7022.89,842.75,292.53,8158.17,INR,0,2.35,20kg,False
OBS000855,2026-03-03T00:00:00,goibibo,SpiceJet,CCU,DEL,2026-03-04,2026-03-03,Economy,NonRefundable,7912.26,949.47,389.89,9251.62,INR,0,1.41,20kg,False
OBS000856,2026-01-26T00:00:00,airline_site,Vistara,CCU,DEL,2026-03-07,2026-01-26,PremiumEconomy,Refundable,6741.29,808.95,335.32,7885.56,INR,0,4.33,15kg,True
OBS000857,2026-02-19T00:00:00,cleartrip,SpiceJet,CCU,DEL,2026-03-11,2026-02-19,PremiumEconomy,Refundable,7208.23,864.99,245.07,8318.29,INR,0,1.9,15kg,False
OBS000858,2026-03-04T00:00:00,airline_site,AirIndia,CCU,DEL,2026-03-09,2026-03-04,Economy,NonRefundable,7551.63,906.2,308.92,8766.75,INR,1,1.47,25kg,False
OBS000859,2026-03-18T00:00:00,airline_site,IndiGo,CCU,DEL,2026-03-28,2026-03-18,PremiumEconomy,NonRefundable,6093.8,731.26,214.86,7039.92,INR,0,1.74,20kg,False
OBS000860,2026-03-06T00:00:00,mmt,SpiceJet,CCU,DEL,2026-03-16,2026-03-06,PremiumEconomy,NonRefundable,6778.65,813.44,283.88,7875.97,INR,0,3.05,25kg,True
OBS000861,2026-01-22T00:00:00,cleartrip,IndiGo,CCU,DEL,2026-03-03,2026-01-22,Economy,NonRefundable,6159.52,739.14,230.93,7129.59,INR,0,2.85,20kg,True
OBS000862,2026-02-14T00:00:00,airline_site,SpiceJet,CCU,DEL,2026-03-26,2026-02-14,Economy,NonRefundable,5887.37,706.48,251.6,6845.45,INR,0,1.32,25kg,True
OBS000863,2026-02-02T00:00:00,cleartrip,AirIndia,CCU,DEL,2026-03-14,2026-02-02,Economy,Refundable,6214.17,745.7,244.39,7204.26,INR,0,3.89,15kg,True
OBS000864,2026-02-18T00:00:00,airline_site,SpiceJet,CCU,DEL,2026-03-10,2026-02-18,PremiumEconomy,NonRefundable,6425.54,771.06,354.76,7551.36,INR,1,2.36,25kg,False
OBS000865,2026-01-06T00:00:00,cleartrip,AirIndia,CCU,DEL,2026-03-17,2026-01-06,Economy,NonRefundable,5903.92,708.47,264.71,6877.1,INR,1,2.14,25kg,False
OBS000866,2026-03-16T00:00:00,airline_site,IndiGo,CCU,DEL,2026-03-21,2026-03-16,Economy,Refundable,8554.25,1026.51,325.52,9906.28,INR,0,3.23,20kg,True
OBS000867,2026-01-13T00:00:00,airline_site,Vistara,BLR,BOM,2026-03-24,2026-01-13,PremiumEconomy,Refundable,3804.39,456.53,308.38,4569.3,INR,0,3.76,25kg,False
OBS000868,2026-03-02T00:00:00,airline_site,Vistara,BLR,BOM,2026-03-04,2026-03-02,PremiumEconomy,NonRefundable,4494.25,539.31,364.09,5397.65,INR,1,1.23,20kg,True
OBS000869,2026-03-12T00:00:00,goibibo,AirIndia,BLR,BOM,2026-03-17,2026-03-12,Economy,NonRefundable,4590.2,550.82,226.85,5367.87,INR,0,1.25,15kg,True
OBS000870,2026-01-16T00:00:00,cleartrip,Vistara,BLR,BOM,2026-03-27,2026-01-16,Economy,NonRefundable,4574.97,549.0,279.74,5403.71,INR,0,3.03,20kg,True
OBS000871,2026-02-08T00:00:00,goibibo,AirIndia,BLR,BOM,2026-03-20,2026-02-08,PremiumEconomy,Refundable,4013.7,481.64,382.99,4878.33,INR,1,4.18,25kg,True
OBS000872,2026-03-12T00:00:00,mmt,Akasa,BLR,BOM,2026-03-14,2026-03-12,Economy,NonRefundable,4913.0,589.56,174.89,5677.45,INR,0,3.96,15kg,True
OBS000873,2026-03-06T00:00:00,mmt,IndiGo,BLR,BOM,2026-03-07,2026-03-06,Economy,NonRefundable,5246.3,629.56,307.22,6183.08,INR,0,3.65,15kg,False
OBS000874,2026-02-09T00:00:00,mmt,AirIndia,BLR,BOM,2026-03-21,2026-02-09,Economy,NonRefundable,4291.73,515.01,344.4,5151.14,INR,0,2.97,15kg,False
OBS000875,2026-03-20T00:00:00,airline_site,Akasa,BLR,BOM,2026-03-25,2026-03-20,Economy,Refundable,4489.4,538.73,383.74,5411.87,INR,1,4.26,15kg,True
OBS000876,2026-02-28T00:00:00,mmt,IndiGo,BLR,BOM,2026-03-05,2026-02-28,Economy,NonRefundable,4399.28,527.91,215.5,5142.69,INR,0,4.21,15kg,False
OBS000877,2026-02-22T00:00:00,airline_site,AirIndia,BLR,BOM,2026-03-04,2026-02-22,PremiumEconomy,NonRefundable,4444.26,533.31,271.63,5249.2,INR,0,3.29,20kg,True
OBS000878,2026-03-01T00:00:00,mmt,Akasa,BLR,BOM,2026-03-06,2026-03-01,Economy,Refundable,4281.52,513.78,152.54,4947.84,INR,0,4.48,20kg,True
OBS000879,2026-02-14T00:00:00,airline_site,Akasa,BLR,BOM,2026-03-06,2026-02-14,Economy,Refundable,4058.23,486.99,198.21,4743.43,INR,0,4.06,15kg,True
OBS000880,2026-02-24T00:00:00,airline_site,AirIndia,BLR,BOM,2026-03-01,2026-02-24,PremiumEconomy,NonRefundable,3801.32,456.16,184.64,4442.12,INR,1,1.86,15kg,True
OBS000881,2026-03-03T00:00:00,goibibo,Akasa,BLR,BOM,2026-03-23,2026-03-03,PremiumEconomy,Refundable,3884.76,466.17,352.25,4703.18,INR,0,1.77,25kg,True
OBS000882,2026-03-12T00:00:00,cleartrip,AirIndia,BLR,BOM,2026-03-13,2026-03-12,Economy,NonRefundable,4537.65,544.52,295.91,5378.08,INR,1,4.11,20kg,True
OBS000883,2026-03-22T00:00:00,cleartrip,Vistara,BLR,BOM,2026-03-27,2026-03-22,Economy,NonRefundable,4286.06,514.33,257.33,5057.72,INR,0,4.14,25kg,True
OBS000884,2026-03-09T00:00:00,cleartrip,SpiceJet,BLR,BOM,2026-03-19,2026-03-09,Economy,Refundable,4011.65,481.4,223.37,4716.42,INR,0,3.87,20kg,True
OBS000885,2026-03-10T00:00:00,cleartrip,IndiGo,BLR,BOM,2026-03-12,2026-03-10,Economy,NonRefundable,5342.68,641.12,242.99,6226.79,INR,0,3.57,15kg,False
OBS000886,2026-01-08T00:00:00,mmt,Akasa,BLR,BOM,2026-03-19,2026-01-08,Economy,NonRefundable,4308.62,517.03,230.39,5056.04,INR,0,3.19,25kg,True
OBS000887,2026-02-12T00:00:00,airline_site,Akasa,BLR,BOM,2026-03-04,2026-02-12,PremiumEconomy,NonRefundable,4018.65,482.24,370.84,4871.73,INR,0,3.88,15kg,True
OBS000888,2025-12-22T00:00:00,airline_site,Vistara,BLR,BOM,2026-03-02,2025-12-22,PremiumEconomy,Refundable,4538.88,544.67,273.48,5357.03,INR,0,2.69,25kg,True
OBS000889,2026-03-09T00:00:00,airline_site,SpiceJet,BLR,BOM,2026-03-19,2026-03-09,PremiumEconomy,Refundable,4349.27,521.91,154.46,5025.64,INR,1,1.32,25kg,True
OBS000890,2026-01-30T00:00:00,goibibo,IndiGo,BLR,BOM,2026-03-11,2026-01-30,PremiumEconomy,NonRefundable,4165.01,499.8,154.07,4818.88,INR,0,2.25,20kg,False
OBS000891,2026-02-11T00:00:00,cleartrip,SpiceJet,BLR,BOM,2026-03-03,2026-02-11,PremiumEconomy,Refundable,4156.21,498.75,161.77,4816.73,INR,0,4.29,15kg,True
OBS000892,2026-03-07T00:00:00,mmt,IndiGo,BLR,BOM,2026-03-08,2026-03-07,PremiumEconomy,NonRefundable,4444.63,533.36,356.36,5334.35,INR,0,1.76,15kg,True
OBS000893,2026-03-07T00:00:00,cleartrip,IndiGo,BLR,BOM,2026-03-27,2026-03-07,Economy,Refundable,4860.13,583.22,367.0,5810.35,INR,0,1.45,20kg,False
OBS000894,2026-01-28T00:00:00,mmt,Akasa,BLR,BOM,2026-03-09,2026-01-28,PremiumEconomy,Refundable,4047.21,485.66,192.58,4725.45,INR,0,2.25,15kg,False
OBS000895,2026-03-11T00:00:00,goibibo,SpiceJet,BLR,BOM,2026-03-21,2026-03-11,PremiumEconomy,NonRefundable,4135.73,496.29,210.13,4842.15,INR,1,1.95,20kg,True
OBS000896,2026-03-22T00:00:00,mmt,AirIndia,BLR,BOM,2026-03-23,2026-03-22,Economy,Refundable,4481.91,537.83,238.25,5257.99,INR,1,1.4,15kg,True
OBS000897,2026-01-04T00:00:00,cleartrip,Vistara,BLR,BOM,2026-03-15,2026-01-04,PremiumEconomy,Refundable,3812.85,457.54,235.11,4505.5,INR,0,4.22,15kg,True
OBS000898,2026-03-03T00:00:00,mmt,SpiceJet,BLR,BOM,2026-03-13,2026-03-03,Economy,Refundable,4608.75,553.05,366.96,5528.76,INR,0,2.6,25kg,True
OBS000899,2026-03-08T00:00:00,airline_site,AirIndia,BLR,BOM,2026-03-28,2026-03-08,Economy,NonRefundable,3987.02,478.44,369.05,4834.51,INR,0,2.08,20kg,False
OBS000900,2026-03-07T00:00:00,airline_site,Vistara,BLR,BOM,2026-03-12,2026-03-07,PremiumEconomy,Refundable,4481.78,537.81,179.58,5199.17,INR,0,2.51,20kg,True
OBS000901,2026-02-20T00:00:00,goibibo,AirIndia,BLR,BOM,2026-03-02,2026-02-20,PremiumEconomy,Refundable,4320.83,518.5,312.16,5151.49,INR,1,1.78,20kg,False
OBS000902,2026-04-13T00:00:00,mmt,IndiGo,BLR,DEL,2026-04-14,2026-04-13,Economy,Refundable,8129.61,975.55,320.29,9425.45,INR,0,4.15,25kg,True
OBS000903,2026-04-07T00:00:00,goibibo,SpiceJet,BLR,DEL,2026-04-08,2026-04-07,PremiumEconomy,Refundable,7353.88,882.47,370.65,8607.0,INR,0,3.62,25kg,True
OBS000904,2026-04-14T00:00:00,mmt,Vistara,BLR,DEL,2026-04-16,2026-04-14,PremiumEconomy,NonRefundable,7649.33,917.92,192.76,8760.01,INR,0,1.51,25kg,False
OBS000905,2026-04-19T00:00:00,airline_site,AirIndia,BLR,DEL,2026-04-24,2026-04-19,Economy,NonRefundable,8000.29,960.03,192.56,9152.88,INR,1,1.67,15kg,False
OBS000906,2026-04-09T00:00:00,cleartrip,IndiGo,BLR,DEL,2026-04-14,2026-04-09,Economy,Refundable,6726.09,807.13,155.21,7688.43,INR,0,4.4,25kg,True
OBS000907,2026-02-05T00:00:00,cleartrip,AirIndia,BLR,DEL,2026-04-16,2026-02-05,Economy,Refundable,6571.01,788.52,354.73,7714.26,INR,0,1.53,25kg,True
OBS000908,2026-04-05T00:00:00,cleartrip,SpiceJet,BLR,DEL,2026-04-15,2026-04-05,PremiumEconomy,NonRefundable,7229.09,867.49,333.7,8430.28,INR,1,1.24,20kg,True
OBS000909,2026-04-18T00:00:00,goibibo,IndiGo,BLR,DEL,2026-04-23,2026-04-18,PremiumEconomy,Refundable,8252.24,990.27,364.24,9606.75,INR,0,4.43,15kg,True
OBS000910,2026-04-02T00:00:00,goibibo,Vistara,BLR,DEL,2026-04-12,2026-04-02,Economy,Refundable,6354.8,762.58,157.73,7275.11,INR,0,4.24,20kg,True
OBS000911,2026-02-28T00:00:00,mmt,Vistara,BLR,DEL,2026-04-09,2026-02-28,PremiumEconomy,NonRefundable,6080.18,729.62,262.32,7072.12,INR,1,3.14,20kg,True
OBS000912,2026-04-06T00:00:00,cleartrip,Akasa,BLR,DEL,2026-04-07,2026-04-06,Economy,NonRefundable,6634.99,796.2,294.88,7726.07,INR,1,3.07,20kg,True
OBS000913,2026-04-03T00:00:00,mmt,Akasa,BLR,DEL,2026-04-04,2026-04-03,PremiumEconomy,Refundable,6892.69,827.12,266.58,7986.39,INR,0,2.81,15kg,True
OBS000914,2026-03-22T00:00:00,cleartrip,Akasa,BLR,DEL,2026-04-01,2026-03-22,Economy,Refundable,6966.78,836.01,160.24,7963.03,INR,1,2.21,20kg,True
OBS000915,2026-02-11T00:00:00,cleartrip,Akasa,BLR,DEL,2026-04-22,2026-02-11,Economy,Refundable,6966.87,836.02,237.55,8040.44,INR,0,1.67,25kg,True
OBS000916,2026-03-25T00:00:00,cleartrip,AirIndia,BLR,DEL,2026-04-14,2026-03-25,Economy,NonRefundable,6568.66,788.24,379.56,7736.46,INR,0,2.02,25kg,False
OBS000917,2026-04-04T00:00:00,cleartrip,Akasa,BLR,DEL,2026-04-14,2026-04-04,PremiumEconomy,Refundable,7208.74,865.05,215.32,8289.11,INR,1,3.44,20kg,True
OBS000918,2026-02-11T00:00:00,mmt,SpiceJet,BLR,DEL,2026-04-22,2026-02-11,Economy,NonRefundable,6517.76,782.13,199.88,7499.77,INR,0,1.48,25kg,False
OBS000919,2026-04-16T00:00:00,mmt,Akasa,BLR,DEL,2026-04-18,2026-04-16,PremiumEconomy,NonRefundable,6848.16,821.78,259.22,7929.16,INR,0,2.75,20kg,False
OBS000920,2026-04-04T00:00:00,airline_site,SpiceJet,BLR,DEL,2026-04-14,2026-04-04,Economy,Refundable,7760.65,931.28,265.32,8957.25,INR,0,3.8,25kg,True
OBS000921,2026-03-16T00:00:00,goibibo,AirIndia,BLR,DEL,2026-04-05,2026-03-16,PremiumEconomy,Refundable,5913.56,709.63,223.34,6846.53,INR,1,3.86,25kg,False
OBS000922,2026-04-26T00:00:00,cleartrip,IndiGo,BLR,DEL,2026-04-27,2026-04-26,PremiumEconomy,Refundable,7629.93,915.59,171.16,8716.68,INR,0,3.07,25kg,True
OBS000923,2026-04-27T00:00:00,airline_site,AirIndia,BLR,DEL,2026-04-28,2026-04-27,Economy,NonRefundable,8449.08,1013.89,277.71,9740.68,INR,0,1.94,25kg,True
OBS000924,2026-03-01T00:00:00,airline_site,SpiceJet,BLR,DEL,2026-04-10,2026-03-01,Economy,Refundable,7048.35,845.8,227.72,8121.87,INR,0,1.2,25kg,True
OBS000925,2026-04-16T00:00:00,goibibo,SpiceJet,BLR,DEL,2026-04-17,2026-04-16,Economy,Refundable,7852.78,942.33,156.16,8951.27,INR,0,2.54,15kg,True
OBS000926,2026-02-16T00:00:00,goibibo,Akasa,BLR,DEL,2026-04-27,2026-02-16,Economy,NonRefundable,6812.73,817.53,286.68,7916.94,INR,0,3.3,15kg,True
OBS000927,2026-03-18T00:00:00,mmt,SpiceJet,BLR,DEL,2026-04-27,2026-03-18,PremiumEconomy,NonRefundable,6390.47,766.86,335.42,7492.75,INR,0,3.4,25kg,False
OBS000928,2026-03-03T00:00:00,goibibo,IndiGo,BLR,DEL,2026-04-12,2026-03-03,PremiumEconomy,NonRefundable,6298.36,755.8,218.8,7272.96,INR,1,1.69,20kg,False
OBS000929,2026-03-15T00:00:00,goibibo,IndiGo,BLR,DEL,2026-04-04,2026-03-15,PremiumEconomy,Refundable,6035.04,724.21,158.52,6917.77,INR,1,4.11,20kg,True
OBS000930,2026-03-30T00:00:00,mmt,Vistara,BLR,DEL,2026-04-01,2026-03-30,PremiumEconomy,Refundable,8272.26,992.67,239.44,9504.37,INR,0,3.36,20kg,True
OBS000931,2026-03-06T00:00:00,cleartrip,SpiceJet,BLR,DEL,2026-04-15,2026-03-06,Economy,NonRefundable,6749.13,809.9,346.24,7905.27,INR,1,4.38,25kg,True
OBS000932,2026-03-10T00:00:00,cleartrip,AirIndia,BLR,DEL,2026-04-19,2026-03-10,PremiumEconomy,NonRefundable,6343.15,761.18,381.85,7486.18,INR,1,1.42,15kg,True
OBS000933,2026-04-07T00:00:00,cleartrip,AirIndia,BLR,DEL,2026-04-08,2026-04-07,Economy,Refundable,7472.7,896.72,319.83,8689.25,INR,0,3.6,20kg,False
OBS000934,2026-04-02T00:00:00,airline_site,IndiGo,BLR,DEL,2026-04-03,2026-04-02,Economy,NonRefundable,7211.28,865.35,302.98,8379.61,INR,0,3.2,15kg,True
OBS000935,2026-04-10T00:00:00,mmt,AirIndia,BLR,DEL,2026-04-11,2026-04-10,PremiumEconomy,NonRefundable,7654.04,918.48,397.22,8969.74,INR,1,3.44,15kg,True
OBS000936,2026-04-22T00:00:00,mmt,IndiGo,BLR,DEL,2026-04-24,2026-04-22,Economy,Refundable,7176.44,861.17,258.52,8296.13,INR,0,1.31,15kg,True
OBS000937,2026-02-01T00:00:00,mmt,Akasa,BLR,DEL,2026-04-12,2026-02-01,PremiumEconomy,Refundable,6013.58,721.63,167.99,6903.2,INR,0,3.08,20kg,True
OBS000938,2026-03-31T00:00:00,airline_site,SpiceJet,DEL,BOM,2026-04-20,2026-03-31,PremiumEconomy,NonRefundable,4621.92,554.63,363.36,5539.91,INR,0,3.08,15kg,True
OBS000939,2026-04-03T00:00:00,airline_site,AirIndia,DEL,BOM,2026-04-04,2026-04-03,PremiumEconomy,NonRefundable,5099.27,611.91,285.13,5996.31,INR,1,3.52,15kg,True
OBS000940,2026-04-09T00:00:00,mmt,Akasa,DEL,BOM,2026-04-10,2026-04-09,PremiumEconomy,NonRefundable,5236.54,628.38,283.61,6148.53,INR,0,3.0,15kg,False
OBS000941,2026-02-28T00:00:00,cleartrip,IndiGo,DEL,BOM,2026-04-09,2026-02-28,Economy,Refundable,4693.86,563.26,215.22,5472.34,INR,0,4.25,25kg,True
OBS000942,2026-03-29T00:00:00,airline_site,Vistara,DEL,BOM,2026-04-08,2026-03-29,Economy,NonRefundable,4707.18,564.86,168.23,5440.27,INR,0,4.13,20kg,True
OBS000943,2026-02-28T00:00:00,cleartrip,SpiceJet,DEL,BOM,2026-04-09,2026-02-28,PremiumEconomy,NonRefundable,4472.26,536.67,276.9,5285.83,INR,0,1.27,15kg,True
OBS000944,2026-02-14T00:00:00,goibibo,IndiGo,DEL,BOM,2026-04-25,2026-02-14,PremiumEconomy,Refundable,4405.59,528.67,352.84,5287.1,INR,1,3.73,25kg,True
OBS000945,2026-03-05T00:00:00,cleartrip,Vistara,DEL,BOM,2026-04-14,2026-03-05,Economy,NonRefundable,4210.09,505.21,259.49,4974.79,INR,1,4.23,15kg,True
OBS000946,2026-03-14T00:00:00,goibibo,Akasa,DEL,BOM,2026-04-03,2026-03-14,Economy,Refundable,4465.79,535.9,152.51,5154.2,INR,0,3.88,15kg,True
OBS000947,2026-03-26T00:00:00,mmt,Vistara,DEL,BOM,2026-04-05,2026-03-26,Economy,NonRefundable,4690.91,562.91,237.42,5491.24,INR,1,3.37,25kg,True
OBS000948,2026-03-29T00:00:00,mmt,SpiceJet,DEL,BOM,2026-04-03,2026-03-29,PremiumEconomy,Refundable,5080.39,609.65,384.59,6074.63,INR,1,3.55,20kg,True
OBS000949,2026-03-19T00:00:00,airline_site,IndiGo,DEL,BOM,2026-04-28,2026-03-19,PremiumEconomy,NonRefundable,4408.09,528.97,229.71,5166.77,INR,1,2.12,15kg,True
OBS000950,2026-04-07T00:00:00,mmt,IndiGo,DEL,BOM,2026-04-27,2026-04-07,PremiumEconomy,Refundable,5121.6,614.59,207.63,5943.82,INR,0,4.43,25kg,False
OBS000951,2026-02-10T00:00:00,airline_site,Vistara,DEL,BOM,2026-04-21,2026-02-10,PremiumEconomy,NonRefundable,4215.72,505.89,274.73,4996.34,INR,0,3.93,15kg,True
OBS000952,2026-01-29T00:00:00,goibibo,IndiGo,DEL,BOM,2026-04-09,2026-01-29,PremiumEconomy,NonRefundable,4430.57,531.67,302.44,5264.68,INR,1,1.35,15kg,False
OBS000953,2026-02-25T00:00:00,cleartrip,IndiGo,DEL,BOM,2026-04-06,2026-02-25,PremiumEconomy,NonRefundable,4276.88,513.23,226.29,5016.4,INR,0,3.7,20kg,False
OBS000954,2026-04-18T00:00:00,airline_site,IndiGo,DEL,BOM,2026-04-28,2026-04-18,PremiumEconomy,NonRefundable,4695.06,563.41,345.65,5604.12,INR,1,2.6,25kg,True
OBS000955,2026-03-27T00:00:00,airline_site,Vistara,DEL,BOM,2026-04-06,2026-03-27,PremiumEconomy,Refundable,3504.43,420.53,209.56,4134.52,INR,0,3.75,20kg,True
OBS000956,2026-04-09T00:00:00,cleartrip,Vistara,DEL,BOM,2026-04-19,2026-04-09,PremiumEconomy,NonRefundable,4881.23,585.75,159.65,5626.63,INR,0,1.61,25kg,True
OBS000957,2026-04-22T00:00:00,airline_site,SpiceJet,DEL,BOM,2026-04-27,2026-04-22,Economy,NonRefundable,5220.54,626.47,154.32,6001.33,INR,1,3.3,25kg,True
OBS000958,2026-04-13T00:00:00,airline_site,Vistara,DEL,BOM,2026-04-14,2026-04-13,PremiumEconomy,Refundable,4864.41,583.73,294.89,5743.03,INR,1,1.79,20kg,True
OBS000959,2026-04-18T00:00:00,airline_site,AirIndia,DEL,BOM,2026-04-28,2026-04-18,Economy,Refundable,5009.39,601.13,186.73,5797.25,INR,0,3.46,20kg,True
OBS000960,2026-03-13T00:00:00,airline_site,Vistara,DEL,BOM,2026-04-02,2026-03-13,PremiumEconomy,Refundable,4735.61,568.27,329.34,5633.22,INR,0,2.98,15kg,True
OBS000961,2026-04-11T00:00:00,mmt,AirIndia,DEL,BOM,2026-04-12,2026-04-11,PremiumEconomy,NonRefundable,5636.41,676.37,277.76,6590.54,INR,1,1.44,20kg,True
OBS000962,2026-04-04T00:00:00,cleartrip,Vistara,DEL,BOM,2026-04-05,2026-04-04,PremiumEconomy,NonRefundable,5447.67,653.72,231.64,6333.03,INR,1,4.31,20kg,True
OBS000963,2026-04-01T00:00:00,airline_site,IndiGo,DEL,BOM,2026-04-06,2026-04-01,Economy,NonRefundable,5854.91,702.59,377.97,6935.47,INR,0,4.3,20kg,True
OBS000964,2026-03-13T00:00:00,airline_site,IndiGo,DEL,BOM,2026-04-22,2026-03-13,Economy,NonRefundable,4604.91,552.59,187.52,5345.02,INR,0,4.0,25kg,True
OBS000965,2026-04-10T00:00:00,mmt,Akasa,DEL,BOM,2026-04-20,2026-04-10,PremiumEconomy,Refundable,4400.77,528.09,229.23,5158.09,INR,0,2.0,20kg,True
OBS000966,2026-04-10T00:00:00,airline_site,AirIndia,DEL,BOM,2026-04-15,2026-04-10,PremiumEconomy,NonRefundable,4566.74,548.01,337.05,5451.8,INR,0,1.46,25kg,True
OBS000967,2026-03-03T00:00:00,mmt,Akasa,DEL,BOM,2026-04-12,2026-03-03,Economy,Refundable,4128.75,495.45,346.58,4970.78,INR,1,3.42,25kg,True
OBS000968,2026-04-15T00:00:00,cleartrip,Vistara,DEL,BOM,2026-04-20,2026-04-15,Economy,Refundable,5001.18,600.14,348.96,5950.28,INR,1,2.59,15kg,False
OBS000969,2026-04-23T00:00:00,airline_site,SpiceJet,BOM,BLR,2026-04-25,2026-04-23,PremiumEconomy,NonRefundable,4731.4,567.77,153.88,5453.05,INR,0,1.62,15kg,False
OBS000970,2026-02-20T00:00:00,airline_site,AirIndia,BOM,BLR,2026-04-01,2026-02-20,PremiumEconomy,NonRefundable,3200.37,384.04,191.73,3776.14,INR,0,1.62,25kg,True
OBS000971,2026-04-18T00:00:00,airline_site,IndiGo,BOM,BLR,2026-04-23,2026-04-18,Economy,NonRefundable,4522.41,542.69,374.59,5439.69,INR,1,4.21,25kg,False
OBS000972,2026-02-13T00:00:00,goibibo,AirIndia,BOM,BLR,2026-04-24,2026-02-13,Economy,Refundable,3952.43,474.29,258.92,4685.64,INR,0,4.16,25kg,True
OBS000973,2026-03-13T00:00:00,cleartrip,IndiGo,BOM,BLR,2026-04-22,2026-03-13,Economy,NonRefundable,3302.78,396.33,194.18,3893.29,INR,1,2.33,25kg,False
OBS000974,2026-04-05T00:00:00,mmt,AirIndia,BOM,BLR,2026-04-10,2026-04-05,Economy,Refundable,4100.69,492.08,246.02,4838.79,INR,1,2.91,25kg,True
OBS000975,2026-03-30T00:00:00,goibibo,AirIndia,BOM,BLR,2026-04-04,2026-03-30,Economy,NonRefundable,3984.3,478.12,218.46,4680.88,INR,0,4.46,15kg,True
OBS000976,2026-04-17T00:00:00,mmt,Akasa,BOM,BLR,2026-04-22,2026-04-17,Economy,Refundable,4177.02,501.24,185.25,4863.51,INR,0,4.37,25kg,True
OBS000977,2026-03-22T00:00:00,goibibo,SpiceJet,BOM,BLR,2026-04-01,2026-03-22,Economy,NonRefundable,3787.74,454.53,200.79,4443.06,INR,0,4.23,25kg,True
OBS000978,2026-04-05T00:00:00,airline_site,AirIndia,BOM,BLR,2026-04-15,2026-04-05,PremiumEconomy,Refundable,3694.12,443.29,273.31,4410.72,INR,0,3.85,25kg,True
OBS000979,2026-04-23T00:00:00,airline_site,Vistara,BOM,BLR,2026-04-24,2026-04-23,Economy,NonRefundable,4044.24,485.31,219.03,4748.58,INR,0,4.28,25kg,True
OBS000980,2026-01-27T00:00:00,airline_site,IndiGo,BOM,BLR,2026-04-07,2026-01-27,Economy,Refundable,3839.44,460.73,289.54,4589.71,INR,1,4.08,15kg,True
OBS000981,2026-03-30T00:00:00,cleartrip,AirIndia,BOM,BLR,2026-04-09,2026-03-30,Economy,Refundable,4073.38,488.81,333.39,4895.58,INR,0,1.21,15kg,False
OBS000982,2026-03-29T00:00:00,mmt,IndiGo,BOM,BLR,2026-04-18,2026-03-29,PremiumEconomy,NonRefundable,3964.27,475.71,202.14,4642.12,INR,1,3.28,15kg,True
OBS000983,2026-03-27T00:00:00,mmt,Vistara,BOM,BLR,2026-04-16,2026-03-27,PremiumEconomy,NonRefundable,3442.73,413.13,225.03,4080.89,INR,1,3.17,25kg,False
OBS000984,2026-04-09T00:00:00,cleartrip,SpiceJet,BOM,BLR,2026-04-10,2026-04-09,PremiumEconomy,NonRefundable,4053.92,486.47,204.73,4745.12,INR,0,3.39,15kg,True
OBS000985,2026-04-10T00:00:00,mmt,SpiceJet,BOM,BLR,2026-04-15,2026-04-10,PremiumEconomy,NonRefundable,3861.06,463.33,249.52,4573.91,INR,0,1.3,20kg,True
OBS000986,2026-02-17T00:00:00,cleartrip,Vistara,BOM,BLR,2026-04-28,2026-02-17,PremiumEconomy,NonRefundable,3319.65,398.36,252.25,3970.26,INR,1,3.87,20kg,False
OBS000987,2026-04-08T00:00:00,airline_site,Vistara,BOM,BLR,2026-04-09,2026-04-08,PremiumEconomy,NonRefundable,4169.05,500.29,234.96,4904.3,INR,0,3.09,15kg,True
OBS000988,2026-03-16T00:00:00,cleartrip,AirIndia,BOM,BLR,2026-04-25,2026-03-16,Economy,Refundable,3995.5,479.46,177.58,4652.54,INR,1,1.5,25kg,True
OBS000989,2026-02-01T00:00:00,mmt,Vistara,BOM,BLR,2026-04-12,2026-02-01,Economy,Refundable,3551.56,426.19,162.3,4140.05,INR,1,4.04,15kg,True
OBS000990,2026-04-24T00:00:00,cleartrip,SpiceJet,BOM,BLR,2026-04-26,2026-04-24,Economy,Refundable,4058.24,486.99,377.66,4922.89,INR,0,1.32,15kg,True
OBS000991,2026-04-07T00:00:00,airline_site,AirIndia,BOM,BLR,2026-04-17,2026-04-07,Economy,Refundable,3776.41,453.17,220.77,4450.35,INR,0,3.67,20kg,False
OBS000992,2026-01-25T00:00:00,cleartrip,IndiGo,BOM,BLR,2026-04-05,2026-01-25,Economy,Refundable,3460.77,415.29,335.13,4211.19,INR,1,1.27,25kg,True
OBS000993,2026-02-23T00:00:00,cleartrip,Vistara,BOM,BLR,2026-04-04,2026-02-23,PremiumEconomy,Refundable,3301.29,396.15,357.87,4055.31,INR,0,2.1,15kg,True
OBS000994,2026-02-28T00:00:00,goibibo,Vistara,BOM,BLR,2026-04-09,2026-02-28,PremiumEconomy,Refundable,3392.76,407.13,294.05,4093.94,INR,0,4.39,25kg,True
OBS000995,2026-04-11T00:00:00,airline_site,SpiceJet,BOM,BLR,2026-04-16,2026-04-11,PremiumEconomy,NonRefundable,4351.3,522.16,211.15,5084.61,INR,0,2.69,25kg,True
OBS000996,2026-02-02T00:00:00,cleartrip,SpiceJet,BOM,BLR,2026-04-13,2026-02-02,Economy,NonRefundable,3349.57,401.95,208.03,3959.55,INR,0,1.67,25kg,True
OBS000997,2026-03-15T00:00:00,mmt,IndiGo,BOM,BLR,2026-04-04,2026-03-15,Economy,NonRefundable,3816.62,457.99,272.45,4547.06,INR,1,2.93,25kg,True
OBS000998,2026-01-22T00:00:00,goibibo,Vistara,BOM,BLR,2026-04-02,2026-01-22,PremiumEconomy,Refundable,4036.64,484.4,273.35,4794.39,INR,0,2.26,25kg,False
OBS000999,2026-04-27T00:00:00,goibibo,Akasa,BOM,BLR,2026-04-28,2026-04-27,PremiumEconomy,NonRefundable,4205.41,504.65,290.6,5000.66,INR,0,2.26,25kg,False
OBS001000,2026-03-28T00:00:00,airline_site,IndiGo,BOM,BLR,2026-04-17,2026-03-28,PremiumEconomy,Refundable,3734.11,448.09,364.66,4546.86,INR,1,1.62,15kg,True
OBS001001,2026-03-08T00:00:00,airline_site,IndiGo,BOM,BLR,2026-04-17,2026-03-08,PremiumEconomy,NonRefundable,3677.0,441.24,367.44,4485.68,INR,0,3.27,25kg,False
OBS001002,2026-02-24T00:00:00,goibibo,SpiceJet,BOM,BLR,2026-04-05,2026-02-24,Economy,NonRefundable,3671.12,440.53,368.55,4480.2,INR,0,2.64,20kg,True
OBS001003,2026-04-12T00:00:00,mmt,Vistara,BOM,BLR,2026-04-17,2026-04-12,Economy,NonRefundable,3786.95,454.43,312.56,4553.94,INR,0,2.76,15kg,True
OBS001004,2026-03-15T00:00:00,mmt,AirIndia,BOM,BLR,2026-04-24,2026-03-15,PremiumEconomy,Refundable,3360.53,403.26,399.05,4162.84,INR,0,2.57,15kg,False
OBS001005,2026-04-02T00:00:00,goibibo,Vistara,BOM,BLR,2026-04-03,2026-04-02,Economy,Refundable,4149.11,497.89,323.51,4970.51,INR,1,3.16,15kg,True
OBS001006,2026-04-01T00:00:00,cleartrip,IndiGo,BOM,BLR,2026-04-21,2026-04-01,Economy,NonRefundable,3710.3,445.24,370.84,4526.38,INR,0,3.91,20kg,True
OBS001007,2026-03-23T00:00:00,mmt,IndiGo,BOM,BLR,2026-04-12,2026-03-23,Economy,Refundable,3611.69,433.4,290.28,4335.37,INR,0,2.12,20kg,True
OBS001008,2026-01-25T00:00:00,goibibo,Vistara,BOM,BLR,2026-04-05,2026-01-25,PremiumEconomy,NonRefundable,2883.92,346.07,280.58,3510.57,INR,0,1.75,15kg,True
OBS001009,2026-04-06T00:00:00,cleartrip,IndiGo,DEL,HYD,2026-04-26,2026-04-06,Economy,Refundable,6953.46,834.42,368.65,8156.53,INR,1,2.6,20kg,True
OBS001010,2026-03-21T00:00:00,mmt,Akasa,DEL,HYD,2026-04-10,2026-03-21,PremiumEconomy,NonRefundable,7015.23,841.83,340.0,8197.06,INR,1,3.53,20kg,True
OBS001011,2026-04-07T00:00:00,mmt,AirIndia,DEL,HYD,2026-04-27,2026-04-07,PremiumEconomy,Refundable,6667.92,800.15,301.35,7769.42,INR,1,3.05,20kg,True
OBS001012,2026-04-21T00:00:00,goibibo,Vistara,DEL,HYD,2026-04-22,2026-04-21,Economy,Refundable,8312.59,997.51,289.48,9599.58,INR,0,4.02,25kg,True
OBS001013,2026-04-14T00:00:00,mmt,SpiceJet,DEL,HYD,2026-04-24,2026-04-14,PremiumEconomy,Refundable,7328.06,879.37,399.48,8606.91,INR,0,1.85,20kg,True
OBS001014,2026-03-12T00:00:00,airline_site,Vistara,DEL,HYD,2026-04-01,2026-03-12,PremiumEconomy,Refundable,7431.65,891.8,227.6,8551.05,INR,0,1.31,20kg,False
OBS001015,2026-04-12T00:00:00,airline_site,Akasa,DEL,HYD,2026-04-13,2026-04-12,Economy,NonRefundable,9082.62,1089.91,218.54,10391.07,INR,1,2.82,20kg,True
OBS001016,2026-03-28T00:00:00,mmt,AirIndia,DEL,HYD,2026-04-02,2026-03-28,Economy,Refundable,7643.58,917.23,157.21,8718.02,INR,1,3.95,15kg,True
OBS001017,2026-03-06T00:00:00,cleartrip,AirIndia,DEL,HYD,2026-04-15,2026-03-06,Economy,NonRefundable,6641.95,797.03,364.47,7803.45,INR,0,4.16,15kg,True
OBS001018,2026-04-16T00:00:00,goibibo,SpiceJet,DEL,HYD,2026-04-17,2026-04-16,Economy,Refundable,7530.68,903.68,385.14,8819.5,INR,0,3.92,25kg,True
OBS001019,2026-04-19T00:00:00,mmt,Akasa,DEL,HYD,2026-04-24,2026-04-19,PremiumEconomy,Refundable,8243.07,989.17,218.88,9451.12,INR,0,2.23,25kg,True
OBS001020,2026-03-30T00:00:00,airline_site,Akasa,DEL,HYD,2026-04-04,2026-03-30,PremiumEconomy,Refundable,8003.6,960.43,266.56,9230.59,INR,0,4.23,15kg,True
OBS001021,2026-04-01T00:00:00,airline_site,AirIndia,DEL,HYD,2026-04-06,2026-04-01,PremiumEconomy,NonRefundable,6329.65,759.56,341.68,7430.89,INR,0,4.09,15kg,True
OBS001022,2026-03-18T00:00:00,mmt,AirIndia,DEL,HYD,2026-04-27,2026-03-18,PremiumEconomy,Refundable,5996.02,719.52,310.58,7026.12,INR,1,3.53,15kg,True
OBS001023,2026-03-16T00:00:00,mmt,AirIndia,DEL,HYD,2026-04-05,2026-03-16,PremiumEconomy,NonRefundable,6602.17,792.26,197.06,7591.49,INR,1,2.07,20kg,True
OBS001024,2026-04-14T00:00:00,goibibo,AirIndia,DEL,HYD,2026-04-19,2026-04-14,Economy,NonRefundable,8071.64,968.6,237.21,9277.45,INR,0,2.98,15kg,False
OBS001025,2026-03-03T00:00:00,cleartrip,IndiGo,DEL,HYD,2026-04-12,2026-03-03,Economy,NonRefundable,7117.11,854.05,201.86,8173.02,INR,0,2.74,15kg,True
OBS001026,2026-03-08T00:00:00,goibibo,AirIndia,DEL,HYD,2026-04-17,2026-03-08,PremiumEconomy,NonRefundable,5862.53,703.5,307.78,6873.81,INR,0,3.06,25kg,True
OBS001027,2026-03-02T00:00:00,mmt,SpiceJet,DEL,HYD,2026-04-11,2026-03-02,PremiumEconomy,NonRefundable,7160.53,859.26,375.26,8395.05,INR,0,3.34,15kg,True
OBS001028,2026-04-07T00:00:00,mmt,IndiGo,DEL,HYD,2026-04-12,2026-04-07,PremiumEconomy,NonRefundable,8022.69,962.72,190.69,9176.1,INR,1,3.61,20kg,True
OBS001029,2026-02-28T00:00:00,cleartrip,IndiGo,DEL,HYD,2026-04-09,2026-02-28,Economy,Refundable,6413.84,769.66,319.64,7503.14,INR,1,2.61,20kg,False
OBS001030,2026-04-18T00:00:00,mmt,Vistara,DEL,HYD,2026-04-19,2026-04-18,Economy,Refundable,8494.06,1019.29,191.01,9704.36,INR,0,3.39,15kg,True
OBS001031,2026-02-15T00:00:00,goibibo,IndiGo,BLR,HYD,2026-04-26,2026-02-15,Economy,Refundable,4718.47,566.22,249.0,5533.69,INR,0,2.19,15kg,True
OBS001032,2026-01-28T00:00:00,airline_site,AirIndia,BLR,HYD,2026-04-08,2026-01-28,Economy,NonRefundable,4767.02,572.04,200.83,5539.89,INR,0,2.78,20kg,True
OBS001033,2026-03-27T00:00:00,goibibo,SpiceJet,BLR,HYD,2026-04-16,2026-03-27,Economy,Refundable,4292.75,515.13,378.21,5186.09,INR,1,1.62,15kg,False
OBS001034,2026-04-20T00:00:00,goibibo,Akasa,BLR,HYD,2026-04-25,2026-04-20,PremiumEconomy,Refundable,4532.74,543.93,374.51,5451.18,INR,0,2.81,25kg,True
OBS001035,2026-03-19T00:00:00,airline_site,Akasa,BLR,HYD,2026-04-08,2026-03-19,PremiumEconomy,Refundable,4624.11,554.89,240.57,5419.57,INR,0,1.66,15kg,True
OBS001036,2026-04-02T00:00:00,cleartrip,SpiceJet,BLR,HYD,2026-04-07,2026-04-02,Economy,NonRefundable,5387.36,646.48,258.85,6292.69,INR,0,2.14,20kg,False
OBS001037,2026-03-28T00:00:00,airline_site,SpiceJet,BLR,HYD,2026-04-02,2026-03-28,Economy,NonRefundable,5531.63,663.8,190.89,6386.32,INR,0,3.36,20kg,True
OBS001038,2026-04-01T00:00:00,goibibo,SpiceJet,BLR,HYD,2026-04-06,2026-04-01,Economy,NonRefundable,5007.16,600.86,182.18,5790.2,INR,1,2.59,15kg,True
OBS001039,2026-04-09T00:00:00,goibibo,Akasa,BLR,HYD,2026-04-14,2026-04-09,PremiumEconomy,NonRefundable,5107.47,612.9,351.78,6072.15,INR,0,3.99,20kg,True
OBS001040,2026-04-24T00:00:00,goibibo,IndiGo,BLR,HYD,2026-04-26,2026-04-24,Economy,Refundable,5109.44,613.13,395.18,6117.75,INR,0,4.33,25kg,True
OBS001041,2026-03-18T00:00:00,airline_site,SpiceJet,BLR,HYD,2026-04-07,2026-03-18,PremiumEconomy,Refundable,4732.66,567.92,263.75,5564.33,INR,0,4.06,20kg,True
OBS001042,2026-03-13T00:00:00,cleartrip,SpiceJet,BLR,HYD,2026-04-02,2026-03-13,PremiumEconomy,NonRefundable,3971.89,476.63,321.6,4770.12,INR,0,2.99,15kg,True
OBS001043,2026-04-02T00:00:00,airline_site,Vistara,BLR,HYD,2026-04-12,2026-04-02,Economy,NonRefundable,5116.15,613.94,309.0,6039.09,INR,0,1.78,25kg,True
OBS001044,2026-02-24T00:00:00,goibibo,SpiceJet,BLR,HYD,2026-04-05,2026-02-24,PremiumEconomy,NonRefundable,4544.01,545.28,186.16,5275.45,INR,1,3.47,15kg,False
OBS001045,2026-04-01T00:00:00,airline_site,SpiceJet,BLR,HYD,2026-04-02,2026-04-01,Economy,NonRefundable,5332.38,639.89,302.34,6274.61,INR,0,2.59,15kg,True
OBS001046,2026-04-19T00:00:00,airline_site,SpiceJet,BLR,HYD,2026-04-24,2026-04-19,Economy,Refundable,5219.01,626.28,330.4,6175.69,INR,0,4.48,25kg,True
OBS001047,2026-02-12T00:00:00,goibibo,Vistara,BLR,HYD,2026-04-23,2026-02-12,Economy,NonRefundable,4957.71,594.93,203.8,5756.44,INR,0,3.2,15kg,True
OBS001048,2026-04-08T00:00:00,airline_site,SpiceJet,BLR,HYD,2026-04-09,2026-04-08,Economy,NonRefundable,5558.05,666.97,251.8,6476.82,INR,0,2.73,25kg,True
OBS001049,2026-04-02T00:00:00,cleartrip,Akasa,BLR,HYD,2026-04-04,2026-04-02,PremiumEconomy,NonRefundable,5425.85,651.1,205.26,6282.21,INR,0,2.99,20kg,True
OBS001050,2026-04-06T00:00:00,goibibo,AirIndia,BLR,HYD,2026-04-11,2026-04-06,PremiumEconomy,NonRefundable,5752.86,690.34,229.91,6673.11,INR,0,2.96,15kg,False
OBS001051,2026-03-30T00:00:00,goibibo,Akasa,BLR,HYD,2026-04-09,2026-03-30,PremiumEconomy,Refundable,5511.91,661.43,391.93,6565.27,INR,0,3.67,25kg,True
OBS001052,2026-04-05T00:00:00,goibibo,SpiceJet,BLR,HYD,2026-04-10,2026-04-05,Economy,Refundable,5278.82,633.46,337.71,6249.99,INR,0,3.26,25kg,False
OBS001053,2026-02-03T00:00:00,goibibo,AirIndia,BLR,HYD,2026-04-14,2026-02-03,PremiumEconomy,Refundable,5469.69,656.36,289.11,6415.16,INR,1,3.2,15kg,True
OBS001054,2026-04-11T00:00:00,airline_site,Akasa,BLR,HYD,2026-04-13,2026-04-11,PremiumEconomy,Refundable,5488.46,658.62,202.83,6349.91,INR,0,3.73,25kg,False
OBS001055,2026-04-08T00:00:00,cleartrip,Vistara,BLR,HYD,2026-04-18,2026-04-08,PremiumEconomy,Refundable,4619.18,554.3,375.11,5548.59,INR,0,2.86,25kg,False
OBS001056,2026-01-28T00:00:00,goibibo,Vistara,BLR,HYD,2026-04-08,2026-01-28,PremiumEconomy,Refundable,4711.51,565.38,250.99,5527.88,INR,0,2.52,15kg,True
OBS001057,2026-04-15T00:00:00,goibibo,SpiceJet,BLR,HYD,2026-04-25,2026-04-15,PremiumEconomy,Refundable,4457.1,534.85,174.58,5166.53,INR,0,3.24,15kg,True
OBS001058,2026-03-31T00:00:00,airline_site,Vistara,BLR,HYD,2026-04-20,2026-03-31,Economy,Refundable,4054.17,486.5,333.04,4873.71,INR,1,3.46,20kg,True
OBS001059,2026-04-04T00:00:00,mmt,AirIndia,BLR,HYD,2026-04-24,2026-04-04,PremiumEconomy,NonRefundable,4899.9,587.99,288.01,5775.9,INR,0,1.78,25kg,True
OBS001060,2026-03-31T00:00:00,airline_site,AirIndia,MAA,DEL,2026-04-05,2026-03-31,PremiumEconomy,NonRefundable,4725.93,567.11,166.2,5459.24,INR,0,3.46,20kg,True
OBS001061,2026-04-24T00:00:00,cleartrip,AirIndia,MAA,DEL,2026-04-26,2026-04-24,Economy,NonRefundable,5823.15,698.78,177.79,6699.72,INR,0,1.22,15kg,False
OBS001062,2026-04-08T00:00:00,goibibo,IndiGo,MAA,DEL,2026-04-28,2026-04-08,PremiumEconomy,NonRefundable,4443.25,533.19,398.88,5375.32,INR,0,3.56,25kg,True
OBS001063,2026-04-05T00:00:00,airline_site,Vistara,MAA,DEL,2026-04-15,2026-04-05,PremiumEconomy,NonRefundable,4849.64,581.96,352.92,5784.52,INR,1,3.8,15kg,True
OBS001064,2026-04-23T00:00:00,airline_site,AirIndia,MAA,DEL,2026-04-28,2026-04-23,PremiumEconomy,NonRefundable,4998.08,599.77,339.49,5937.34,INR,0,1.67,15kg,False
OBS001065,2026-04-02T00:00:00,goibibo,AirIndia,MAA,DEL,2026-04-07,2026-04-02,PremiumEconomy,NonRefundable,5606.84,672.82,168.52,6448.18,INR,0,3.47,20kg,False
OBS001066,2026-04-18T00:00:00,airline_site,AirIndia,MAA,DEL,2026-04-23,2026-04-18,Economy,NonRefundable,5462.02,655.44,292.06,6409.52,INR,0,1.93,20kg,True
OBS001067,2026-04-18T00:00:00,cleartrip,SpiceJet,MAA,DEL,2026-04-23,2026-04-18,PremiumEconomy,NonRefundable,4898.5,587.82,291.91,5778.23,INR,0,3.65,25kg,True
OBS001068,2026-03-16T00:00:00,goibibo,Vistara,MAA,DEL,2026-04-05,2026-03-16,Economy,Refundable,5052.72,606.33,223.08,5882.13,INR,0,3.12,15kg,True
OBS001069,2026-04-04T00:00:00,goibibo,SpiceJet,MAA,DEL,2026-04-09,2026-04-04,Economy,NonRefundable,5002.88,600.35,399.03,6002.26,INR,0,3.14,25kg,True
OBS001070,2026-04-12T00:00:00,goibibo,AirIndia,MAA,DEL,2026-04-17,2026-04-12,PremiumEconomy,Refundable,4458.05,534.97,244.49,5237.51,INR,1,4.16,15kg,True
OBS001071,2026-04-09T00:00:00,airline_site,AirIndia,MAA,DEL,2026-04-11,2026-04-09,PremiumEconomy,NonRefundable,5217.79,626.14,219.58,6063.51,INR,1,3.08,25kg,True
OBS001072,2026-03-18T00:00:00,mmt,AirIndia,MAA,DEL,2026-04-27,2026-03-18,PremiumEconomy,Refundable,4755.41,570.65,361.44,5687.5,INR,1,3.27,20kg,True
OBS001073,2026-03-20T00:00:00,airline_site,IndiGo,MAA,DEL,2026-04-09,2026-03-20,PremiumEconomy,Refundable,5194.9,623.39,284.43,6102.72,INR,0,2.05,25kg,True
OBS001074,2026-03-14T00:00:00,mmt,SpiceJet,MAA,DEL,2026-04-23,2026-03-14,Economy,Refundable,4348.7,521.84,364.38,5234.92,INR,0,3.02,15kg,True
OBS001075,2026-02-13T00:00:00,cleartrip,IndiGo,MAA,DEL,2026-04-24,2026-02-13,Economy,Refundable,5198.11,623.77,183.14,6005.02,INR,0,3.13,25kg,False
OBS001076,2026-04-14T00:00:00,airline_site,Vistara,MAA,DEL,2026-04-15,2026-04-14,Economy,Refundable,4930.71,591.69,284.23,5806.63,INR,1,1.58,15kg,False
OBS001077,2026-04-06T00:00:00,airline_site,Akasa,MAA,DEL,2026-04-07,2026-04-06,PremiumEconomy,Refundable,5106.36,612.76,271.81,5990.93,INR,1,3.77,15kg,False
OBS001078,2026-03-27T00:00:00,cleartrip,SpiceJet,MAA,DEL,2026-04-01,2026-03-27,Economy,NonRefundable,5050.15,606.02,338.64,5994.81,INR,1,2.9,25kg,True
OBS001079,2026-01-29T00:00:00,cleartrip,SpiceJet,MAA,DEL,2026-04-09,2026-01-29,Economy,Refundable,4192.32,503.08,319.46,5014.86,INR,1,1.22,25kg,False
OBS001080,2026-04-14T00:00:00,goibibo,Vistara,MAA,DEL,2026-04-16,2026-04-14,Economy,NonRefundable,5250.19,630.02,194.7,6074.91,INR,0,3.31,25kg,True
OBS001081,2026-01-27T00:00:00,cleartrip,Vistara,MAA,DEL,2026-04-07,2026-01-27,PremiumEconomy,Refundable,4719.09,566.29,226.8,5512.18,INR,0,4.26,15kg,True
OBS001082,2026-04-09T00:00:00,goibibo,AirIndia,MAA,DEL,2026-04-11,2026-04-09,Economy,Refundable,5523.8,662.86,197.98,6384.64,INR,0,4.36,20kg,False
OBS001083,2026-03-16T00:00:00,cleartrip,Vistara,MAA,DEL,2026-04-25,2026-03-16,Economy,NonRefundable,4413.6,529.63,268.0,5211.23,INR,0,3.6,25kg,True
OBS001084,2026-04-10T00:00:00,goibibo,SpiceJet,MAA,DEL,2026-04-15,2026-04-10,Economy,NonRefundable,6071.07,728.53,256.32,7055.92,INR,0,4.4,20kg,True
OBS001085,2026-02-04T00:00:00,cleartrip,Vistara,MAA,DEL,2026-04-15,2026-02-04,PremiumEconomy,Refundable,4414.48,529.74,200.55,5144.77,INR,0,2.61,20kg,True
OBS001086,2026-03-29T00:00:00,mmt,Akasa,MAA,DEL,2026-04-18,2026-03-29,PremiumEconomy,NonRefundable,5175.31,621.04,334.75,6131.1,INR,0,1.45,15kg,True
OBS001087,2026-04-14T00:00:00,airline_site,SpiceJet,MAA,DEL,2026-04-24,2026-04-14,PremiumEconomy,Refundable,5265.64,631.88,388.01,6285.53,INR,0,4.46,25kg,False
OBS001088,2026-04-01T00:00:00,cleartrip,Vistara,MAA,DEL,2026-04-02,2026-04-01,PremiumEconomy,NonRefundable,5188.14,622.58,164.03,5974.75,INR,0,1.57,15kg,True
OBS001089,2026-01-31T00:00:00,cleartrip,Akasa,MAA,DEL,2026-04-11,2026-01-31,Economy,Refundable,4441.46,532.97,368.49,5342.92,INR,1,2.01,25kg,True
OBS001090,2026-02-06T00:00:00,airline_site,AirIndia,DEL,MAA,2026-04-17,2026-02-06,Economy,NonRefundable,3934.28,472.11,222.85,4629.24,INR,0,4.19,20kg,True
OBS001091,2026-04-01T00:00:00,cleartrip,Vistara,DEL,MAA,2026-04-06,2026-04-01,Economy,Refundable,4785.9,574.31,233.25,5593.46,INR,0,3.32,20kg,False
OBS001092,2026-04-16T00:00:00,airline_site,Akasa,DEL,MAA,2026-04-26,2026-04-16,PremiumEconomy,Refundable,4982.51,597.9,349.52,5929.93,INR,1,4.49,25kg,True
OBS001093,2026-04-06T00:00:00,airline_site,Akasa,DEL,MAA,2026-04-26,2026-04-06,Economy,Refundable,4136.58,496.39,308.59,4941.56,INR,0,3.84,15kg,False
OBS001094,2026-03-11T00:00:00,airline_site,SpiceJet,DEL,MAA,2026-04-20,2026-03-11,PremiumEconomy,NonRefundable,4643.53,557.22,398.24,5598.99,INR,1,4.13,25kg,True
OBS001095,2026-04-16T00:00:00,goibibo,IndiGo,DEL,MAA,2026-04-21,2026-04-16,PremiumEconomy,NonRefundable,5786.18,694.34,234.95,6715.47,INR,0,3.26,20kg,True
OBS001096,2026-03-30T00:00:00,mmt,Vistara,DEL,MAA,2026-04-01,2026-03-30,Economy,NonRefundable,5729.78,687.57,230.6,6647.95,INR,1,3.36,15kg,True
OBS001097,2026-02-12T00:00:00,cleartrip,AirIndia,DEL,MAA,2026-04-23,2026-02-12,Economy,Refundable,4407.53,528.9,187.07,5123.5,INR,0,3.77,25kg,True
OBS001098,2026-03-29T00:00:00,mmt,AirIndia,DEL,MAA,2026-04-03,2026-03-29,Economy,NonRefundable,5116.87,614.02,367.64,6098.53,INR,0,2.6,20kg,True
OBS001099,2026-01-27T00:00:00,goibibo,IndiGo,DEL,MAA,2026-04-07,2026-01-27,PremiumEconomy,Refundable,4495.83,539.5,374.72,5410.05,INR,1,4.06,25kg,True
OBS001100,2026-04-12T00:00:00,goibibo,AirIndia,DEL,MAA,2026-04-13,2026-04-12,Economy,NonRefundable,5709.37,685.12,261.7,6656.19,INR,0,1.51,15kg,True
OBS001101,2026-01-26T00:00:00,cleartrip,Vistara,DEL,MAA,2026-04-06,2026-01-26,PremiumEconomy,Refundable,4839.66,580.76,335.16,5755.58,INR,0,4.45,25kg,True
OBS001102,2026-04-11T00:00:00,goibibo,IndiGo,DEL,MAA,2026-04-16,2026-04-11,Economy,NonRefundable,6207.98,744.96,277.18,7230.12,INR,1,2.52,15kg,True
OBS001103,2026-04-07T00:00:00,cleartrip,AirIndia,DEL,MAA,2026-04-12,2026-04-07,Economy,NonRefundable,5474.43,656.93,361.95,6493.31,INR,1,1.25,20kg,True
OBS001104,2026-03-31T00:00:00,mmt,Akasa,DEL,MAA,2026-04-02,2026-03-31,Economy,Refundable,5052.51,606.3,361.85,6020.66,INR,0,1.66,20kg,True
OBS001105,2026-03-13T00:00:00,cleartrip,Akasa,DEL,MAA,2026-04-02,2026-03-13,PremiumEconomy,Refundable,4858.9,583.07,315.24,5757.21,INR,1,1.77,25kg,True
OBS001106,2026-02-13T00:00:00,mmt,Vistara,DEL,MAA,2026-04-24,2026-02-13,Economy,Refundable,3917.68,470.12,352.58,4740.38,INR,0,2.84,20kg,False
OBS001107,2026-04-16T00:00:00,airline_site,Vistara,DEL,MAA,2026-04-21,2026-04-16,Economy,NonRefundable,5519.75,662.37,230.27,6412.39,INR,0,3.63,15kg,False
OBS001108,2026-03-13T00:00:00,mmt,AirIndia,DEL,MAA,2026-04-02,2026-03-13,Economy,Refundable,4462.27,535.47,244.26,5242.0,INR,0,4.16,15kg,False
OBS001109,2026-04-02T00:00:00,goibibo,AirIndia,DEL,MAA,2026-04-03,2026-04-02,Economy,NonRefundable,6004.05,720.49,253.77,6978.31,INR,1,2.75,20kg,True
OBS001110,2026-03-02T00:00:00,airline_site,SpiceJet,DEL,MAA,2026-04-11,2026-03-02,PremiumEconomy,Refundable,4538.66,544.64,285.0,5368.3,INR,0,1.92,15kg,True
OBS001111,2026-02-27T00:00:00,airline_site,AirIndia,DEL,MAA,2026-04-08,2026-02-27,Economy,NonRefundable,4762.69,571.52,250.96,5585.17,INR,0,3.61,20kg,True
OBS001112,2026-04-13T00:00:00,cleartrip,AirIndia,DEL,MAA,2026-04-23,2026-04-13,PremiumEconomy,NonRefundable,4982.75,597.93,317.09,5897.77,INR,0,3.38,25kg,True
OBS001113,2026-02-13T00:00:00,mmt,IndiGo,DEL,MAA,2026-04-24,2026-02-13,Economy,Refundable,4532.3,543.88,199.47,5275.65,INR,0,1.73,20kg,True
OBS001114,2026-04-09T00:00:00,cleartrip,AirIndia,DEL,MAA,2026-04-19,2026-04-09,PremiumEconomy,NonRefundable,4977.68,597.32,270.96,5845.96,INR,0,2.7,20kg,False
OBS001115,2026-02-23T00:00:00,cleartrip,AirIndia,DEL,MAA,2026-04-04,2026-02-23,PremiumEconomy,NonRefundable,4503.53,540.42,380.97,5424.92,INR,1,3.75,20kg,True
OBS001116,2026-02-11T00:00:00,cleartrip,IndiGo,DEL,MAA,2026-04-22,2026-02-11,PremiumEconomy,NonRefundable,5240.76,628.89,235.59,6105.24,INR,0,4.38,15kg,True
OBS001117,2026-03-29T00:00:00,mmt,Vistara,DEL,MAA,2026-04-08,2026-03-29,PremiumEconomy,NonRefundable,4992.06,599.05,328.17,5919.28,INR,1,3.03,15kg,True
OBS001118,2026-02-02T00:00:00,mmt,AirIndia,DEL,MAA,2026-04-13,2026-02-02,Economy,Refundable,4455.38,534.65,385.31,5375.34,INR,0,3.62,20kg,True
OBS001119,2026-02-08T00:00:00,mmt,Akasa,DEL,MAA,2026-04-19,2026-02-08,Economy,NonRefundable,4506.73,540.81,283.29,5330.83,INR,0,1.53,15kg,True
OBS001120,2026-02-16T00:00:00,goibibo,AirIndia,DEL,MAA,2026-04-27,2026-02-16,PremiumEconomy,Refundable,4597.4,551.69,329.02,5478.11,INR,1,2.18,25kg,False
OBS001121,2026-04-06T00:00:00,airline_site,Vistara,DEL,MAA,2026-04-16,2026-04-06,PremiumEconomy,Refundable,4622.91,554.75,225.0,5402.66,INR,0,1.4,20kg,True
OBS001122,2026-03-26T00:00:00,mmt,SpiceJet,DEL,MAA,2026-04-05,2026-03-26,Economy,NonRefundable,5459.94,655.19,355.61,6470.74,INR,1,3.15,15kg,True
OBS001123,2026-04-01T00:00:00,airline_site,Akasa,DEL,MAA,2026-04-03,2026-04-01,Economy,Refundable,5792.12,695.05,373.16,6860.33,INR,1,1.67,20kg,True
OBS001124,2026-02-20T00:00:00,cleartrip,Akasa,DEL,MAA,2026-04-01,2026-02-20,Economy,NonRefundable,4551.47,546.18,179.32,5276.97,INR,0,3.38,20kg,True
OBS001125,2026-03-09T00:00:00,cleartrip,Vistara,DEL,MAA,2026-04-18,2026-03-09,Economy,NonRefundable,4454.82,534.58,370.06,5359.46,INR,0,1.57,20kg,False
OBS001126,2026-04-17T00:00:00,goibibo,Vistara,DEL,MAA,2026-04-19,2026-04-17,Economy,Refundable,5290.14,634.82,369.06,6294.02,INR,0,4.49,25kg,True
OBS001127,2026-02-17T00:00:00,goibibo,IndiGo,BOM,DEL,2026-04-28,2026-02-17,Economy,NonRefundable,3658.22,438.99,390.81,4488.02,INR,0,4.19,25kg,True
OBS001128,2026-03-05T00:00:00,cleartrip,IndiGo,BOM,DEL,2026-04-14,2026-03-05,Economy,Refundable,3446.24,413.55,359.07,4218.86,INR,1,2.0,20kg,True
OBS001129,2026-04-09T00:00:00,goibibo,Akasa,BOM,DEL,2026-04-19,2026-04-09,PremiumEconomy,NonRefundable,4124.27,494.91,345.23,4964.41,INR,0,3.19,25kg,True
OBS001130,2026-04-18T00:00:00,mmt,Vistara,BOM,DEL,2026-04-19,2026-04-18,PremiumEconomy,NonRefundable,4586.09,550.33,179.37,5315.79,INR,0,2.35,20kg,False
OBS001131,2026-02-08T00:00:00,goibibo,IndiGo,BOM,DEL,2026-04-19,2026-02-08,Economy,Refundable,3220.63,386.48,353.29,3960.4,INR,0,3.28,20kg,True
OBS001132,2026-03-31T00:00:00,goibibo,Vistara,BOM,DEL,2026-04-10,2026-03-31,PremiumEconomy,NonRefundable,4090.16,490.82,350.47,4931.45,INR,0,4.41,15kg,True
OBS001133,2026-02-04T00:00:00,cleartrip,AirIndia,BOM,DEL,2026-04-15,2026-02-04,Economy,NonRefundable,4301.54,516.18,397.74,5215.46,INR,1,3.69,15kg,False
OBS001134,2026-04-27T00:00:00,mmt,Vistara,BOM,DEL,2026-04-28,2026-04-27,PremiumEconomy,Refundable,4863.54,583.62,233.44,5680.6,INR,0,3.31,20kg,False
OBS001135,2026-04-19T00:00:00,goibibo,Vistara,BOM,DEL,2026-04-21,2026-04-19,PremiumEconomy,NonRefundable,4690.24,562.83,363.99,5617.06,INR,0,3.69,15kg,True
OBS001136,2026-03-31T00:00:00,cleartrip,Akasa,BOM,DEL,2026-04-01,2026-03-31,PremiumEconomy,Refundable,4484.76,538.17,197.45,5220.38,INR,1,3.24,15kg,True
OBS001137,2026-04-02T00:00:00,cleartrip,AirIndia,BOM,DEL,2026-04-03,2026-04-02,PremiumEconomy,NonRefundable,4538.68,544.64,315.8,5399.12,INR,1,1.64,20kg,True
OBS001138,2026-03-19T00:00:00,cleartrip,Akasa,BOM,DEL,2026-04-28,2026-03-19,Economy,NonRefundable,3282.33,393.88,353.64,4029.85,INR,0,2.66,15kg,True
OBS001139,2026-04-16T00:00:00,mmt,AirIndia,BOM,DEL,2026-04-18,2026-04-16,Economy,NonRefundable,4531.53,543.78,273.62,5348.93,INR,0,1.68,20kg,True
OBS001140,2026-01-21T00:00:00,goibibo,SpiceJet,BOM,DEL,2026-04-01,2026-01-21,Economy,NonRefundable,3745.52,449.46,303.06,4498.04,INR,0,4.0,25kg,False
OBS001141,2026-04-01T00:00:00,cleartrip,Vistara,BOM,DEL,2026-04-21,2026-04-01,PremiumEconomy,NonRefundable,4641.12,556.93,336.7,5534.75,INR,0,4.17,15kg,True
OBS001142,2026-04-13T00:00:00,mmt,Vistara,BOM,DEL,2026-04-18,2026-04-13,Economy,Refundable,3856.08,462.73,169.26,4488.07,INR,0,4.44,25kg,False
OBS001143,2026-04-13T00:00:00,cleartrip,Akasa,BOM,DEL,2026-04-18,2026-04-13,Economy,NonRefundable,5034.29,604.11,206.96,5845.36,INR,0,3.1,15kg,False
OBS001144,2026-04-10T00:00:00,goibibo,IndiGo,BOM,DEL,2026-04-20,2026-04-10,Economy,Refundable,4589.03,550.68,274.28,5413.99,INR,1,3.04,15kg,True
OBS001145,2026-02-05T00:00:00,cleartrip,Akasa,BOM,DEL,2026-04-16,2026-02-05,PremiumEconomy,Refundable,3934.76,472.17,238.6,4645.53,INR,1,2.62,15kg,False
OBS001146,2026-02-26T00:00:00,cleartrip,Vistara,BOM,DEL,2026-04-07,2026-02-26,Economy,NonRefundable,3855.12,462.61,263.03,4580.76,INR,0,3.73,25kg,True
OBS001147,2026-04-27T00:00:00,airline_site,IndiGo,BOM,DEL,2026-04-28,2026-04-27,Economy,NonRefundable,4862.36,583.48,338.62,5784.46,INR,0,3.62,15kg,True
OBS001148,2026-04-25T00:00:00,goibibo,IndiGo,BOM,DEL,2026-04-27,2026-04-25,PremiumEconomy,Refundable,4657.4,558.89,157.37,5373.66,INR,0,4.32,25kg,False
OBS001149,2026-04-16T00:00:00,mmt,IndiGo,BOM,DEL,2026-04-26,2026-04-16,PremiumEconomy,NonRefundable,3923.77,470.85,361.82,4756.44,INR,0,3.53,20kg,False
OBS001150,2026-04-01T00:00:00,mmt,AirIndia,BOM,DEL,2026-04-03,2026-04-01,PremiumEconomy,Refundable,4968.04,596.16,215.13,5779.33,INR,0,2.69,15kg,True
OBS001151,2026-03-12T00:00:00,airline_site,AirIndia,BOM,DEL,2026-04-01,2026-03-12,Economy,Refundable,4341.65,521.0,320.68,5183.33,INR,0,2.28,20kg,True
OBS001152,2026-04-06T00:00:00,airline_site,AirIndia,BOM,DEL,2026-04-26,2026-04-06,Economy,NonRefundable,4117.19,494.06,290.84,4902.09,INR,0,2.97,20kg,True
OBS001153,2026-03-19T00:00:00,goibibo,AirIndia,BOM,DEL,2026-04-28,2026-03-19,Economy,NonRefundable,4332.23,519.87,293.5,5145.6,INR,0,3.25,25kg,True
OBS001154,2026-04-09T00:00:00,mmt,Akasa,CCU,DEL,2026-04-10,2026-04-09,Economy,Refundable,7345.41,881.45,237.26,8464.12,INR,1,1.84,15kg,True
OBS001155,2026-03-06T00:00:00,airline_site,Akasa,CCU,DEL,2026-04-15,2026-03-06,Economy,NonRefundable,6020.97,722.52,261.98,7005.47,INR,0,2.41,15kg,False
OBS001156,2026-01-27T00:00:00,cleartrip,IndiGo,CCU,DEL,2026-04-07,2026-01-27,PremiumEconomy,Refundable,6361.29,763.35,251.07,7375.71,INR,0,3.39,20kg,False
OBS001157,2026-04-05T00:00:00,mmt,Vistara,CCU,DEL,2026-04-25,2026-04-05,PremiumEconomy,NonRefundable,6250.76,750.09,183.87,7184.72,INR,1,2.44,20kg,True
OBS001158,2026-04-15T00:00:00,goibibo,Akasa,CCU,DEL,2026-04-16,2026-04-15,PremiumEconomy,NonRefundable,7387.75,886.53,230.38,8504.66,INR,1,4.47,20kg,True
OBS001159,2026-02-06T00:00:00,mmt,Vistara,CCU,DEL,2026-04-17,2026-02-06,Economy,Refundable,7734.3,928.12,226.78,8889.2,INR,0,4.39,20kg,True
OBS001160,2026-03-23T00:00:00,goibibo,Akasa,CCU,DEL,2026-04-12,2026-03-23,Economy,NonRefundable,6841.33,820.96,163.11,7825.4,INR,0,4.21,15kg,False
OBS001161,2026-04-04T00:00:00,mmt,Akasa,CCU,DEL,2026-04-06,2026-04-04,Economy,Refundable,7631.52,915.78,200.9,8748.2,INR,1,1.88,25kg,True
OBS001162,2026-04-09T00:00:00,cleartrip,AirIndia,CCU,DEL,2026-04-10,2026-04-09,PremiumEconomy,Refundable,7549.55,905.95,376.1,8831.6,INR,0,4.23,20kg,True
OBS001163,2026-04-03T00:00:00,goibibo,Akasa,CCU,DEL,2026-04-05,2026-04-03,PremiumEconomy,Refundable,6989.8,838.78,214.55,8043.13,INR,0,2.55,15kg,False
OBS001164,2026-04-17T00:00:00,mmt,SpiceJet,CCU,DEL,2026-04-27,2026-04-17,PremiumEconomy,Refundable,6457.84,774.94,244.28,7477.06,INR,1,1.34,20kg,True
OBS001165,2026-03-13T00:00:00,goibibo,IndiGo,CCU,DEL,2026-04-22,2026-03-13,Economy,NonRefundable,6640.35,796.84,178.82,7616.01,INR,0,4.31,20kg,False
OBS001166,2026-03-21T00:00:00,cleartrip,IndiGo,CCU,DEL,2026-04-10,2026-03-21,Economy,NonRefundable,7246.76,869.61,221.61,8337.98,INR,0,4.34,25kg,False
OBS001167,2026-04-05T00:00:00,airline_site,AirIndia,CCU,DEL,2026-04-07,2026-04-05,Economy,NonRefundable,7522.81,902.74,269.7,8695.25,INR,0,1.48,25kg,True
OBS001168,2026-03-29T00:00:00,goibibo,AirIndia,CCU,DEL,2026-04-08,2026-03-29,PremiumEconomy,Refundable,6888.74,826.65,303.83,8019.22,INR,0,3.74,25kg,True
OBS001169,2026-03-13T00:00:00,cleartrip,AirIndia,CCU,DEL,2026-04-02,2026-03-13,PremiumEconomy,NonRefundable,6813.72,817.65,364.87,7996.24,INR,0,4.18,15kg,False
OBS001170,2026-04-11T00:00:00,airline_site,AirIndia,CCU,DEL,2026-04-13,2026-04-11,Economy,Refundable,7719.11,926.29,386.71,9032.11,INR,0,3.37,20kg,True
OBS001171,2026-04-18T00:00:00,mmt,AirIndia,CCU,DEL,2026-04-28,2026-04-18,PremiumEconomy,Refundable,7281.89,873.83,282.14,8437.86,INR,0,3.46,20kg,True
OBS001172,2026-03-11T00:00:00,cleartrip,Vistara,CCU,DEL,2026-04-20,2026-03-11,Economy,Refundable,6680.16,801.62,192.48,7674.26,INR,0,3.46,15kg,False
OBS001173,2026-03-12T00:00:00,mmt,IndiGo,CCU,DEL,2026-04-01,2026-03-12,Economy,Refundable,6996.57,839.59,291.74,8127.9,INR,1,4.29,25kg,False
OBS001174,2026-03-01T00:00:00,goibibo,AirIndia,CCU,DEL,2026-04-10,2026-03-01,PremiumEconomy,NonRefundable,6700.07,804.01,304.01,7808.09,INR,0,4.43,25kg,False
OBS001175,2026-04-14T00:00:00,cleartrip,AirIndia,CCU,DEL,2026-04-16,2026-04-14,PremiumEconomy,NonRefundable,6474.44,776.93,205.96,7457.33,INR,0,2.41,15kg,False
OBS001176,2026-04-21T00:00:00,goibibo,SpiceJet,CCU,DEL,2026-04-26,2026-04-21,Economy,NonRefundable,7739.55,928.75,186.0,8854.3,INR,0,3.97,20kg,True
OBS001177,2026-04-03T00:00:00,goibibo,SpiceJet,CCU,DEL,2026-04-13,2026-04-03,PremiumEconomy,NonRefundable,7362.67,883.52,263.08,8509.27,INR,0,3.4,15kg,True
OBS001178,2026-04-06T00:00:00,mmt,Akasa,CCU,DEL,2026-04-08,2026-04-06,PremiumEconomy,NonRefundable,7231.23,867.75,328.15,8427.13,INR,1,2.44,20kg,True
OBS001179,2026-04-11T00:00:00,goibibo,IndiGo,CCU,DEL,2026-04-13,2026-04-11,Economy,Refundable,6931.49,831.78,263.08,8026.35,INR,0,3.02,15kg,False
OBS001180,2026-04-07T00:00:00,goibibo,IndiGo,CCU,DEL,2026-04-17,2026-04-07,Economy,NonRefundable,7034.28,844.11,195.08,8073.47,INR,0,2.1,25kg,True
OBS001181,2026-04-11T00:00:00,cleartrip,SpiceJet,CCU,DEL,2026-04-21,2026-04-11,Economy,Refundable,6021.65,722.6,187.67,6931.92,INR,1,2.24,25kg,True
OBS001182,2026-04-21T00:00:00,airline_site,IndiGo,CCU,DEL,2026-04-22,2026-04-21,Economy,Refundable,7276.87,873.22,346.74,8496.83,INR,0,4.01,20kg,True
OBS001183,2026-04-22T00:00:00,cleartrip,Akasa,BLR,BOM,2026-04-24,2026-04-22,PremiumEconomy,NonRefundable,5270.87,632.5,166.51,6069.88,INR,0,3.52,20kg,True
OBS001184,2026-01-24T00:00:00,mmt,AirIndia,BLR,BOM,2026-04-04,2026-01-24,PremiumEconomy,Refundable,4114.43,493.73,290.47,4898.63,INR,1,1.72,25kg,False
OBS001185,2026-04-18T00:00:00,mmt,SpiceJet,BLR,BOM,2026-04-23,2026-04-18,Economy,Refundable,4451.93,534.23,394.03,5380.19,INR,0,4.1,20kg,False
OBS001186,2026-04-14T00:00:00,cleartrip,SpiceJet,BLR,BOM,2026-04-16,2026-04-14,Economy,NonRefundable,4148.19,497.78,341.78,4987.75,INR,0,4.4,25kg,True
OBS001187,2026-04-10T00:00:00,cleartrip,SpiceJet,BLR,BOM,2026-04-11,2026-04-10,Economy,Refundable,5120.85,614.5,183.74,5919.09,INR,0,4.37,20kg,True
OBS001188,2026-02-12T00:00:00,airline_site,Vistara,BLR,BOM,2026-04-23,2026-02-12,PremiumEconomy,Refundable,4106.61,492.79,387.19,4986.59,INR,1,4.47,20kg,True
OBS001189,2026-03-18T00:00:00,goibibo,Vistara,BLR,BOM,2026-04-07,2026-03-18,Economy,Refundable,4112.7,493.52,378.98,4985.2,INR,0,3.51,20kg,False
OBS001190,2026-04-09T00:00:00,goibibo,IndiGo,BLR,BOM,2026-04-14,2026-04-09,PremiumEconomy,Refundable,5207.9,624.95,160.11,5992.96,INR,0,4.08,25kg,True
OBS001191,2026-04-04T00:00:00,goibibo,SpiceJet,BLR,BOM,2026-04-24,2026-04-04,Economy,NonRefundable,4515.15,541.82,376.13,5433.1,INR,1,2.31,25kg,False
OBS001192,2026-03-05T00:00:00,cleartrip,Vistara,BLR,BOM,2026-04-14,2026-03-05,Economy,NonRefundable,4228.97,507.48,235.53,4971.98,INR,0,2.08,20kg,True
OBS001193,2026-03-17T00:00:00,airline_site,AirIndia,BLR,BOM,2026-04-26,2026-03-17,Economy,Refundable,4759.49,571.14,373.95,5704.58,INR,0,1.78,15kg,True
OBS001194,2026-02-08T00:00:00,airline_site,IndiGo,BLR,BOM,2026-04-19,2026-02-08,Economy,Refundable,3844.27,461.31,209.24,4514.82,INR,0,4.07,25kg,True
OBS001195,2026-03-16T00:00:00,cleartrip,IndiGo,BLR,BOM,2026-04-05,2026-03-16,Economy,Refundable,3712.92,445.55,265.19,4423.66,INR,0,1.86,25kg,True
OBS001196,2026-04-05T00:00:00,airline_site,IndiGo,BLR,BOM,2026-04-06,2026-04-05,PremiumEconomy,Refundable,4428.82,531.46,329.56,5289.84,INR,0,1.36,15kg,False
OBS001197,2026-03-02T00:00:00,goibibo,Akasa,BLR,BOM,2026-04-11,2026-03-02,Economy,NonRefundable,3814.85,457.78,199.32,4471.95,INR,0,3.61,25kg,True
OBS001198,2026-04-13T00:00:00,airline_site,AirIndia,BLR,BOM,2026-04-15,2026-04-13,Economy,NonRefundable,4861.15,583.34,276.9,5721.39,INR,0,4.1,25kg,True
OBS001199,2026-04-22T00:00:00,cleartrip,AirIndia,BLR,BOM,2026-04-23,2026-04-22,Economy,NonRefundable,4960.0,595.2,196.76,5751.96,INR,0,3.19,25kg,True
OBS001200,2026-03-28T00:00:00,cleartrip,AirIndia,BLR,BOM,2026-04-07,2026-03-28,Economy,NonRefundable,4305.92,516.71,212.74,5035.37,INR,0,3.69,15kg,True
OBS001201,2026-03-24T00:00:00,goibibo,IndiGo,BLR,BOM,2026-04-03,2026-03-24,PremiumEconomy,Refundable,4118.68,494.24,304.96,4917.88,INR,0,2.25,20kg,True
OBS001202,2026-04-14T00:00:00,cleartrip,SpiceJet,BLR,BOM,2026-04-19,2026-04-14,PremiumEconomy,NonRefundable,5267.96,632.16,331.79,6231.91,INR,0,2.85,20kg,True
OBS001203,2026-03-09T00:00:00,cleartrip,SpiceJet,BLR,BOM,2026-04-18,2026-03-09,PremiumEconomy,NonRefundable,4352.85,522.34,160.67,5035.86,INR,0,4.25,20kg,False
OBS001204,2026-04-18T00:00:00,mmt,SpiceJet,BLR,BOM,2026-04-28,2026-04-18,PremiumEconomy,Refundable,4880.56,585.67,263.04,5729.27,INR,0,3.8,20kg,True
OBS001205,2026-04-08T00:00:00,mmt,AirIndia,BLR,BOM,2026-04-13,2026-04-08,Economy,Refundable,5425.93,651.11,315.44,6392.48,INR,0,1.25,20kg,True
OBS001206,2026-04-04T00:00:00,goibibo,SpiceJet,BLR,BOM,2026-04-09,2026-04-04,Economy,NonRefundable,4813.99,577.68,199.44,5591.11,INR,0,1.95,20kg,False
OBS001207,2026-04-04T00:00:00,airline_site,Vistara,BLR,BOM,2026-04-14,2026-04-04,Economy,Refundable,4639.11,556.69,392.27,5588.07,INR,0,3.53,25kg,True
OBS001208,2026-04-03T00:00:00,goibibo,AirIndia,BLR,BOM,2026-04-05,2026-04-03,PremiumEconomy,NonRefundable,4867.72,584.13,279.69,5731.54,INR,0,4.36,25kg,True
OBS001209,2026-05-16T00:00:00,mmt,Akasa,BLR,DEL,2026-05-21,2026-05-16,PremiumEconomy,NonRefundable,7371.07,884.53,180.46,8436.06,INR,0,3.86,15kg,True
OBS001210,2026-05-09T00:00:00,goibibo,Vistara,BLR,DEL,2026-05-19,2026-05-09,PremiumEconomy,Refundable,6574.47,788.94,165.78,7529.19,INR,0,4.32,25kg,True
OBS001211,2026-05-23T00:00:00,cleartrip,Akasa,BLR,DEL,2026-05-28,2026-05-23,PremiumEconomy,NonRefundable,6754.4,810.53,269.05,7833.98,INR,0,4.18,20kg,True
OBS001212,2026-05-03T00:00:00,mmt,SpiceJet,BLR,DEL,2026-05-23,2026-05-03,PremiumEconomy,Refundable,5859.71,703.16,302.35,6865.22,INR,0,2.89,15kg,False
OBS001213,2026-05-23T00:00:00,cleartrip,IndiGo,BLR,DEL,2026-05-25,2026-05-23,PremiumEconomy,NonRefundable,7747.38,929.69,272.74,8949.81,INR,0,3.81,20kg,True
OBS001214,2026-03-03T00:00:00,goibibo,AirIndia,BLR,DEL,2026-05-12,2026-03-03,Economy,Refundable,6568.31,788.2,344.44,7700.95,INR,0,2.38,25kg,False
OBS001215,2026-05-16T00:00:00,cleartrip,Akasa,BLR,DEL,2026-05-18,2026-05-16,Economy,Refundable,8267.89,992.15,271.17,9531.21,INR,0,2.18,15kg,True
OBS001216,2026-03-08T00:00:00,mmt,SpiceJet,BLR,DEL,2026-05-17,2026-03-08,PremiumEconomy,Refundable,5405.95,648.71,276.03,6330.69,INR,0,2.06,15kg,True
OBS001217,2026-04-30T00:00:00,goibibo,AirIndia,BLR,DEL,2026-05-01,2026-04-30,PremiumEconomy,NonRefundable,7403.25,888.39,169.68,8461.32,INR,0,3.16,20kg,True
OBS001218,2026-04-29T00:00:00,goibibo,Vistara,BLR,DEL,2026-05-09,2026-04-29,Economy,Refundable,6339.2,760.7,218.99,7318.89,INR,0,4.36,15kg,True
OBS001219,2026-05-23T00:00:00,goibibo,Akasa,BLR,DEL,2026-05-28,2026-05-23,Economy,NonRefundable,7077.25,849.27,228.82,8155.34,INR,0,2.51,20kg,True
OBS001220,2026-05-16T00:00:00,airline_site,Akasa,BLR,DEL,2026-05-21,2026-05-16,Economy,Refundable,7441.29,892.95,231.0,8565.24,INR,1,1.41,15kg,True
OBS001221,2026-05-04T00:00:00,cleartrip,Vistara,BLR,DEL,2026-05-05,2026-05-04,PremiumEconomy,Refundable,6525.0,783.0,208.75,7516.75,INR,1,2.33,15kg,False
OBS001222,2026-04-23T00:00:00,goibibo,SpiceJet,BLR,DEL,2026-05-13,2026-04-23,Economy,Refundable,6541.5,784.98,165.54,7492.02,INR,0,2.68,15kg,True
OBS001223,2026-05-06T00:00:00,mmt,SpiceJet,BLR,DEL,2026-05-08,2026-05-06,Economy,Refundable,8836.54,1060.39,156.06,10052.99,INR,0,3.7,15kg,True
OBS001224,2026-05-12T00:00:00,goibibo,IndiGo,BLR,DEL,2026-05-17,2026-05-12,PremiumEconomy,NonRefundable,7953.23,954.39,230.74,9138.36,INR,0,3.41,25kg,False
OBS001225,2026-05-17T00:00:00,goibibo,IndiGo,BLR,DEL,2026-05-18,2026-05-17,PremiumEconomy,Refundable,8865.49,1063.86,202.21,10131.56,INR,0,2.88,15kg,False
OBS001226,2026-05-05T00:00:00,cleartrip,Vistara,BLR,DEL,2026-05-07,2026-05-05,PremiumEconomy,NonRefundable,8145.17,977.42,284.06,9406.65,INR,0,3.95,25kg,True
OBS001227,2026-05-09T00:00:00,cleartrip,SpiceJet,BLR,DEL,2026-05-11,2026-05-09,Economy,NonRefundable,7704.38,924.53,179.79,8808.7,INR,1,1.88,15kg,True
OBS001228,2026-03-04T00:00:00,mmt,AirIndia,BLR,DEL,2026-05-13,2026-03-04,PremiumEconomy,Refundable,7093.29,851.2,176.68,8121.17,INR,0,2.39,15kg,True
OBS001229,2026-03-10T00:00:00,mmt,AirIndia,BLR,DEL,2026-05-19,2026-03-10,PremiumEconomy,Refundable,6714.15,805.7,227.48,7747.33,INR,1,4.32,20kg,True
OBS001230,2026-05-05T00:00:00,mmt,SpiceJet,BLR,DEL,2026-05-15,2026-05-05,PremiumEconomy,NonRefundable,7809.01,937.08,300.45,9046.54,INR,0,1.46,15kg,True
OBS001231,2026-05-27T00:00:00,airline_site,Vistara,BLR,DEL,2026-05-28,2026-05-27,PremiumEconomy,NonRefundable,7106.33,852.76,386.7,8345.79,INR,0,1.52,20kg,True
OBS001232,2026-05-19T00:00:00,cleartrip,IndiGo,BLR,DEL,2026-05-21,2026-05-19,PremiumEconomy,NonRefundable,7080.8,849.7,392.74,8323.24,INR,0,2.18,15kg,True
OBS001233,2026-05-08T00:00:00,mmt,IndiGo,BLR,DEL,2026-05-10,2026-05-08,Economy,NonRefundable,7816.87,938.02,371.84,9126.73,INR,0,1.25,15kg,True
OBS001234,2026-03-06T00:00:00,cleartrip,Vistara,BLR,DEL,2026-05-15,2026-03-06,Economy,NonRefundable,7960.5,955.26,371.61,9287.37,INR,0,3.61,15kg,True
OBS001235,2026-04-23T00:00:00,goibibo,SpiceJet,BLR,DEL,2026-05-03,2026-04-23,Economy,Refundable,7065.6,847.87,274.36,8187.83,INR,0,3.37,20kg,True
OBS001236,2026-05-14T00:00:00,cleartrip,IndiGo,BLR,DEL,2026-05-24,2026-05-14,PremiumEconomy,Refundable,7000.63,840.08,200.67,8041.38,INR,0,3.48,15kg,True
OBS001237,2026-05-08T00:00:00,goibibo,AirIndia,BLR,DEL,2026-05-28,2026-05-08,Economy,NonRefundable,7017.54,842.1,388.04,8247.68,INR,0,1.49,20kg,False
OBS001238,2026-05-17T00:00:00,cleartrip,Vistara,BLR,DEL,2026-05-27,2026-05-17,Economy,NonRefundable,6603.06,792.37,286.15,7681.58,INR,0,2.54,25kg,False
OBS001239,2026-05-10T00:00:00,goibibo,Akasa,DEL,BOM,2026-05-15,2026-05-10,PremiumEconomy,NonRefundable,5169.92,620.39,318.16,6108.47,INR,1,1.49,20kg,True
OBS001240,2026-05-06T00:00:00,goibibo,Akasa,DEL,BOM,2026-05-11,2026-05-06,Economy,Refundable,4913.41,589.61,311.37,5814.39,INR,0,2.87,25kg,True
OBS001241,2026-05-15T00:00:00,mmt,AirIndia,DEL,BOM,2026-05-20,2026-05-15,PremiumEconomy,Refundable,4391.95,527.03,189.86,5108.84,INR,1,4.11,25kg,True
OBS001242,2026-05-16T00:00:00,cleartrip,Akasa,DEL,BOM,2026-05-17,2026-05-16,Economy,Refundable,5212.03,625.44,293.87,6131.34,INR,0,2.81,20kg,True
OBS001243,2026-05-08T00:00:00,cleartrip,SpiceJet,DEL,BOM,2026-05-18,2026-05-08,Economy,Refundable,4101.1,492.13,204.77,4798.0,INR,1,1.71,25kg,True
OBS001244,2026-05-22T00:00:00,airline_site,SpiceJet,DEL,BOM,2026-05-23,2026-05-22,Economy,Refundable,5300.58,636.07,373.3,6309.95,INR,0,2.0,20kg,True
OBS001245,2026-05-25T00:00:00,airline_site,IndiGo,DEL,BOM,2026-05-27,2026-05-25,Economy,NonRefundable,5162.44,619.49,353.62,6135.55,INR,0,1.88,25kg,True
OBS001246,2026-04-28T00:00:00,airline_site,SpiceJet,DEL,BOM,2026-05-03,2026-04-28,PremiumEconomy,NonRefundable,5096.31,611.56,263.15,5971.02,INR,0,3.5,20kg,True
OBS001247,2026-05-08T00:00:00,goibibo,Akasa,DEL,BOM,2026-05-13,2026-05-08,Economy,NonRefundable,5257.05,630.85,297.42,6185.32,INR,0,2.85,20kg,True
OBS001248,2026-03-30T00:00:00,goibibo,Akasa,DEL,BOM,2026-05-09,2026-03-30,Economy,NonRefundable,4903.35,588.4,268.4,5760.15,INR,0,4.33,25kg,False
OBS001249,2026-04-21T00:00:00,goibibo,Vistara,DEL,BOM,2026-05-01,2026-04-21,Economy,Refundable,5236.06,628.33,376.47,6240.86,INR,0,3.59,25kg,True
OBS001250,2026-05-05T00:00:00,mmt,Akasa,DEL,BOM,2026-05-15,2026-05-05,PremiumEconomy,Refundable,4911.63,589.4,337.26,5838.29,INR,0,2.22,25kg,False
OBS001251,2026-04-17T00:00:00,airline_site,Akasa,DEL,BOM,2026-05-07,2026-04-17,PremiumEconomy,Refundable,4488.59,538.63,182.1,5209.32,INR,0,2.73,25kg,False
OBS001252,2026-05-06T00:00:00,airline_site,Vistara,DEL,BOM,2026-05-26,2026-05-06,Economy,NonRefundable,4560.53,547.26,313.43,5421.22,INR,0,4.18,20kg,True
OBS001253,2026-04-27T00:00:00,airline_site,AirIndia,DEL,BOM,2026-05-02,2026-04-27,PremiumEconomy,NonRefundable,4795.22,575.43,321.7,5692.35,INR,0,1.22,25kg,True
OBS001254,2026-05-15T00:00:00,mmt,AirIndia,DEL,BOM,2026-05-25,2026-05-15,PremiumEconomy,NonRefundable,4564.07,547.69,160.97,5272.73,INR,0,3.56,25kg,True
OBS001255,2026-05-02T00:00:00,airline_site,SpiceJet,DEL,BOM,2026-05-04,2026-05-02,PremiumEconomy,NonRefundable,5799.25,695.91,386.67,6881.83,INR,1,1.27,25kg,True
OBS001256,2026-05-01T00:00:00,goibibo,IndiGo,DEL,BOM,2026-05-21,2026-05-01,PremiumEconomy,NonRefundable,4989.69,598.76,176.58,5765.03,INR,1,1.42,15kg,True
OBS001257,2026-05-17T00:00:00,mmt,IndiGo,DEL,BOM,2026-05-22,2026-05-17,Economy,Refundable,4661.3,559.36,210.81,5431.47,INR,0,3.08,25kg,True
OBS001258,2026-04-05T00:00:00,cleartrip,Akasa,DEL,BOM,2026-05-15,2026-04-05,PremiumEconomy,NonRefundable,4601.22,552.15,399.13,5552.5,INR,0,4.4,25kg,True
OBS001259,2026-05-09T00:00:00,cleartrip,AirIndia,DEL,BOM,2026-05-19,2026-05-09,PremiumEconomy,Refundable,4886.45,586.37,200.61,5673.43,INR,0,1.4,15kg,True
OBS001260,2026-04-07T00:00:00,airline_site,Vistara,DEL,BOM,2026-05-17,2026-04-07,Economy,NonRefundable,4601.46,552.18,216.47,5370.11,INR,0,4.04,15kg,True
OBS001261,2026-05-12T00:00:00,airline_site,AirIndia,DEL,BOM,2026-05-22,2026-05-12,Economy,Refundable,4540.36,544.84,193.1,5278.3,INR,0,2.78,15kg,True
OBS001262,2026-03-29T00:00:00,cleartrip,AirIndia,DEL,BOM,2026-05-08,2026-03-29,PremiumEconomy,NonRefundable,4567.0,548.04,338.35,5453.39,INR,0,3.68,15kg,True
OBS001263,2026-05-15T00:00:00,goibibo,SpiceJet,DEL,BOM,2026-05-25,2026-05-15,Economy,Refundable,5369.72,644.37,382.69,6396.78,INR,1,3.23,25kg,False
OBS001264,2026-03-12T00:00:00,mmt,AirIndia,DEL,BOM,2026-05-21,2026-03-12,PremiumEconomy,NonRefundable,4626.34,555.16,338.86,5520.36,INR,0,2.63,15kg,False
OBS001265,2026-04-13T00:00:00,airline_site,Vistara,DEL,BOM,2026-05-03,2026-04-13,PremiumEconomy,NonRefundable,5191.17,622.94,186.39,6000.5,INR,0,2.73,20kg,True
OBS001266,2026-05-07T00:00:00,cleartrip,SpiceJet,DEL,BOM,2026-05-27,2026-05-07,PremiumEconomy,NonRefundable,4921.26,590.55,301.32,5813.13,INR,0,2.75,15kg,False
OBS001267,2026-04-21T00:00:00,cleartrip,Vistara,DEL,BOM,2026-05-11,2026-04-21,PremiumEconomy,Refundable,4023.37,482.8,212.9,4719.07,INR,0,4.26,20kg,True
OBS001268,2026-05-17T00:00:00,cleartrip,AirIndia,DEL,BOM,2026-05-19,2026-05-17,PremiumEconomy,NonRefundable,5284.2,634.1,237.13,6155.43,INR,0,2.07,20kg,True
OBS001269,2026-05-05T00:00:00,cleartrip,AirIndia,DEL,BOM,2026-05-25,2026-05-05,PremiumEconomy,NonRefundable,4686.21,562.35,342.48,5591.04,INR,0,3.83,25kg,True
OBS001270,2026-04-14T00:00:00,mmt,AirIndia,BOM,BLR,2026-05-24,2026-04-14,PremiumEconomy,Refundable,3423.31,410.8,369.04,4203.15,INR,1,2.44,20kg,False
OBS001271,2026-05-18T00:00:00,cleartrip,Akasa,BOM,BLR,2026-05-23,2026-05-18,Economy,NonRefundable,4319.64,518.36,235.35,5073.35,INR,0,4.39,25kg,False
OBS001272,2026-04-30T00:00:00,cleartrip,SpiceJet,BOM,BLR,2026-05-01,2026-04-30,PremiumEconomy,NonRefundable,4054.28,486.51,197.23,4738.02,INR,1,1.86,15kg,False
OBS001273,2026-05-11T00:00:00,airline_site,AirIndia,BOM,BLR,2026-05-21,2026-05-11,Economy,Refundable,3451.91,414.23,246.72,4112.86,INR,0,3.71,15kg,True
OBS001274,2026-05-27T00:00:00,cleartrip,AirIndia,BOM,BLR,2026-05-28,2026-05-27,Economy,NonRefundable,3992.11,479.05,219.34,4690.5,INR,0,1.33,25kg,True
OBS001275,2026-04-30T00:00:00,goibibo,AirIndia,BOM,BLR,2026-05-01,2026-04-30,Economy,Refundable,3961.48,475.38,219.29,4656.15,INR,0,4.26,20kg,True
OBS001276,2026-05-04T00:00:00,cleartrip,AirIndia,BOM,BLR,2026-05-05,2026-05-04,Economy,NonRefundable,4609.37,553.12,288.43,5450.92,INR,0,2.99,15kg,True
OBS001277,2026-04-13T00:00:00,goibibo,IndiGo,BOM,BLR,2026-05-03,2026-04-13,Economy,Refundable,3474.41,416.93,217.43,4108.77,INR,1,1.93,20kg,True
OBS001278,2026-05-04T00:00:00,airline_site,AirIndia,BOM,BLR,2026-05-06,2026-05-04,PremiumEconomy,NonRefundable,3234.6,388.15,219.87,3842.62,INR,1,2.67,15kg,True
OBS001279,2026-05-27T00:00:00,goibibo,Akasa,BOM,BLR,2026-05-28,2026-05-27,PremiumEconomy,Refundable,3901.67,468.2,187.6,4557.47,INR,0,1.88,25kg,False
OBS001280,2026-03-05T00:00:00,cleartrip,Vistara,BOM,BLR,2026-05-14,2026-03-05,Economy,NonRefundable,3687.18,442.46,368.79,4498.43,INR,1,3.97,25kg,True
OBS001281,2026-05-10T00:00:00,goibibo,AirIndia,BOM,BLR,2026-05-12,2026-05-10,PremiumEconomy,Refundable,4025.17,483.02,324.73,4832.92,INR,0,2.24,20kg,True
OBS001282,2026-03-29T00:00:00,mmt,SpiceJet,BOM,BLR,2026-05-08,2026-03-29,PremiumEconomy,Refundable,3155.61,378.67,222.67,3756.95,INR,0,3.33,15kg,False
OBS001283,2026-03-14T00:00:00,airline_site,SpiceJet,BOM,BLR,2026-05-23,2026-03-14,PremiumEconomy,NonRefundable,3884.6,466.15,239.88,4590.63,INR,1,1.5,20kg,True
OBS001284,2026-05-03T00:00:00,cleartrip,SpiceJet,BOM,BLR,2026-05-08,2026-05-03,Economy,Refundable,4053.66,486.44,241.65,4781.75,INR,0,4.02,25kg,True
OBS001285,2026-05-27T00:00:00,airline_site,AirIndia,BOM,BLR,2026-05-28,2026-05-27,Economy,Refundable,4525.72,543.09,340.18,5408.99,INR,0,1.46,20kg,False
OBS001286,2026-04-30T00:00:00,goibibo,Vistara,BOM,BLR,2026-05-05,2026-04-30,Economy,Refundable,3956.85,474.82,185.41,4617.08,INR,1,2.23,25kg,True
OBS001287,2026-02-27T00:00:00,mmt,Vistara,BOM,BLR,2026-05-08,2026-02-27,PremiumEconomy,NonRefundable,3598.37,431.8,313.66,4343.83,INR,0,1.98,15kg,True
OBS001288,2026-02-22T00:00:00,mmt,Akasa,BOM,BLR,2026-05-03,2026-02-22,Economy,NonRefundable,3571.74,428.61,175.38,4175.73,INR,0,3.59,15kg,True
OBS001289,2026-02-27T00:00:00,airline_site,Akasa,BOM,BLR,2026-05-08,2026-02-27,Economy,NonRefundable,4074.4,488.93,341.59,4904.92,INR,0,1.75,20kg,True
OBS001290,2026-05-26T00:00:00,cleartrip,Akasa,BOM,BLR,2026-05-28,2026-05-26,PremiumEconomy,NonRefundable,4190.97,502.92,210.48,4904.37,INR,0,2.7,25kg,True
OBS001291,2026-05-21T00:00:00,goibibo,AirIndia,BOM,BLR,2026-05-23,2026-05-21,Economy,NonRefundable,4393.12,527.17,160.57,5080.86,INR,1,2.95,20kg,False
OBS001292,2026-04-28T00:00:00,goibibo,Akasa,BOM,BLR,2026-05-18,2026-04-28,PremiumEconomy,NonRefundable,3848.54,461.82,331.56,4641.92,INR,0,2.93,20kg,True
OBS001293,2026-05-18T00:00:00,cleartrip,Vistara,DEL,HYD,2026-05-28,2026-05-18,Economy,NonRefundable,7352.64,882.32,168.35,8403.31,INR,1,2.44,20kg,True
OBS001294,2026-05-01T00:00:00,airline_site,AirIndia,DEL,HYD,2026-05-11,2026-05-01,PremiumEconomy,Refundable,7354.38,882.53,199.68,8436.59,INR,1,4.06,25kg,True
OBS001295,2026-03-12T00:00:00,mmt,SpiceJet,DEL,HYD,2026-05-21,2026-03-12,PremiumEconomy,NonRefundable,6700.72,804.09,154.09,7658.9,INR,1,2.74,20kg,True
OBS001296,2026-04-27T00:00:00,airline_site,AirIndia,DEL,HYD,2026-05-07,2026-04-27,Economy,Refundable,7652.83,918.34,182.6,8753.77,INR,0,2.43,20kg,False
OBS001297,2026-04-03T00:00:00,goibibo,IndiGo,DEL,HYD,2026-05-13,2026-04-03,PremiumEconomy,Refundable,6985.04,838.2,223.49,8046.73,INR,0,2.29,20kg,True
OBS001298,2026-04-30T00:00:00,cleartrip,IndiGo,DEL,HYD,2026-05-01,2026-04-30,Economy,Refundable,7974.62,956.95,186.48,9118.05,INR,0,1.28,20kg,True
OBS001299,2026-05-06T00:00:00,airline_site,Akasa,DEL,HYD,2026-05-26,2026-05-06,Economy,NonRefundable,6093.45,731.21,221.23,7045.89,INR,1,2.63,25kg,True
OBS001300,2026-03-13T00:00:00,airline_site,AirIndia,DEL,HYD,2026-05-22,2026-03-13,PremiumEconomy,NonRefundable,7020.2,842.42,287.0,8149.62,INR,1,3.61,25kg,True
OBS001301,2026-05-03T00:00:00,cleartrip,SpiceJet,DEL,HYD,2026-05-05,2026-05-03,Economy,Refundable,8094.18,971.3,304.22,9369.7,INR,0,2.2,15kg,True
OBS001302,2026-04-24T00:00:00,mmt,SpiceJet,DEL,HYD,2026-05-14,2026-04-24,PremiumEconomy,Refundable,6471.68,776.6,198.42,7446.7,INR,0,4.47,15kg,True
OBS001303,2026-03-30T00:00:00,mmt,SpiceJet,DEL,HYD,2026-05-09,2026-03-30,Economy,Refundable,6631.09,795.73,267.08,7693.9,INR,1,3.88,20kg,True
OBS001304,2026-05-18T00:00:00,cleartrip,Akasa,DEL,HYD,2026-05-28,2026-05-18,PremiumEconomy,NonRefundable,7265.22,871.83,388.92,8525.97,INR,0,3.4,25kg,True
OBS001305,2026-05-06T00:00:00,goibibo,SpiceJet,DEL,HYD,2026-05-26,2026-05-06,PremiumEconomy,NonRefundable,6904.53,828.54,353.73,8086.8,INR,0,2.85,25kg,False
OBS001306,2026-04-12T00:00:00,cleartrip,IndiGo,DEL,HYD,2026-05-02,2026-04-12,Economy,Refundable,6428.42,771.41,225.09,7424.92,INR,0,4.11,15kg,False
OBS001307,2026-05-04T00:00:00,goibibo,SpiceJet,DEL,HYD,2026-05-05,2026-05-04,PremiumEconomy,NonRefundable,7912.5,949.5,253.16,9115.16,INR,0,2.0,25kg,False
OBS001308,2026-05-21T00:00:00,airline_site,SpiceJet,DEL,HYD,2026-05-22,2026-05-21,PremiumEconomy,NonRefundable,7430.74,891.69,343.74,8666.17,INR,0,2.57,15kg,True
OBS001309,2026-05-11T00:00:00,goibibo,Akasa,DEL,HYD,2026-05-12,2026-05-11,Economy,NonRefundable,7895.44,947.45,399.45,9242.34,INR,1,4.0,20kg,True
OBS001310,2026-03-11T00:00:00,mmt,Akasa,DEL,HYD,2026-05-20,2026-03-11,PremiumEconomy,NonRefundable,7421.61,890.59,191.22,8503.42,INR,0,1.53,15kg,True
OBS001311,2026-04-15T00:00:00,mmt,IndiGo,DEL,HYD,2026-05-05,2026-04-15,Economy,NonRefundable,5783.09,693.97,383.59,6860.65,INR,0,1.31,20kg,True
OBS001312,2026-04-12T00:00:00,cleartrip,Akasa,DEL,HYD,2026-05-22,2026-04-12,Economy,Refundable,7337.37,880.48,379.52,8597.37,INR,0,4.15,20kg,True
OBS001313,2026-04-12T00:00:00,mmt,AirIndia,DEL,HYD,2026-05-02,2026-04-12,PremiumEconomy,NonRefundable,6966.89,836.03,150.05,7952.97,INR,0,2.08,20kg,True
OBS001314,2026-05-07T00:00:00,airline_site,SpiceJet,DEL,HYD,2026-05-27,2026-05-07,PremiumEconomy,Refundable,6908.77,829.05,221.11,7958.93,INR,0,2.84,15kg,True
OBS001315,2026-04-22T00:00:00,goibibo,Vistara,DEL,HYD,2026-05-02,2026-04-22,PremiumEconomy,NonRefundable,7754.91,930.59,323.73,9009.23,INR,1,2.58,15kg,True
OBS001316,2026-05-17T00:00:00,goibibo,AirIndia,DEL,HYD,2026-05-22,2026-05-17,Economy,Refundable,7019.46,842.33,202.64,8064.43,INR,0,1.39,15kg,True
OBS001317,2026-04-24T00:00:00,cleartrip,Vistara,DEL,HYD,2026-05-04,2026-04-24,Economy,NonRefundable,7893.54,947.23,220.62,9061.39,INR,1,2.55,25kg,True
OBS001318,2026-05-21T00:00:00,airline_site,Vistara,DEL,HYD,2026-05-23,2026-05-21,Economy,NonRefundable,8797.34,1055.68,373.9,10226.92,INR,0,2.34,15kg,True
OBS001319,2026-03-18T00:00:00,goibibo,SpiceJet,DEL,HYD,2026-05-27,2026-03-18,PremiumEconomy,NonRefundable,7011.54,841.38,353.13,8206.05,INR,0,3.89,25kg,False
OBS001320,2026-05-17T00:00:00,mmt,IndiGo,DEL,HYD,2026-05-22,2026-05-17,Economy,NonRefundable,7172.64,860.72,389.52,8422.88,INR,1,1.51,20kg,True
OBS001321,2026-04-30T00:00:00,mmt,AirIndia,DEL,HYD,2026-05-02,2026-04-30,PremiumEconomy,Refundable,8116.75,974.01,389.27,9480.03,INR,0,3.28,25kg,True
OBS001322,2026-05-06T00:00:00,airline_site,IndiGo,DEL,HYD,2026-05-26,2026-05-06,PremiumEconomy,Refundable,7574.41,908.93,243.26,8726.6,INR,0,1.69,25kg,True
OBS001323,2026-05-07T00:00:00,mmt,SpiceJet,DEL,HYD,2026-05-17,2026-05-07,Economy,NonRefundable,8658.44,1039.01,303.12,10000.57,INR,0,2.98,20kg,True
OBS001324,2026-05-05T00:00:00,airline_site,SpiceJet,DEL,HYD,2026-05-10,2026-05-05,PremiumEconomy,NonRefundable,6492.92,779.15,154.48,7426.55,INR,0,4.25,25kg,True
OBS001325,2026-05-10T00:00:00,mmt,Akasa,DEL,HYD,2026-05-15,2026-05-10,PremiumEconomy,NonRefundable,7474.25,896.91,159.68,8530.84,INR,0,1.21,15kg,True
OBS001326,2026-02-27T00:00:00,goibibo,IndiGo,DEL,HYD,2026-05-08,2026-02-27,PremiumEconomy,Refundable,7586.89,910.43,262.31,8759.63,INR,0,3.85,20kg,False
OBS001327,2026-04-11T00:00:00,cleartrip,Akasa,DEL,HYD,2026-05-01,2026-04-11,Economy,NonRefundable,7433.88,892.07,341.69,8667.64,INR,0,2.96,25kg,True
OBS001328,2026-05-24T00:00:00,goibibo,Akasa,DEL,HYD,2026-05-25,2026-05-24,PremiumEconomy,Refundable,7384.17,886.1,363.81,8634.08,INR,0,1.25,20kg,True
OBS001329,2026-05-19T00:00:00,cleartrip,AirIndia,BLR,HYD,2026-05-21,2026-05-19,PremiumEconomy,NonRefundable,5356.7,642.8,182.47,6181.97,INR,1,1.73,20kg,True
OBS001330,2026-05-22T00:00:00,cleartrip,Vistara,BLR,HYD,2026-05-24,2026-05-22,Economy,Refundable,5246.8,629.62,240.36,6116.78,INR,0,4.08,15kg,True
OBS001331,2026-02-22T00:00:00,mmt,IndiGo,BLR,HYD,2026-05-03,2026-02-22,PremiumEconomy,NonRefundable,4547.36,545.68,217.51,5310.55,INR,0,2.85,25kg,False
OBS001332,2026-05-16T00:00:00,cleartrip,IndiGo,BLR,HYD,2026-05-17,2026-05-16,PremiumEconomy,Refundable,4627.75,555.33,270.31,5453.39,INR,0,1.78,15kg,True
OBS001333,2026-05-23T00:00:00,airline_site,IndiGo,BLR,HYD,2026-05-24,2026-05-23,Economy,Refundable,5846.33,701.56,392.36,6940.25,INR,0,1.73,25kg,True
OBS001334,2026-03-07T00:00:00,airline_site,Vistara,BLR,HYD,2026-05-16,2026-03-07,PremiumEconomy,NonRefundable,4206.25,504.75,307.89,5018.89,INR,0,3.86,20kg,True
OBS001335,2026-05-04T00:00:00,airline_site,AirIndia,BLR,HYD,2026-05-06,2026-05-04,PremiumEconomy,NonRefundable,4923.88,590.87,296.59,5811.34,INR,1,2.26,20kg,True
OBS001336,2026-05-01T00:00:00,airline_site,Akasa,BLR,HYD,2026-05-02,2026-05-01,PremiumEconomy,Refundable,5003.6,600.43,263.23,5867.26,INR,0,3.34,20kg,True
OBS001337,2026-03-02T00:00:00,airline_site,Akasa,BLR,HYD,2026-05-11,2026-03-02,Economy,NonRefundable,4283.65,514.04,173.99,4971.68,INR,1,3.03,25kg,True
OBS001338,2026-04-14T00:00:00,cleartrip,AirIndia,BLR,HYD,2026-05-04,2026-04-14,PremiumEconomy,NonRefundable,4514.18,541.7,352.71,5408.59,INR,0,1.33,15kg,True
OBS001339,2026-03-31T00:00:00,goibibo,AirIndia,BLR,HYD,2026-05-10,2026-03-31,PremiumEconomy,NonRefundable,4659.69,559.16,214.57,5433.42,INR,1,4.44,25kg,True
OBS001340,2026-04-23T00:00:00,cleartrip,SpiceJet,BLR,HYD,2026-05-03,2026-04-23,Economy,Refundable,4692.72,563.13,227.1,5482.95,INR,0,2.28,25kg,True
OBS001341,2026-05-26T00:00:00,cleartrip,IndiGo,BLR,HYD,2026-05-28,2026-05-26,Economy,NonRefundable,5796.34,695.56,362.89,6854.79,INR,0,2.25,15kg,True
OBS001342,2026-05-17T00:00:00,airline_site,AirIndia,BLR,HYD,2026-05-19,2026-05-17,Economy,NonRefundable,5035.62,604.27,295.56,5935.45,INR,0,3.98,25kg,True
OBS001343,2026-04-16T00:00:00,cleartrip,Akasa,BLR,HYD,2026-05-26,2026-04-16,PremiumEconomy,Refundable,4023.16,482.78,322.62,4828.56,INR,1,3.68,15kg,True
OBS001344,2026-05-13T00:00:00,cleartrip,IndiGo,BLR,HYD,2026-05-14,2026-05-13,Economy,Refundable,5172.52,620.7,314.47,6107.69,INR,0,4.33,25kg,True
OBS001345,2026-04-24T00:00:00,airline_site,Vistara,BLR,HYD,2026-05-04,2026-04-24,Economy,Refundable,5404.62,648.55,251.5,6304.67,INR,0,2.3,15kg,True
OBS001346,2026-03-12T00:00:00,mmt,AirIndia,BLR,HYD,2026-05-21,2026-03-12,Economy,Refundable,4642.48,557.1,154.21,5353.79,INR,1,1.22,25kg,True
OBS001347,2026-03-10T00:00:00,mmt,IndiGo,BLR,HYD,2026-05-19,2026-03-10,PremiumEconomy,Refundable,4383.81,526.06,273.16,5183.03,INR,1,1.84,25kg,True
OBS001348,2026-05-10T00:00:00,goibibo,Akasa,BLR,HYD,2026-05-12,2026-05-10,PremiumEconomy,NonRefundable,4471.23,536.55,251.13,5258.91,INR,0,3.23,15kg,False
OBS001349,2026-03-30T00:00:00,mmt,Vistara,BLR,HYD,2026-05-09,2026-03-30,Economy,Refundable,4455.31,534.64,178.65,5168.6,INR,0,4.39,15kg,True
OBS001350,2026-05-22T00:00:00,mmt,IndiGo,BLR,HYD,2026-05-23,2026-05-22,Economy,NonRefundable,5328.13,639.38,207.71,6175.22,INR,0,4.39,20kg,True
OBS001351,2026-05-18T00:00:00,airline_site,SpiceJet,BLR,HYD,2026-05-19,2026-05-18,Economy,NonRefundable,4949.43,593.93,357.49,5900.85,INR,0,2.68,15kg,True
OBS001352,2026-05-23T00:00:00,goibibo,SpiceJet,BLR,HYD,2026-05-28,2026-05-23,PremiumEconomy,NonRefundable,4547.7,545.72,231.28,5324.7,INR,0,4.03,15kg,True
OBS001353,2026-05-08T00:00:00,mmt,SpiceJet,BLR,HYD,2026-05-13,2026-05-08,PremiumEconomy,NonRefundable,5302.31,636.28,386.69,6325.28,INR,1,1.36,15kg,False
OBS001354,2026-05-13T00:00:00,airline_site,SpiceJet,BLR,HYD,2026-05-15,2026-05-13,PremiumEconomy,Refundable,5853.27,702.39,165.35,6721.01,INR,1,1.56,20kg,True
OBS001355,2026-05-05T00:00:00,airline_site,Akasa,BLR,HYD,2026-05-10,2026-05-05,PremiumEconomy,NonRefundable,5381.51,645.78,268.31,6295.6,INR,0,3.33,20kg,True
OBS001356,2026-03-14T00:00:00,goibibo,SpiceJet,BLR,HYD,2026-05-23,2026-03-14,PremiumEconomy,Refundable,5019.65,602.36,218.9,5840.91,INR,1,1.93,15kg,True
OBS001357,2026-05-23T00:00:00,mmt,IndiGo,BLR,HYD,2026-05-25,2026-05-23,PremiumEconomy,NonRefundable,5020.81,602.5,396.62,6019.93,INR,0,3.48,20kg,True
OBS001358,2026-05-14T00:00:00,airline_site,AirIndia,BLR,HYD,2026-05-24,2026-05-14,PremiumEconomy,NonRefundable,4443.28,533.19,155.07,5131.54,INR,0,3.7,25kg,True
OBS001359,2026-04-26T00:00:00,goibibo,Akasa,MAA,DEL,2026-05-16,2026-04-26,PremiumEconomy,Refundable,5432.2,651.86,231.84,6315.9,INR,1,1.84,15kg,True
OBS001360,2026-03-15T00:00:00,cleartrip,Akasa,MAA,DEL,2026-05-24,2026-03-15,Economy,NonRefundable,4539.14,544.7,256.21,5340.05,INR,0,1.52,20kg,True
OBS001361,2026-05-03T00:00:00,mmt,Akasa,MAA,DEL,2026-05-08,2026-05-03,PremiumEconomy,NonRefundable,5486.2,658.34,267.85,6412.39,INR,0,2.62,25kg,True
OBS001362,2026-05-22T00:00:00,mmt,AirIndia,MAA,DEL,2026-05-23,2026-05-22,PremiumEconomy,Refundable,5512.19,661.46,175.8,6349.45,INR,0,2.74,25kg,True
OBS001363,2026-03-25T00:00:00,mmt,AirIndia,MAA,DEL,2026-05-04,2026-03-25,Economy,NonRefundable,4974.9,596.99,329.61,5901.5,INR,0,1.32,15kg,False
OBS001364,2026-04-29T00:00:00,goibibo,AirIndia,MAA,DEL,2026-05-04,2026-04-29,Economy,NonRefundable,5096.75,611.61,310.75,6019.11,INR,0,3.22,15kg,True
OBS001365,2026-05-06T00:00:00,airline_site,SpiceJet,MAA,DEL,2026-05-26,2026-05-06,PremiumEconomy,Refundable,4024.16,482.9,340.23,4847.29,INR,0,4.26,20kg,True
OBS001366,2026-05-16T00:00:00,airline_site,IndiGo,MAA,DEL,2026-05-26,2026-05-16,Economy,NonRefundable,4666.99,560.04,371.87,5598.9,INR,0,2.61,20kg,True
OBS001367,2026-05-15T00:00:00,airline_site,Vistara,MAA,DEL,2026-05-25,2026-05-15,Economy,Refundable,4575.57,549.07,334.73,5459.37,INR,0,1.97,15kg,True
OBS001368,2026-02-26T00:00:00,mmt,Vistara,MAA,DEL,2026-05-07,2026-02-26,PremiumEconomy,Refundable,4444.78,533.37,202.27,5180.42,INR,1,1.94,15kg,True
OBS001369,2026-03-25T00:00:00,cleartrip,SpiceJet,MAA,DEL,2026-05-04,2026-03-25,Economy,Refundable,4727.96,567.35,306.78,5602.09,INR,0,2.76,15kg,True
OBS001370,2026-05-11T00:00:00,goibibo,IndiGo,MAA,DEL,2026-05-12,2026-05-11,Economy,Refundable,5248.19,629.78,283.26,6161.23,INR,0,1.44,20kg,True
OBS001371,2026-05-12T00:00:00,cleartrip,SpiceJet,MAA,DEL,2026-05-14,2026-05-12,Economy,Refundable,5253.4,630.41,328.42,6212.23,INR,1,2.6,25kg,False
OBS001372,2026-05-04T00:00:00,mmt,IndiGo,MAA,DEL,2026-05-09,2026-05-04,Economy,NonRefundable,4894.81,587.38,215.06,5697.25,INR,0,2.44,25kg,False
OBS001373,2026-02-22T00:00:00,airline_site,AirIndia,MAA,DEL,2026-05-03,2026-02-22,Economy,NonRefundable,3957.07,474.85,181.69,4613.61,INR,1,4.2,25kg,True
OBS001374,2026-04-12T00:00:00,mmt,AirIndia,MAA,DEL,2026-05-02,2026-04-12,Economy,Refundable,4203.95,504.47,194.95,4903.37,INR,0,2.0,25kg,True
OBS001375,2026-04-21T00:00:00,mmt,AirIndia,MAA,DEL,2026-05-11,2026-04-21,Economy,NonRefundable,4247.2,509.66,233.02,4989.88,INR,1,4.01,15kg,True
OBS001376,2026-03-17T00:00:00,airline_site,Akasa,MAA,DEL,2026-05-26,2026-03-17,Economy,NonRefundable,4454.24,534.51,205.13,5193.88,INR,0,2.59,25kg,True
OBS001377,2026-03-15T00:00:00,cleartrip,IndiGo,MAA,DEL,2026-05-24,2026-03-15,Economy,Refundable,4425.2,531.02,219.08,5175.3,INR,0,3.76,25kg,True
OBS001378,2026-03-19T00:00:00,airline_site,Vistara,MAA,DEL,2026-05-28,2026-03-19,Economy,Refundable,4714.97,565.8,330.77,5611.54,INR,0,3.47,20kg,True
OBS001379,2026-03-06T00:00:00,airline_site,AirIndia,MAA,DEL,2026-05-15,2026-03-06,PremiumEconomy,NonRefundable,4931.0,591.72,164.31,5687.03,INR,1,3.42,25kg,True
OBS001380,2026-05-20T00:00:00,airline_site,Akasa,MAA,DEL,2026-05-25,2026-05-20,Economy,NonRefundable,4764.64,571.76,215.2,5551.6,INR,0,2.82,15kg,True
OBS001381,2026-02-25T00:00:00,cleartrip,SpiceJet,MAA,DEL,2026-05-06,2026-02-25,PremiumEconomy,Refundable,4555.23,546.63,347.08,5448.94,INR,1,2.74,15kg,True
OBS001382,2026-03-22T00:00:00,mmt,SpiceJet,MAA,DEL,2026-05-01,2026-03-22,PremiumEconomy,NonRefundable,4094.68,491.36,215.32,4801.36,INR,0,2.39,25kg,True
OBS001383,2026-05-15T00:00:00,mmt,Vistara,MAA,DEL,2026-05-17,2026-05-15,Economy,NonRefundable,4878.95,585.47,208.95,5673.37,INR,0,3.38,20kg,True
OBS001384,2026-05-25T00:00:00,goibibo,IndiGo,MAA,DEL,2026-05-27,2026-05-25,Economy,NonRefundable,5641.44,676.97,346.28,6664.69,INR,0,2.54,15kg,False
OBS001385,2026-03-11T00:00:00,airline_site,Akasa,MAA,DEL,2026-05-20,2026-03-11,Economy,Refundable,4217.39,506.09,238.77,4962.25,INR,0,1.4,15kg,True
OBS001386,2026-05-18T00:00:00,airline_site,Akasa,MAA,DEL,2026-05-28,2026-05-18,Economy,NonRefundable,4511.2,541.34,213.2,5265.74,INR,0,4.38,25kg,True
OBS001387,2026-05-08T00:00:00,goibibo,AirIndia,MAA,DEL,2026-05-18,2026-05-08,Economy,NonRefundable,3904.98,468.6,278.92,4652.5,INR,0,2.0,25kg,True
OBS001388,2026-03-26T00:00:00,cleartrip,AirIndia,MAA,DEL,2026-05-05,2026-03-26,PremiumEconomy,NonRefundable,4527.96,543.36,250.02,5321.34,INR,0,1.72,15kg,False
OBS001389,2026-04-15T00:00:00,goibibo,AirIndia,MAA,DEL,2026-05-25,2026-04-15,Economy,NonRefundable,4914.65,589.76,361.26,5865.67,INR,0,1.47,15kg,False
OBS001390,2026-03-31T00:00:00,cleartrip,Vistara,MAA,DEL,2026-05-10,2026-03-31,PremiumEconomy,Refundable,4942.98,593.16,247.47,5783.61,INR,0,2.53,15kg,True
OBS001391,2026-04-21T00:00:00,airline_site,IndiGo,MAA,DEL,2026-05-11,2026-04-21,PremiumEconomy,NonRefundable,4396.87,527.62,389.8,5314.29,INR,0,2.56,20kg,True
OBS001392,2026-04-27T00:00:00,airline_site,AirIndia,MAA,DEL,2026-05-17,2026-04-27,Economy,NonRefundable,4244.38,509.33,389.99,5143.7,INR,0,3.04,25kg,True
OBS001393,2026-05-22T00:00:00,airline_site,Vistara,MAA,DEL,2026-05-27,2026-05-22,Economy,NonRefundable,4590.64,550.88,266.42,5407.94,INR,0,4.48,20kg,True
OBS001394,2026-05-05T00:00:00,cleartrip,AirIndia,MAA,DEL,2026-05-07,2026-05-05,PremiumEconomy,NonRefundable,6330.2,759.62,202.23,7292.05,INR,0,2.5,15kg,True
OBS001395,2026-05-25T00:00:00,goibibo,IndiGo,MAA,DEL,2026-05-26,2026-05-25,Economy,Refundable,5976.12,717.13,263.69,6956.94,INR,0,3.16,25kg,True
OBS001396,2026-05-14T00:00:00,cleartrip,AirIndia,MAA,DEL,2026-05-16,2026-05-14,Economy,NonRefundable,5693.96,683.28,183.68,6560.92,INR,0,3.59,15kg,False
OBS001397,2026-05-20T00:00:00,goibibo,Akasa,MAA,DEL,2026-05-25,2026-05-20,Economy,Refundable,5313.4,637.61,390.18,6341.19,INR,0,1.89,15kg,True
OBS001398,2026-05-18T00:00:00,goibibo,IndiGo,MAA,DEL,2026-05-19,2026-05-18,Economy,Refundable,5390.75,646.89,233.65,6271.29,INR,0,3.47,20kg,False
OBS001399,2026-05-13T00:00:00,airline_site,SpiceJet,DEL,MAA,2026-05-23,2026-05-13,Economy,Refundable,4942.88,593.15,394.75,5930.78,INR,1,2.41,20kg,True
OBS001400,2026-05-01T00:00:00,airline_site,IndiGo,DEL,MAA,2026-05-02,2026-05-01,PremiumEconomy,Refundable,5969.13,716.3,227.81,6913.24,INR,0,1.95,20kg,False
OBS001401,2026-03-02T00:00:00,mmt,AirIndia,DEL,MAA,2026-05-11,2026-03-02,Economy,Refundable,4892.49,587.1,399.23,5878.82,INR,0,1.44,20kg,True
OBS001402,2026-05-06T00:00:00,airline_site,Vistara,DEL,MAA,2026-05-11,2026-05-06,Economy,NonRefundable,5361.41,643.37,254.57,6259.35,INR,0,2.91,20kg,True
OBS001403,2026-05-22T00:00:00,goibibo,SpiceJet,DEL,MAA,2026-05-27,2026-05-22,PremiumEconomy,NonRefundable,4818.78,578.25,234.37,5631.4,INR,0,2.91,15kg,True
OBS001404,2026-05-22T00:00:00,airline_site,IndiGo,DEL,MAA,2026-05-24,2026-05-22,Economy,Refundable,4972.45,596.69,256.63,5825.77,INR,0,2.39,20kg,True
OBS001405,2026-03-18T00:00:00,airline_site,Vistara,DEL,MAA,2026-05-27,2026-03-18,Economy,Refundable,4719.44,566.33,321.23,5607.0,INR,0,3.73,20kg,True
OBS001406,2026-05-11T00:00:00,mmt,SpiceJet,DEL,MAA,2026-05-12,2026-05-11,Economy,NonRefundable,5162.7,619.52,354.35,6136.57,INR,1,2.6,25kg,True
OBS001407,2026-05-18T00:00:00,airline_site,IndiGo,DEL,MAA,2026-05-20,2026-05-18,Economy,NonRefundable,6365.07,763.81,222.6,7351.48,INR,0,3.82,20kg,True
OBS001408,2026-05-06T00:00:00,mmt,SpiceJet,DEL,MAA,2026-05-11,2026-05-06,Economy,Refundable,5241.88,629.03,209.36,6080.27,INR,0,3.33,25kg,True
OBS001409,2026-05-01T00:00:00,airline_site,Akasa,DEL,MAA,2026-05-02,2026-05-01,PremiumEconomy,Refundable,5359.58,643.15,323.49,6326.22,INR,0,2.14,15kg,True
OBS001410,2026-05-13T00:00:00,mmt,SpiceJet,DEL,MAA,2026-05-23,2026-05-13,PremiumEconomy,NonRefundable,4593.22,551.19,397.97,5542.38,INR,0,3.94,25kg,False
OBS001411,2026-04-13T00:00:00,goibibo,Akasa,DEL,MAA,2026-05-03,2026-04-13,Economy,Refundable,4558.69,547.04,241.55,5347.28,INR,0,3.07,20kg,True
OBS001412,2026-05-05T00:00:00,mmt,AirIndia,DEL,MAA,2026-05-25,2026-05-05,Economy,Refundable,5135.38,616.25,371.83,6123.46,INR,0,3.97,15kg,True
OBS001413,2026-05-23T00:00:00,airline_site,SpiceJet,DEL,MAA,2026-05-25,2026-05-23,Economy,NonRefundable,5611.08,673.33,290.98,6575.39,INR,0,2.51,15kg,False
OBS001414,2026-05-15T00:00:00,airline_site,SpiceJet,DEL,MAA,2026-05-25,2026-05-15,Economy,Refundable,4555.33,546.64,393.09,5495.06,INR,0,3.05,25kg,True
OBS001415,2026-04-27T00:00:00,cleartrip,AirIndia,DEL,MAA,2026-05-17,2026-04-27,Economy,Refundable,4793.14,575.18,300.6,5668.92,INR,0,3.93,20kg,False
OBS001416,2026-05-21T00:00:00,goibibo,Vistara,DEL,MAA,2026-05-22,2026-05-21,Economy,Refundable,6260.55,751.27,395.4,7407.22,INR,1,3.15,20kg,True
OBS001417,2026-04-04T00:00:00,goibibo,Vistara,DEL,MAA,2026-05-14,2026-04-04,PremiumEconomy,Refundable,4623.76,554.85,245.61,5424.22,INR,0,1.25,20kg,False
OBS001418,2026-03-25T00:00:00,mmt,AirIndia,DEL,MAA,2026-05-04,2026-03-25,PremiumEconomy,NonRefundable,5342.91,641.15,357.65,6341.71,INR,0,2.03,15kg,True
OBS001419,2026-04-23T00:00:00,cleartrip,IndiGo,DEL,MAA,2026-05-13,2026-04-23,Economy,Refundable,4985.98,598.32,343.29,5927.59,INR,1,3.68,15kg,True
OBS001420,2026-03-13T00:00:00,goibibo,SpiceJet,DEL,MAA,2026-05-22,2026-03-13,Economy,Refundable,5091.86,611.02,278.47,5981.35,INR,0,3.95,20kg,True
OBS001421,2026-05-02T00:00:00,airline_site,IndiGo,DEL,MAA,2026-05-03,2026-05-02,Economy,NonRefundable,5200.35,624.04,233.71,6058.1,INR,0,3.22,20kg,True
OBS001422,2026-03-31T00:00:00,cleartrip,IndiGo,DEL,MAA,2026-05-10,2026-03-31,PremiumEconomy,NonRefundable,4090.03,490.8,301.63,4882.46,INR,0,4.05,25kg,True
OBS001423,2026-05-08T00:00:00,airline_site,Vistara,DEL,MAA,2026-05-28,2026-05-08,Economy,NonRefundable,5200.69,624.08,306.74,6131.51,INR,0,1.26,20kg,False
OBS001424,2026-04-25T00:00:00,mmt,IndiGo,DEL,MAA,2026-05-15,2026-04-25,PremiumEconomy,Refundable,4521.76,542.61,220.38,5284.75,INR,1,3.72,20kg,True
OBS001425,2026-05-18T00:00:00,goibibo,SpiceJet,DEL,MAA,2026-05-20,2026-05-18,PremiumEconomy,Refundable,5218.42,626.21,173.02,6017.65,INR,0,3.07,25kg,True
OBS001426,2026-03-16T00:00:00,goibibo,Akasa,DEL,MAA,2026-05-25,2026-03-16,PremiumEconomy,Refundable,5085.7,610.28,215.89,5911.87,INR,0,1.85,20kg,True
OBS001427,2026-05-01T00:00:00,mmt,AirIndia,DEL,MAA,2026-05-03,2026-05-01,PremiumEconomy,NonRefundable,5902.67,708.32,328.73,6939.72,INR,0,2.74,15kg,False
OBS001428,2026-04-29T00:00:00,mmt,IndiGo,DEL,MAA,2026-05-01,2026-04-29,Economy,Refundable,5424.82,650.98,362.39,6438.19,INR,0,2.45,15kg,False
OBS001429,2026-02-27T00:00:00,goibibo,Akasa,DEL,MAA,2026-05-08,2026-02-27,PremiumEconomy,NonRefundable,4133.36,496.0,183.09,4812.45,INR,0,1.83,20kg,True
OBS001430,2026-05-02T00:00:00,cleartrip,Akasa,DEL,MAA,2026-05-22,2026-05-02,Economy,Refundable,4643.21,557.19,224.18,5424.58,INR,0,1.36,20kg,True
OBS001431,2026-05-16T00:00:00,airline_site,AirIndia,DEL,MAA,2026-05-17,2026-05-16,PremiumEconomy,Refundable,5801.25,696.15,218.85,6716.25,INR,0,3.95,20kg,False
OBS001432,2026-05-17T00:00:00,goibibo,SpiceJet,DEL,MAA,2026-05-18,2026-05-17,Economy,Refundable,5570.68,668.48,381.92,6621.08,INR,0,1.25,15kg,True
OBS001433,2026-03-07T00:00:00,mmt,Vistara,DEL,MAA,2026-05-16,2026-03-07,PremiumEconomy,Refundable,4093.72,491.25,175.58,4760.55,INR,0,3.62,20kg,False
OBS001434,2026-02-27T00:00:00,mmt,Akasa,DEL,MAA,2026-05-08,2026-02-27,Economy,Refundable,4316.79,518.01,256.51,5091.31,INR,0,2.99,20kg,False
OBS001435,2026-04-26T00:00:00,airline_site,SpiceJet,DEL,MAA,2026-05-01,2026-04-26,PremiumEconomy,NonRefundable,5416.66,650.0,389.94,6456.6,INR,0,2.7,25kg,True
OBS001436,2026-03-04T00:00:00,mmt,SpiceJet,DEL,MAA,2026-05-13,2026-03-04,Economy,Refundable,5309.29,637.12,384.55,6330.96,INR,0,3.72,20kg,True
OBS001437,2026-03-24T00:00:00,cleartrip,AirIndia,DEL,MAA,2026-05-03,2026-03-24,Economy,NonRefundable,4817.48,578.1,307.29,5702.87,INR,0,1.25,20kg,False
OBS001438,2026-03-25T00:00:00,mmt,IndiGo,DEL,MAA,2026-05-04,2026-03-25,Economy,Refundable,4490.5,538.86,216.23,5245.59,INR,0,2.28,20kg,False
OBS001439,2026-04-12T00:00:00,goibibo,Akasa,BOM,DEL,2026-05-02,2026-04-12,PremiumEconomy,Refundable,3475.71,417.09,217.13,4109.93,INR,0,1.62,15kg,True
OBS001440,2026-05-25T00:00:00,mmt,Akasa,BOM,DEL,2026-05-26,2026-05-25,PremiumEconomy,NonRefundable,4349.48,521.94,387.85,5259.27,INR,0,3.34,20kg,True
OBS001441,2026-04-18T00:00:00,airline_site,Vistara,BOM,DEL,2026-05-28,2026-04-18,PremiumEconomy,NonRefundable,3623.39,434.81,166.5,4224.7,INR,1,4.38,15kg,False
OBS001442,2026-04-28T00:00:00,mmt,Akasa,BOM,DEL,2026-05-03,2026-04-28,PremiumEconomy,NonRefundable,4173.97,500.88,380.91,5055.76,INR,1,2.78,25kg,True
OBS001443,2026-04-11T00:00:00,airline_site,SpiceJet,BOM,DEL,2026-05-01,2026-04-11,PremiumEconomy,NonRefundable,3637.71,436.52,169.5,4243.73,INR,1,2.99,25kg,False
OBS001444,2026-05-07T00:00:00,mmt,AirIndia,BOM,DEL,2026-05-17,2026-05-07,PremiumEconomy,Refundable,4264.38,511.73,329.63,5105.74,INR,1,4.48,15kg,True
OBS001445,2026-05-02T00:00:00,mmt,Vistara,BOM,DEL,2026-05-22,2026-05-02,Economy,NonRefundable,4383.36,526.0,320.58,5229.94,INR,0,3.39,20kg,False
OBS001446,2026-04-03T00:00:00,goibibo,Akasa,BOM,DEL,2026-05-13,2026-04-03,Economy,Refundable,3933.45,472.01,304.88,4710.34,INR,0,1.75,25kg,True
OBS001447,2026-04-15T00:00:00,goibibo,SpiceJet,BOM,DEL,2026-05-25,2026-04-15,PremiumEconomy,Refundable,3764.09,451.69,212.8,4428.58,INR,0,2.36,25kg,True
OBS001448,2026-03-27T00:00:00,mmt,Akasa,BOM,DEL,2026-05-06,2026-03-27,PremiumEconomy,NonRefundable,4186.13,502.34,211.66,4900.13,INR,0,4.06,15kg,True
OBS001449,2026-05-01T00:00:00,cleartrip,AirIndia,BOM,DEL,2026-05-11,2026-05-01,PremiumEconomy,NonRefundable,4237.04,508.44,320.13,5065.61,INR,0,4.22,20kg,False
OBS001450,2026-04-16T00:00:00,mmt,AirIndia,BOM,DEL,2026-05-06,2026-04-16,PremiumEconomy,NonRefundable,4041.63,485.0,192.96,4719.59,INR,0,1.94,25kg,True
OBS001451,2026-04-08T00:00:00,goibibo,Akasa,BOM,DEL,2026-05-18,2026-04-08,PremiumEconomy,NonRefundable,3698.85,443.86,387.91,4530.62,INR,0,1.25,20kg,False
OBS001452,2026-04-15T00:00:00,cleartrip,AirIndia,BOM,DEL,2026-05-25,2026-04-15,Economy,Refundable,4121.15,494.54,221.83,4837.52,INR,0,3.27,15kg,True
OBS001453,2026-05-26T00:00:00,mmt,Akasa,BOM,DEL,2026-05-27,2026-05-26,PremiumEconomy,Refundable,5133.78,616.05,191.2,5941.03,INR,0,3.82,15kg,True
OBS001454,2026-04-27T00:00:00,cleartrip,Vistara,BOM,DEL,2026-05-07,2026-04-27,PremiumEconomy,Refundable,3935.33,472.24,226.9,4634.47,INR,0,3.93,15kg,True
OBS001455,2026-03-28T00:00:00,goibibo,SpiceJet,BOM,DEL,2026-05-07,2026-03-28,Economy,Refundable,4133.7,496.04,203.62,4833.36,INR,1,2.68,20kg,True
OBS001456,2026-04-11T00:00:00,mmt,IndiGo,BOM,DEL,2026-05-01,2026-04-11,PremiumEconomy,Refundable,4319.24,518.31,216.44,5053.99,INR,0,3.76,15kg,False
OBS001457,2026-04-23T00:00:00,goibibo,Akasa,BOM,DEL,2026-05-13,2026-04-23,Economy,Refundable,2857.7,342.92,324.02,3524.64,INR,1,1.22,20kg,True
OBS001458,2026-02-27T00:00:00,cleartrip,SpiceJet,BOM,DEL,2026-05-08,2026-02-27,Economy,Refundable,3732.24,447.87,278.56,4458.67,INR,0,3.04,20kg,False
OBS001459,2026-04-27T00:00:00,goibibo,Akasa,BOM,DEL,2026-05-02,2026-04-27,PremiumEconomy,NonRefundable,4772.69,572.72,253.88,5599.29,INR,0,4.05,15kg,False
OBS001460,2026-05-18T00:00:00,cleartrip,Akasa,BOM,DEL,2026-05-23,2026-05-18,PremiumEconomy,NonRefundable,4106.02,492.72,277.55,4876.29,INR,0,3.83,20kg,True
OBS001461,2026-04-16T00:00:00,airline_site,SpiceJet,BOM,DEL,2026-05-06,2026-04-16,PremiumEconomy,Refundable,4477.73,537.33,377.62,5392.68,INR,0,4.28,15kg,True
OBS001462,2026-04-30T00:00:00,cleartrip,AirIndia,BOM,DEL,2026-05-02,2026-04-30,Economy,Refundable,5316.08,637.93,350.41,6304.42,INR,0,1.63,15kg,True
OBS001463,2026-05-23T00:00:00,airline_site,Akasa,BOM,DEL,2026-05-28,2026-05-23,Economy,NonRefundable,4496.57,539.59,234.98,5271.14,INR,0,3.45,20kg,True
OBS001464,2026-03-01T00:00:00,goibibo,SpiceJet,BOM,DEL,2026-05-10,2026-03-01,PremiumEconomy,Refundable,3945.6,473.47,279.95,4699.02,INR,1,4.38,25kg,True
OBS001465,2026-05-04T00:00:00,cleartrip,SpiceJet,BOM,DEL,2026-05-14,2026-05-04,Economy,Refundable,4640.7,556.88,329.84,5527.42,INR,0,2.41,25kg,True
OBS001466,2026-05-07T00:00:00,airline_site,Akasa,BOM,DEL,2026-05-12,2026-05-07,Economy,Refundable,4088.69,490.64,202.29,4781.62,INR,0,3.63,15kg,True
OBS001467,2026-05-03T00:00:00,cleartrip,Akasa,BOM,DEL,2026-05-05,2026-05-03,Economy,Refundable,4041.63,485.0,311.29,4837.92,INR,1,3.64,15kg,True
OBS001468,2026-05-09T00:00:00,mmt,Akasa,BOM,DEL,2026-05-14,2026-05-09,PremiumEconomy,NonRefundable,4007.24,480.87,272.38,4760.49,INR,0,2.96,20kg,False
OBS001469,2026-04-07T00:00:00,cleartrip,SpiceJet,BOM,DEL,2026-05-17,2026-04-07,PremiumEconomy,NonRefundable,4227.99,507.36,346.73,5082.08,INR,0,3.66,20kg,True
OBS001470,2026-05-14T00:00:00,airline_site,Vistara,BOM,DEL,2026-05-16,2026-05-14,Economy,Refundable,4852.38,582.29,244.73,5679.4,INR,1,2.46,25kg,True
OBS001471,2026-05-23T00:00:00,goibibo,IndiGo,BOM,DEL,2026-05-24,2026-05-23,PremiumEconomy,Refundable,4327.89,519.35,195.41,5042.65,INR,0,2.71,15kg,True
OBS001472,2026-03-06T00:00:00,mmt,Akasa,BOM,DEL,2026-05-15,2026-03-06,Economy,Refundable,4179.9,501.59,329.3,5010.79,INR,0,1.8,15kg,True
OBS001473,2026-05-14T00:00:00,cleartrip,Akasa,BOM,DEL,2026-05-24,2026-05-14,Economy,NonRefundable,4779.04,573.48,333.2,5685.72,INR,0,3.03,15kg,True
OBS001474,2026-05-01T00:00:00,mmt,Akasa,BOM,DEL,2026-05-06,2026-05-01,Economy,NonRefundable,3859.4,463.13,313.33,4635.86,INR,0,2.08,15kg,False
OBS001475,2026-04-14T00:00:00,mmt,SpiceJet,BOM,DEL,2026-05-24,2026-04-14,PremiumEconomy,Refundable,3426.56,411.19,273.28,4111.03,INR,0,3.08,20kg,True
OBS001476,2026-03-10T00:00:00,goibibo,Akasa,BOM,DEL,2026-05-19,2026-03-10,Economy,Refundable,4051.07,486.13,388.27,4925.47,INR,1,3.19,25kg,False
OBS001477,2026-04-29T00:00:00,cleartrip,AirIndia,BOM,DEL,2026-05-01,2026-04-29,PremiumEconomy,NonRefundable,4278.69,513.44,190.52,4982.65,INR,0,1.91,25kg,True
OBS001478,2026-04-29T00:00:00,mmt,AirIndia,CCU,DEL,2026-05-19,2026-04-29,Economy,Refundable,6272.15,752.66,386.45,7411.26,INR,0,1.64,20kg,False
OBS001479,2026-03-15T00:00:00,airline_site,IndiGo,CCU,DEL,2026-05-24,2026-03-15,PremiumEconomy,NonRefundable,6488.44,778.61,197.11,7464.16,INR,1,2.91,25kg,False
OBS001480,2026-04-02T00:00:00,cleartrip,Akasa,CCU,DEL,2026-05-12,2026-04-02,PremiumEconomy,Refundable,6342.31,761.08,202.65,7306.04,INR,0,3.3,20kg,True
OBS001481,2026-03-17T00:00:00,airline_site,AirIndia,CCU,DEL,2026-05-26,2026-03-17,Economy,NonRefundable,7328.75,879.45,353.4,8561.6,INR,0,1.98,20kg,True
OBS001482,2026-05-07T00:00:00,cleartrip,IndiGo,CCU,DEL,2026-05-27,2026-05-07,PremiumEconomy,Refundable,6083.66,730.04,363.8,7177.5,INR,0,3.96,15kg,True
OBS001483,2026-04-18T00:00:00,mmt,Akasa,CCU,DEL,2026-05-28,2026-04-18,Economy,NonRefundable,5432.88,651.95,173.39,6258.22,INR,0,1.51,15kg,False
OBS001484,2026-03-30T00:00:00,mmt,IndiGo,CCU,DEL,2026-05-09,2026-03-30,Economy,Refundable,6001.23,720.15,366.96,7088.34,INR,1,4.47,15kg,True
OBS001485,2026-05-02T00:00:00,goibibo,IndiGo,CCU,DEL,2026-05-22,2026-05-02,Economy,Refundable,5800.57,696.07,178.79,6675.43,INR,0,1.88,15kg,False
OBS001486,2026-05-04T00:00:00,mmt,IndiGo,CCU,DEL,2026-05-14,2026-05-04,Economy,Refundable,6906.0,828.72,338.16,8072.88,INR,0,1.57,20kg,True
OBS001487,2026-05-03T00:00:00,mmt,Vistara,CCU,DEL,2026-05-05,2026-05-03,PremiumEconomy,Refundable,8510.37,1021.24,157.98,9689.59,INR,0,4.25,25kg,True
OBS001488,2026-04-27T00:00:00,goibibo,SpiceJet,CCU,DEL,2026-05-02,2026-04-27,PremiumEconomy,Refundable,7607.11,912.85,292.97,8812.93,INR,0,3.38,20kg,True
OBS001489,2026-05-05T00:00:00,airline_site,IndiGo,CCU,DEL,2026-05-25,2026-05-05,PremiumEconomy,Refundable,7219.3,866.32,220.51,8306.13,INR,1,3.26,15kg,True
OBS001490,2026-05-27T00:00:00,cleartrip,AirIndia,CCU,DEL,2026-05-28,2026-05-27,Economy,NonRefundable,8426.59,1011.19,294.11,9731.89,INR,1,1.63,25kg,True
OBS001491,2026-03-14T00:00:00,airline_site,IndiGo,CCU,DEL,2026-05-23,2026-03-14,Economy,NonRefundable,5600.48,672.06,330.39,6602.93,INR,0,3.77,25kg,False
OBS001492,2026-05-26T00:00:00,mmt,SpiceJet,CCU,DEL,2026-05-27,2026-05-26,Economy,Refundable,8996.94,1079.63,344.09,10420.66,INR,0,1.83,20kg,True
OBS001493,2026-05-13T00:00:00,airline_site,Vistara,CCU,DEL,2026-05-18,2026-05-13,Economy,Refundable,6631.72,795.81,182.58,7610.11,INR,0,1.66,20kg,True
OBS001494,2026-05-13T00:00:00,mmt,SpiceJet,CCU,DEL,2026-05-14,2026-05-13,Economy,NonRefundable,8471.37,1016.56,240.46,9728.39,INR,0,1.4,25kg,True
OBS001495,2026-04-05T00:00:00,airline_site,SpiceJet,CCU,DEL,2026-05-15,2026-04-05,Economy,Refundable,6475.33,777.04,256.55,7508.92,INR,0,4.04,25kg,True
OBS001496,2026-05-06T00:00:00,mmt,IndiGo,CCU,DEL,2026-05-11,2026-05-06,Economy,NonRefundable,7148.03,857.76,215.27,8221.06,INR,0,2.02,15kg,True
OBS001497,2026-05-15T00:00:00,goibibo,Vistara,CCU,DEL,2026-05-20,2026-05-15,PremiumEconomy,NonRefundable,7899.17,947.9,274.1,9121.17,INR,0,2.42,25kg,True
OBS001498,2026-05-07T00:00:00,mmt,AirIndia,CCU,DEL,2026-05-12,2026-05-07,PremiumEconomy,NonRefundable,7064.25,847.71,256.29,8168.25,INR,0,1.65,20kg,False
OBS001499,2026-05-13T00:00:00,airline_site,IndiGo,CCU,DEL,2026-05-14,2026-05-13,Economy,Refundable,8393.63,1007.24,342.29,9743.16,INR,1,3.03,15kg,False
OBS001500,2026-05-08T00:00:00,airline_site,SpiceJet,CCU,DEL,2026-05-13,2026-05-08,Economy,NonRefundable,7875.75,945.09,340.86,9161.7,INR,0,3.0,25kg,True
OBS001501,2026-04-16T00:00:00,airline_site,IndiGo,CCU,DEL,2026-05-26,2026-04-16,PremiumEconomy,Refundable,6241.49,748.98,187.03,7177.5,INR,1,1.48,25kg,True
OBS001502,2026-05-14T00:00:00,goibibo,AirIndia,BLR,BOM,2026-05-15,2026-05-14,PremiumEconomy,Refundable,4727.68,567.32,211.63,5506.63,INR,0,3.88,20kg,True
OBS001503,2026-05-12T00:00:00,airline_site,AirIndia,BLR,BOM,2026-05-17,2026-05-12,Economy,Refundable,4602.85,552.34,250.15,5405.34,INR,1,1.8,25kg,True
OBS001504,2026-05-05T00:00:00,cleartrip,SpiceJet,BLR,BOM,2026-05-15,2026-05-05,Economy,Refundable,4552.84,546.34,325.85,5425.03,INR,0,3.05,20kg,True
OBS001505,2026-03-13T00:00:00,goibibo,Vistara,BLR,BOM,2026-05-22,2026-03-13,PremiumEconomy,NonRefundable,4442.84,533.14,250.64,5226.62,INR,1,3.92,15kg,True
OBS001506,2026-05-18T00:00:00,mmt,SpiceJet,BLR,BOM,2026-05-19,2026-05-18,Economy,Refundable,4921.95,590.63,281.15,5793.73,INR,0,4.43,20kg,False
OBS001507,2026-05-13T00:00:00,airline_site,IndiGo,BLR,BOM,2026-05-14,2026-05-13,Economy,NonRefundable,4982.73,597.93,297.33,5877.99,INR,1,3.4,15kg,True
OBS001508,2026-05-01T00:00:00,cleartrip,Akasa,BLR,BOM,2026-05-02,2026-05-01,Economy,Refundable,5459.48,655.14,337.26,6451.88,INR,0,3.09,20kg,True
OBS001509,2026-04-12T00:00:00,airline_site,Akasa,BLR,BOM,2026-05-22,2026-04-12,PremiumEconomy,NonRefundable,4833.52,580.02,160.57,5574.11,INR,1,3.78,25kg,False
OBS001510,2026-05-19T00:00:00,mmt,SpiceJet,BLR,BOM,2026-05-21,2026-05-19,PremiumEconomy,Refundable,5339.3,640.72,312.01,6292.03,INR,1,2.46,25kg,True
OBS001511,2026-04-24T00:00:00,goibibo,Vistara,BLR,BOM,2026-05-04,2026-04-24,Economy,NonRefundable,5299.87,635.98,187.11,6122.96,INR,1,3.08,15kg,True
OBS001512,2026-05-25T00:00:00,goibibo,AirIndia,BLR,BOM,2026-05-27,2026-05-25,Economy,NonRefundable,4504.01,540.48,340.55,5385.04,INR,0,4.49,20kg,True
OBS001513,2026-03-24T00:00:00,mmt,IndiGo,BLR,BOM,2026-05-03,2026-03-24,Economy,NonRefundable,4401.84,528.22,370.86,5300.92,INR,0,2.9,25kg,True
OBS001514,2026-05-03T00:00:00,mmt,IndiGo,BLR,BOM,2026-05-04,2026-05-03,PremiumEconomy,Refundable,4831.04,579.72,252.69,5663.45,INR,0,1.98,25kg,False
OBS001515,2026-05-04T00:00:00,cleartrip,Akasa,BLR,BOM,2026-05-05,2026-05-04,Economy,Refundable,5503.32,660.4,155.6,6319.32,INR,1,4.15,20kg,True
OBS001516,2026-02-25T00:00:00,cleartrip,Akasa,BLR,BOM,2026-05-06,2026-02-25,Economy,NonRefundable,4469.82,536.38,180.06,5186.26,INR,0,2.64,15kg,True
OBS001517,2026-02-21T00:00:00,cleartrip,SpiceJet,BLR,BOM,2026-05-02,2026-02-21,Economy,Refundable,4705.27,564.63,254.7,5524.6,INR,0,2.45,15kg,True
OBS001518,2026-05-10T00:00:00,airline_site,AirIndia,BLR,BOM,2026-05-20,2026-05-10,PremiumEconomy,NonRefundable,4613.49,553.62,172.88,5339.99,INR,0,3.18,20kg,True
OBS001519,2026-04-05T00:00:00,goibibo,IndiGo,BLR,BOM,2026-05-15,2026-04-05,PremiumEconomy,Refundable,4289.8,514.78,399.76,5204.34,INR,0,1.96,15kg,True
OBS001520,2026-05-25T00:00:00,goibibo,IndiGo,BLR,BOM,2026-05-26,2026-05-25,PremiumEconomy,NonRefundable,4580.69,549.68,347.53,5477.9,INR,0,2.83,25kg,True
OBS001521,2026-04-26T00:00:00,mmt,Vistara,BLR,BOM,2026-05-06,2026-04-26,PremiumEconomy,NonRefundable,4377.08,525.25,322.73,5225.06,INR,0,3.77,20kg,False
OBS001522,2026-05-01T00:00:00,goibibo,Vistara,BLR,BOM,2026-05-06,2026-05-01,PremiumEconomy,NonRefundable,5666.8,680.02,310.0,6656.82,INR,0,3.58,25kg,False
OBS001523,2026-04-26T00:00:00,airline_site,AirIndia,BLR,BOM,2026-05-01,2026-04-26,PremiumEconomy,Refundable,4539.89,544.79,166.19,5250.87,INR,1,1.67,20kg,True
OBS001524,2026-04-17T00:00:00,mmt,IndiGo,BLR,BOM,2026-05-27,2026-04-17,Economy,NonRefundable,4369.91,524.39,251.66,5145.96,INR,1,2.96,25kg,True
OBS001525,2026-05-19T00:00:00,goibibo,AirIndia,BLR,BOM,2026-05-20,2026-05-19,PremiumEconomy,Refundable,5281.68,633.8,214.63,6130.11,INR,1,1.27,15kg,True
OBS001526,2026-05-09T00:00:00,airline_site,Akasa,BLR,BOM,2026-05-10,2026-05-09,Economy,NonRefundable,4966.9,596.03,203.61,5766.54,INR,0,4.5,15kg,False
OBS001527,2026-05-02T00:00:00,cleartrip,AirIndia,BLR,BOM,2026-05-04,2026-05-02,Economy,Refundable,5202.0,624.24,373.61,6199.85,INR,0,2.26,25kg,True
OBS001528,2026-05-08T00:00:00,airline_site,AirIndia,BLR,BOM,2026-05-13,2026-05-08,PremiumEconomy,NonRefundable,5465.99,655.92,344.94,6466.85,INR,0,2.84,20kg,True
OBS001529,2026-05-19T00:00:00,cleartrip,Vistara,BLR,BOM,2026-05-20,2026-05-19,Economy,NonRefundable,4583.61,550.03,368.26,5501.9,INR,1,3.99,20kg,False
OBS001530,2026-05-23T00:00:00,mmt,Vistara,BLR,BOM,2026-05-24,2026-05-23,Economy,Refundable,5375.42,645.05,343.1,6363.57,INR,1,2.72,25kg,True
OBS001531,2026-04-29T00:00:00,airline_site,AirIndia,BLR,BOM,2026-05-04,2026-04-29,PremiumEconomy,Refundable,5133.28,615.99,279.24,6028.51,INR,1,3.27,20kg,False
OBS001532,2026-04-10T00:00:00,mmt,Akasa,BLR,BOM,2026-05-20,2026-04-10,PremiumEconomy,NonRefundable,4414.35,529.72,284.6,5228.67,INR,0,4.27,20kg,True
OBS001533,2026-03-14T00:00:00,cleartrip,IndiGo,BLR,BOM,2026-05-23,2026-03-14,Economy,Refundable,4547.29,545.68,215.3,5308.27,INR,0,3.58,25kg,True
OBS001534,2026-02-21T00:00:00,goibibo,Vistara,BLR,BOM,2026-05-02,2026-02-21,Economy,NonRefundable,4451.67,534.2,321.86,5307.73,INR,0,2.36,15kg,False
OBS001535,2026-05-05T00:00:00,goibibo,AirIndia,BLR,DEL,2026-06-14,2026-05-05,PremiumEconomy,NonRefundable,6829.86,819.58,299.0,7948.44,INR,0,2.56,25kg,True
OBS001536,2026-05-15T00:00:00,cleartrip,Vistara,BLR,DEL,2026-06-04,2026-05-15,Economy,NonRefundable,6492.28,779.07,294.82,7566.17,INR,1,1.23,15kg,True
OBS001537,2026-06-24T00:00:00,airline_site,Vistara,BLR,DEL,2026-06-26,2026-06-24,PremiumEconomy,NonRefundable,7601.18,912.14,212.55,8725.87,INR,0,3.79,25kg,False
OBS001538,2026-06-04T00:00:00,cleartrip,SpiceJet,BLR,DEL,2026-06-14,2026-06-04,PremiumEconomy,Refundable,8780.01,1053.6,252.62,10086.23,INR,0,3.91,20kg,True
OBS001539,2026-04-05T00:00:00,airline_site,Akasa,BLR,DEL,2026-06-14,2026-04-05,PremiumEconomy,NonRefundable,6275.44,753.05,234.98,7263.47,INR,0,4.38,15kg,True
OBS001540,2026-06-12T00:00:00,cleartrip,Vistara,BLR,DEL,2026-06-14,2026-06-12,PremiumEconomy,NonRefundable,8945.65,1073.48,210.63,10229.76,INR,0,4.02,15kg,False
OBS001541,2026-05-02T00:00:00,cleartrip,AirIndia,BLR,DEL,2026-06-11,2026-05-02,Economy,Refundable,6819.53,818.34,308.16,7946.03,INR,1,1.73,15kg,True
OBS001542,2026-06-04T00:00:00,goibibo,SpiceJet,BLR,DEL,2026-06-06,2026-06-04,PremiumEconomy,NonRefundable,8424.82,1010.98,223.53,9659.33,INR,0,2.52,20kg,True
OBS001543,2026-06-12T00:00:00,airline_site,IndiGo,BLR,DEL,2026-06-13,2026-06-12,PremiumEconomy,NonRefundable,8552.74,1026.33,327.29,9906.36,INR,1,4.48,15kg,True
OBS001544,2026-05-25T00:00:00,goibibo,SpiceJet,BLR,DEL,2026-06-04,2026-05-25,PremiumEconomy,Refundable,7517.66,902.12,297.2,8716.98,INR,0,4.09,15kg,True
OBS001545,2026-04-06T00:00:00,mmt,SpiceJet,BLR,DEL,2026-06-15,2026-04-06,PremiumEconomy,Refundable,7901.03,948.12,218.3,9067.45,INR,1,1.45,25kg,True
OBS001546,2026-06-05T00:00:00,cleartrip,AirIndia,BLR,DEL,2026-06-06,2026-06-05,PremiumEconomy,NonRefundable,7310.71,877.28,200.97,8388.96,INR,0,2.62,25kg,False
OBS001547,2026-04-19T00:00:00,mmt,Vistara,BLR,DEL,2026-06-28,2026-04-19,PremiumEconomy,Refundable,6283.94,754.07,237.59,7275.6,INR,0,1.62,25kg,True
OBS001548,2026-06-12T00:00:00,cleartrip,Vistara,BLR,DEL,2026-06-17,2026-06-12,Economy,Refundable,7673.08,920.77,369.66,8963.51,INR,1,2.04,25kg,True
OBS001549,2026-05-01T00:00:00,airline_site,IndiGo,BLR,DEL,2026-06-10,2026-05-01,Economy,Refundable,5999.3,719.92,367.47,7086.69,INR,0,4.28,20kg,True
OBS001550,2026-06-05T00:00:00,goibibo,Akasa,BLR,DEL,2026-06-25,2026-06-05,Economy,NonRefundable,7068.61,848.23,303.69,8220.53,INR,1,4.17,20kg,True
OBS001551,2026-04-29T00:00:00,goibibo,AirIndia,BLR,DEL,2026-06-08,2026-04-29,Economy,Refundable,6671.05,800.53,335.57,7807.15,INR,1,3.46,15kg,False
OBS001552,2026-05-03T00:00:00,airline_site,IndiGo,BLR,DEL,2026-06-12,2026-05-03,PremiumEconomy,Refundable,7643.42,917.21,153.15,8713.78,INR,0,2.04,25kg,True
OBS001553,2026-05-23T00:00:00,mmt,Vistara,BLR,DEL,2026-06-02,2026-05-23,Economy,NonRefundable,6494.15,779.3,207.39,7480.84,INR,0,4.11,15kg,True
OBS001554,2026-04-19T00:00:00,airline_site,Akasa,BLR,DEL,2026-06-28,2026-04-19,Economy,NonRefundable,6266.28,751.95,325.0,7343.23,INR,1,2.76,20kg,True
OBS001555,2026-06-17T00:00:00,cleartrip,Vistara,BLR,DEL,2026-06-27,2026-06-17,PremiumEconomy,NonRefundable,7094.47,851.34,213.53,8159.34,INR,0,3.93,15kg,True
OBS001556,2026-06-22T00:00:00,mmt,SpiceJet,BLR,DEL,2026-06-23,2026-06-22,Economy,Refundable,8560.37,1027.24,268.78,9856.39,INR,0,2.0,25kg,True
OBS001557,2026-06-08T00:00:00,goibibo,Akasa,DEL,BOM,2026-06-18,2026-06-08,PremiumEconomy,Refundable,5432.98,651.96,213.86,6298.8,INR,0,2.21,20kg,False
OBS001558,2026-05-10T00:00:00,goibibo,IndiGo,DEL,BOM,2026-06-19,2026-05-10,PremiumEconomy,NonRefundable,4578.72,549.45,183.21,5311.38,INR,0,2.04,15kg,True
OBS001559,2026-06-25T00:00:00,goibibo,Vistara,DEL,BOM,2026-06-26,2026-06-25,Economy,NonRefundable,6454.32,774.52,285.11,7513.95,INR,0,4.19,25kg,True
OBS001560,2026-06-09T00:00:00,mmt,AirIndia,DEL,BOM,2026-06-19,2026-06-09,Economy,Refundable,4080.6,489.67,190.68,4760.95,INR,0,4.45,25kg,False
OBS001561,2026-05-22T00:00:00,mmt,AirIndia,DEL,BOM,2026-06-01,2026-05-22,Economy,Refundable,5174.72,620.97,370.39,6166.08,INR,0,1.68,15kg,True
OBS001562,2026-05-30T00:00:00,airline_site,IndiGo,DEL,BOM,2026-06-01,2026-05-30,Economy,NonRefundable,5408.98,649.08,207.5,6265.56,INR,1,2.63,15kg,True
OBS001563,2026-05-12T00:00:00,goibibo,SpiceJet,DEL,BOM,2026-06-01,2026-05-12,Economy,Refundable,4964.0,595.68,366.96,5926.64,INR,0,3.9,15kg,True
OBS001564,2026-04-04T00:00:00,airline_site,AirIndia,DEL,BOM,2026-06-13,2026-04-04,PremiumEconomy,NonRefundable,4264.82,511.78,173.24,4949.84,INR,0,3.32,15kg,True
OBS001565,2026-06-16T00:00:00,mmt,AirIndia,DEL,BOM,2026-06-26,2026-06-16,PremiumEconomy,NonRefundable,4856.36,582.76,341.61,5780.73,INR,1,4.06,25kg,True
OBS001566,2026-05-18T00:00:00,airline_site,IndiGo,DEL,BOM,2026-06-27,2026-05-18,Economy,Refundable,5336.5,640.38,347.53,6324.41,INR,1,3.96,20kg,True
OBS001567,2026-05-27T00:00:00,goibibo,SpiceJet,DEL,BOM,2026-06-01,2026-05-27,Economy,NonRefundable,5464.18,655.7,232.36,6352.24,INR,0,4.18,15kg,False
OBS001568,2026-05-05T00:00:00,cleartrip,IndiGo,DEL,BOM,2026-06-14,2026-05-05,Economy,Refundable,4412.98,529.56,247.48,5190.02,INR,1,4.22,20kg,True
OBS001569,2026-06-22T00:00:00,cleartrip,IndiGo,DEL,BOM,2026-06-23,2026-06-22,PremiumEconomy,NonRefundable,5335.06,640.21,385.65,6360.92,INR,0,2.52,25kg,True
OBS001570,2026-06-05T00:00:00,airline_site,Vistara,DEL,BOM,2026-06-25,2026-06-05,Economy,NonRefundable,3931.11,471.73,267.36,4670.2,INR,1,3.01,20kg,True
OBS001571,2026-05-24T00:00:00,goibibo,Akasa,DEL,BOM,2026-06-13,2026-05-24,PremiumEconomy,Refundable,4615.78,553.89,251.31,5420.98,INR,0,2.98,25kg,True
OBS001572,2026-05-27T00:00:00,goibibo,Akasa,DEL,BOM,2026-06-16,2026-05-27,Economy,NonRefundable,4211.48,505.38,398.75,5115.61,INR,0,2.42,25kg,False
OBS001573,2026-06-01T00:00:00,goibibo,IndiGo,DEL,BOM,2026-06-06,2026-06-01,Economy,Refundable,5158.88,619.07,263.62,6041.57,INR,0,4.31,15kg,False
OBS001574,2026-04-14T00:00:00,goibibo,Akasa,DEL,BOM,2026-06-23,2026-04-14,Economy,NonRefundable,4733.0,567.96,397.06,5698.02,INR,0,2.2,15kg,True
OBS001575,2026-06-05T00:00:00,goibibo,Vistara,DEL,BOM,2026-06-25,2026-06-05,PremiumEconomy,NonRefundable,4550.38,546.05,168.21,5264.64,INR,0,2.72,20kg,True
OBS001576,2026-06-22T00:00:00,mmt,SpiceJet,DEL,BOM,2026-06-23,2026-06-22,PremiumEconomy,NonRefundable,5784.57,694.15,317.74,6796.46,INR,0,3.79,15kg,True
OBS001577,2026-06-08T00:00:00,goibibo,Vistara,DEL,BOM,2026-06-09,2026-06-08,Economy,Refundable,5137.94,616.55,384.99,6139.48,INR,0,3.19,20kg,True
OBS001578,2026-05-28T00:00:00,airline_site,Vistara,DEL,BOM,2026-06-17,2026-05-28,PremiumEconomy,NonRefundable,4372.84,524.74,168.61,5066.19,INR,0,1.55,25kg,True
OBS001579,2026-06-17T00:00:00,goibibo,Akasa,DEL,BOM,2026-06-22,2026-06-17,Economy,Refundable,4760.39,571.25,161.34,5492.98,INR,0,1.62,20kg,False
OBS001580,2026-06-26T00:00:00,airline_site,IndiGo,DEL,BOM,2026-06-27,2026-06-26,Economy,NonRefundable,6212.38,745.49,327.58,7285.45,INR,0,4.25,20kg,False
OBS001581,2026-05-23T00:00:00,goibibo,AirIndia,BOM,BLR,2026-06-02,2026-05-23,Economy,NonRefundable,3974.33,476.92,219.61,4670.86,INR,0,1.22,15kg,False
OBS001582,2026-05-08T00:00:00,mmt,AirIndia,BOM,BLR,2026-06-17,2026-05-08,PremiumEconomy,NonRefundable,3963.98,475.68,386.33,4825.99,INR,0,1.5,20kg,True
OBS001583,2026-05-24T00:00:00,goibibo,IndiGo,BOM,BLR,2026-06-13,2026-05-24,Economy,NonRefundable,3944.4,473.33,243.29,4661.02,INR,0,1.5,25kg,True
OBS001584,2026-05-12T00:00:00,goibibo,IndiGo,BOM,BLR,2026-06-01,2026-05-12,Economy,NonRefundable,3272.75,392.73,194.5,3859.98,INR,0,2.61,25kg,True
OBS001585,2026-06-19T00:00:00,airline_site,Akasa,BOM,BLR,2026-06-24,2026-06-19,Economy,Refundable,4056.88,486.83,348.49,4892.2,INR,0,1.31,15kg,False
OBS001586,2026-06-14T00:00:00,airline_site,SpiceJet,BOM,BLR,2026-06-19,2026-06-14,PremiumEconomy,Refundable,4553.99,546.48,320.12,5420.59,INR,0,3.05,20kg,True
OBS001587,2026-03-30T00:00:00,goibibo,Akasa,BOM,BLR,2026-06-08,2026-03-30,Economy,NonRefundable,3196.68,383.6,280.48,3860.76,INR,0,1.63,20kg,True
OBS001588,2026-04-07T00:00:00,airline_site,Akasa,BOM,BLR,2026-06-16,2026-04-07,Economy,NonRefundable,3104.16,372.5,178.89,3655.55,INR,0,3.86,25kg,True
OBS001589,2026-03-29T00:00:00,airline_site,AirIndia,BOM,BLR,2026-06-07,2026-03-29,PremiumEconomy,NonRefundable,3484.79,418.17,214.45,4117.41,INR,0,3.46,15kg,False
OBS001590,2026-06-08T00:00:00,cleartrip,SpiceJet,BOM,BLR,2026-06-10,2026-06-08,PremiumEconomy,Refundable,4006.49,480.78,392.71,4879.98,INR,0,4.08,15kg,False
OBS001591,2026-06-16T00:00:00,airline_site,SpiceJet,BOM,BLR,2026-06-17,2026-06-16,PremiumEconomy,Refundable,3962.42,475.49,286.42,4724.33,INR,0,4.47,20kg,True
OBS001592,2026-05-29T00:00:00,cleartrip,AirIndia,BOM,BLR,2026-06-18,2026-05-29,PremiumEconomy,Refundable,3626.32,435.16,198.81,4260.29,INR,1,4.24,25kg,True
OBS001593,2026-06-11T00:00:00,goibibo,Vistara,BOM,BLR,2026-06-13,2026-06-11,Economy,NonRefundable,3844.69,461.36,163.27,4469.32,INR,0,2.68,20kg,True
OBS001594,2026-05-29T00:00:00,mmt,AirIndia,BOM,BLR,2026-06-03,2026-05-29,Economy,Refundable,3902.81,468.34,390.23,4761.38,INR,0,2.98,20kg,True
OBS001595,2026-06-03T00:00:00,airline_site,AirIndia,BOM,BLR,2026-06-04,2026-06-03,Economy,Refundable,3665.24,439.83,332.65,4437.72,INR,0,2.73,25kg,False
OBS001596,2026-05-15T00:00:00,airline_site,AirIndia,BOM,BLR,2026-06-04,2026-05-15,PremiumEconomy,NonRefundable,3519.39,422.33,396.57,4338.29,INR,1,3.45,15kg,True
OBS001597,2026-04-27T00:00:00,mmt,Vistara,BOM,BLR,2026-06-06,2026-04-27,PremiumEconomy,Refundable,3941.49,472.98,242.74,4657.21,INR,0,4.49,15kg,True
OBS001598,2026-05-27T00:00:00,cleartrip,IndiGo,BOM,BLR,2026-06-06,2026-05-27,Economy,Refundable,3781.69,453.8,375.28,4610.77,INR,1,3.71,25kg,True
OBS001599,2026-05-29T00:00:00,mmt,Vistara,BOM,BLR,2026-06-03,2026-05-29,PremiumEconomy,NonRefundable,4143.4,497.21,329.87,4970.48,INR,0,1.31,20kg,True
OBS001600,2026-06-17T00:00:00,goibibo,AirIndia,BOM,BLR,2026-06-27,2026-06-17,Economy,NonRefundable,3843.95,461.27,174.97,4480.19,INR,0,4.27,25kg,True
OBS001601,2026-06-20T00:00:00,airline_site,IndiGo,BOM,BLR,2026-06-21,2026-06-20,PremiumEconomy,NonRefundable,4608.56,553.03,357.31,5518.9,INR,0,4.4,25kg,True
OBS001602,2026-04-28T00:00:00,airline_site,IndiGo,BOM,BLR,2026-06-07,2026-04-28,PremiumEconomy,NonRefundable,3286.59,394.39,374.32,4055.3,INR,0,4.29,15kg,False
OBS001603,2026-05-13T00:00:00,airline_site,Akasa,BOM,BLR,2026-06-02,2026-05-13,PremiumEconomy,Refundable,2928.06,351.37,221.05,3500.48,INR,0,4.47,20kg,True
OBS001604,2026-06-13T00:00:00,mmt,Vistara,BOM,BLR,2026-06-18,2026-06-13,PremiumEconomy,Refundable,3424.8,410.98,236.53,4072.31,INR,0,2.39,15kg,True
OBS001605,2026-05-23T00:00:00,airline_site,SpiceJet,BOM,BLR,2026-06-02,2026-05-23,PremiumEconomy,Refundable,4086.89,490.43,294.4,4871.72,INR,0,3.0,25kg,False
OBS001606,2026-06-11T00:00:00,mmt,SpiceJet,BOM,BLR,2026-06-16,2026-06-11,PremiumEconomy,Refundable,3880.83,465.7,161.02,4507.55,INR,0,3.39,25kg,True
OBS001607,2026-05-21T00:00:00,airline_site,IndiGo,BOM,BLR,2026-06-10,2026-05-21,PremiumEconomy,NonRefundable,3241.78,389.01,365.47,3996.26,INR,1,2.44,15kg,True
OBS001608,2026-06-10T00:00:00,cleartrip,IndiGo,BOM,BLR,2026-06-11,2026-06-10,Economy,NonRefundable,3251.71,390.21,204.49,3846.41,INR,0,4.45,20kg,True
OBS001609,2026-06-11T00:00:00,airline_site,AirIndia,DEL,HYD,2026-06-13,2026-06-11,Economy,Refundable,7989.6,958.75,213.69,9162.04,INR,0,2.22,15kg,True
OBS001610,2026-04-22T00:00:00,airline_site,SpiceJet,DEL,HYD,2026-06-01,2026-04-22,Economy,NonRefundable,7505.22,900.63,346.86,8752.71,INR,0,1.22,25kg,False
OBS001611,2026-06-12T00:00:00,airline_site,SpiceJet,DEL,HYD,2026-06-17,2026-06-12,PremiumEconomy,NonRefundable,7856.23,942.75,375.71,9174.69,INR,0,3.82,25kg,True
OBS001612,2026-05-01T00:00:00,goibibo,Vistara,DEL,HYD,2026-06-10,2026-05-01,PremiumEconomy,NonRefundable,7224.24,866.91,233.63,8324.78,INR,0,1.49,25kg,False
OBS001613,2026-06-08T00:00:00,goibibo,AirIndia,DEL,HYD,2026-06-10,2026-06-08,Economy,Refundable,7777.38,933.29,360.79,9071.46,INR,1,2.42,25kg,True
OBS001614,2026-05-29T00:00:00,goibibo,IndiGo,DEL,HYD,2026-06-03,2026-05-29,Economy,Refundable,8118.42,974.21,265.49,9358.12,INR,1,1.58,20kg,True
OBS001615,2026-04-29T00:00:00,mmt,IndiGo,DEL,HYD,2026-06-08,2026-04-29,Economy,Refundable,6908.56,829.03,197.26,7934.85,INR,0,4.19,25kg,True
OBS001616,2026-05-28T00:00:00,airline_site,Vistara,DEL,HYD,2026-06-17,2026-05-28,Economy,NonRefundable,6846.59,821.59,377.47,8045.65,INR,0,3.75,25kg,False
OBS001617,2026-05-18T00:00:00,cleartrip,Akasa,DEL,HYD,2026-06-07,2026-05-18,PremiumEconomy,NonRefundable,6425.04,771.0,170.39,7366.43,INR,0,3.52,15kg,False
OBS001618,2026-05-29T00:00:00,airline_site,Vistara,DEL,HYD,2026-06-18,2026-05-29,Economy,NonRefundable,7412.76,889.53,161.11,8463.4,INR,0,1.42,20kg,True
OBS001619,2026-05-28T00:00:00,cleartrip,Vistara,DEL,HYD,2026-06-17,2026-05-28,Economy,Refundable,6570.66,788.48,277.27,7636.41,INR,0,1.75,20kg,True
OBS001620,2026-05-31T00:00:00,mmt,Akasa,DEL,HYD,2026-06-01,2026-05-31,PremiumEconomy,Refundable,8306.79,996.81,194.41,9498.01,INR,0,1.65,15kg,True
OBS001621,2026-06-08T00:00:00,mmt,AirIndia,DEL,HYD,2026-06-09,2026-06-08,Economy,Refundable,8123.96,974.88,219.69,9318.53,INR,1,4.41,20kg,True
OBS001622,2026-06-22T00:00:00,airline_site,AirIndia,DEL,HYD,2026-06-23,2026-06-22,Economy,Refundable,9006.85,1080.82,318.28,10405.95,INR,0,2.11,25kg,True
OBS001623,2026-03-30T00:00:00,mmt,IndiGo,DEL,HYD,2026-06-08,2026-03-30,Economy,NonRefundable,7504.0,900.48,274.51,8678.99,INR,0,1.34,15kg,True
OBS001624,2026-06-09T00:00:00,goibibo,Vistara,DEL,HYD,2026-06-14,2026-06-09,PremiumEconomy,Refundable,8571.93,1028.63,371.58,9972.14,INR,0,3.45,15kg,True
OBS001625,2026-04-14T00:00:00,goibibo,Vistara,DEL,HYD,2026-06-23,2026-04-14,PremiumEconomy,Refundable,5838.85,700.66,259.99,6799.5,INR,0,1.64,15kg,True
OBS001626,2026-06-19T00:00:00,airline_site,SpiceJet,DEL,HYD,2026-06-21,2026-06-19,Economy,NonRefundable,7295.49,875.46,397.67,8568.62,INR,0,2.45,25kg,True
OBS001627,2026-06-26T00:00:00,airline_site,Vistara,DEL,HYD,2026-06-28,2026-06-26,Economy,NonRefundable,6734.24,808.11,204.54,7746.89,INR,0,3.25,20kg,True
OBS001628,2026-05-16T00:00:00,mmt,IndiGo,DEL,HYD,2026-06-05,2026-05-16,PremiumEconomy,NonRefundable,6227.46,747.3,170.29,7145.05,INR,0,2.85,20kg,False
OBS001629,2026-06-13T00:00:00,goibibo,SpiceJet,DEL,HYD,2026-06-18,2026-06-13,Economy,NonRefundable,8480.19,1017.62,392.43,9890.24,INR,0,3.51,15kg,True
OBS001630,2026-05-30T00:00:00,cleartrip,Vistara,DEL,HYD,2026-06-19,2026-05-30,Economy,NonRefundable,6796.01,815.52,351.05,7962.58,INR,0,3.77,20kg,True
OBS001631,2026-06-20T00:00:00,cleartrip,Akasa,DEL,HYD,2026-06-21,2026-06-20,Economy,Refundable,7600.72,912.09,394.92,8907.73,INR,1,2.33,20kg,False
OBS001632,2026-05-27T00:00:00,mmt,SpiceJet,DEL,HYD,2026-06-06,2026-05-27,Economy,NonRefundable,7547.91,905.75,197.44,8651.1,INR,0,1.49,15kg,True
OBS001633,2026-06-16T00:00:00,cleartrip,Vistara,BLR,HYD,2026-06-26,2026-06-16,Economy,Refundable,4270.91,512.51,334.71,5118.13,INR,0,2.96,20kg,True
OBS001634,2026-06-04T00:00:00,mmt,AirIndia,BLR,HYD,2026-06-24,2026-06-04,PremiumEconomy,Refundable,3745.93,449.51,382.58,4578.02,INR,1,2.07,15kg,True
OBS001635,2026-06-24T00:00:00,cleartrip,SpiceJet,BLR,HYD,2026-06-26,2026-06-24,Economy,NonRefundable,5737.75,688.53,390.6,6816.88,INR,0,2.4,15kg,True
OBS001636,2026-06-03T00:00:00,airline_site,AirIndia,BLR,HYD,2026-06-08,2026-06-03,Economy,Refundable,4613.28,553.59,387.31,5554.18,INR,0,4.0,25kg,False
OBS001637,2026-06-12T00:00:00,goibibo,SpiceJet,BLR,HYD,2026-06-13,2026-06-12,PremiumEconomy,NonRefundable,4822.97,578.76,242.45,5644.18,INR,0,3.83,20kg,True
OBS001638,2026-04-15T00:00:00,cleartrip,AirIndia,BLR,HYD,2026-06-24,2026-04-15,PremiumEconomy,Refundable,4834.72,580.17,385.69,5800.58,INR,1,2.42,20kg,True
OBS001639,2026-06-03T00:00:00,airline_site,SpiceJet,BLR,HYD,2026-06-13,2026-06-03,Economy,NonRefundable,5157.08,618.85,275.7,6051.63,INR,0,1.46,20kg,True
OBS001640,2026-06-11T00:00:00,airline_site,Akasa,BLR,HYD,2026-06-12,2026-06-11,PremiumEconomy,NonRefundable,5058.22,606.99,283.87,5949.08,INR,0,3.89,15kg,False
OBS001641,2026-06-18T00:00:00,goibibo,Vistara,BLR,HYD,2026-06-20,2026-06-18,PremiumEconomy,Refundable,4790.4,574.85,293.93,5659.18,INR,0,4.02,15kg,True
OBS001642,2026-04-06T00:00:00,mmt,AirIndia,BLR,HYD,2026-06-15,2026-04-06,PremiumEconomy,Refundable,5186.35,622.36,395.21,6203.92,INR,0,1.8,15kg,True
OBS001643,2026-04-23T00:00:00,mmt,AirIndia,BLR,HYD,2026-06-02,2026-04-23,PremiumEconomy,Refundable,4925.12,591.01,295.88,5812.01,INR,0,3.76,20kg,True
OBS001644,2026-04-14T00:00:00,goibibo,AirIndia,BLR,HYD,2026-06-23,2026-04-14,PremiumEconomy,Refundable,4284.84,514.18,163.96,4962.98,INR,0,4.37,25kg,True
OBS001645,2026-05-12T00:00:00,cleartrip,AirIndia,BLR,HYD,2026-06-01,2026-05-12,Economy,Refundable,4082.11,489.85,273.92,4845.88,INR,0,2.42,25kg,False
OBS001646,2026-05-14T00:00:00,mmt,AirIndia,BLR,HYD,2026-06-03,2026-05-14,PremiumEconomy,NonRefundable,3977.15,477.26,220.21,4674.62,INR,0,2.63,25kg,False
OBS001647,2026-06-04T00:00:00,airline_site,IndiGo,BLR,HYD,2026-06-09,2026-06-04,PremiumEconomy,Refundable,5356.27,642.75,319.68,6318.7,INR,0,4.07,25kg,True
OBS001648,2026-06-03T00:00:00,cleartrip,AirIndia,BLR,HYD,2026-06-23,2026-06-03,Economy,NonRefundable,4005.68,480.68,252.73,4739.09,INR,1,2.69,25kg,False
OBS001649,2026-05-04T00:00:00,airline_site,Vistara,BLR,HYD,2026-06-13,2026-05-04,Economy,Refundable,4329.89,519.59,267.01,5116.49,INR,0,3.89,20kg,True
OBS001650,2026-05-27T00:00:00,airline_site,IndiGo,BLR,HYD,2026-06-01,2026-05-27,Economy,Refundable,5263.31,631.6,231.37,6126.28,INR,1,4.03,15kg,True
OBS001651,2026-05-29T00:00:00,mmt,IndiGo,BLR,HYD,2026-06-03,2026-05-29,PremiumEconomy,Refundable,5205.75,624.69,361.67,6192.11,INR,0,1.95,25kg,True
OBS001652,2026-06-23T00:00:00,airline_site,SpiceJet,BLR,HYD,2026-06-25,2026-06-23,Economy,Refundable,5660.14,679.22,340.77,6680.13,INR,0,1.6,20kg,True
OBS001653,2026-05-03T00:00:00,airline_site,Akasa,BLR,HYD,2026-06-12,2026-05-03,Economy,NonRefundable,4779.66,573.56,194.0,5547.22,INR,0,2.34,25kg,True
OBS001654,2026-06-15T00:00:00,mmt,AirIndia,BLR,HYD,2026-06-20,2026-06-15,Economy,Refundable,5604.27,672.51,356.81,6633.59,INR,0,3.31,20kg,True
OBS001655,2026-06-03T00:00:00,airline_site,Vistara,BLR,HYD,2026-06-23,2026-06-03,PremiumEconomy,NonRefundable,4590.87,550.9,301.98,5443.75,INR,0,3.78,15kg,True
OBS001656,2026-05-29T00:00:00,cleartrip,IndiGo,BLR,HYD,2026-06-08,2026-05-29,PremiumEconomy,NonRefundable,5123.3,614.8,256.71,5994.81,INR,0,4.19,25kg,False
OBS001657,2026-05-13T00:00:00,airline_site,Akasa,BLR,HYD,2026-06-02,2026-05-13,Economy,Refundable,4618.15,554.18,346.98,5519.31,INR,1,1.33,15kg,False
OBS001658,2026-06-02T00:00:00,cleartrip,Akasa,BLR,HYD,2026-06-04,2026-06-02,Economy,Refundable,5758.68,691.04,249.11,6698.83,INR,0,4.38,20kg,False
OBS001659,2026-04-09T00:00:00,goibibo,Vistara,MAA,DEL,2026-06-18,2026-04-09,Economy,Refundable,4504.94,540.59,200.08,5245.61,INR,0,4.43,15kg,True
OBS001660,2026-06-03T00:00:00,airline_site,IndiGo,MAA,DEL,2026-06-05,2026-06-03,PremiumEconomy,NonRefundable,5771.21,692.55,379.91,6843.67,INR,0,2.34,25kg,True
OBS001661,2026-04-14T00:00:00,mmt,Vistara,MAA,DEL,2026-06-23,2026-04-14,PremiumEconomy,Refundable,4243.87,509.26,365.06,5118.19,INR,1,1.8,25kg,True
OBS001662,2026-06-02T00:00:00,goibibo,AirIndia,MAA,DEL,2026-06-07,2026-06-02,PremiumEconomy,Refundable,4597.08,551.65,314.02,5462.75,INR,0,4.02,15kg,True
OBS001663,2026-05-30T00:00:00,mmt,IndiGo,MAA,DEL,2026-06-09,2026-05-30,PremiumEconomy,NonRefundable,4614.79,553.77,176.14,5344.7,INR,0,4.03,20kg,True
OBS001664,2026-06-01T00:00:00,airline_site,IndiGo,MAA,DEL,2026-06-21,2026-06-01,Economy,NonRefundable,4138.97,496.68,230.99,4866.64,INR,0,2.52,15kg,True
OBS001665,2026-06-12T00:00:00,cleartrip,SpiceJet,MAA,DEL,2026-06-22,2026-06-12,Economy,NonRefundable,4889.12,586.69,268.38,5744.19,INR,0,3.81,15kg,True
OBS001666,2026-06-06T00:00:00,mmt,IndiGo,MAA,DEL,2026-06-11,2026-06-06,PremiumEconomy,Refundable,5899.18,707.9,292.17,6899.25,INR,1,4.43,20kg,True
OBS001667,2026-05-14T00:00:00,cleartrip,IndiGo,MAA,DEL,2026-06-03,2026-05-14,Economy,NonRefundable,4579.79,549.58,232.49,5361.86,INR,0,3.15,20kg,False
OBS001668,2026-04-03T00:00:00,goibibo,IndiGo,MAA,DEL,2026-06-12,2026-04-03,Economy,Refundable,3985.59,478.27,196.22,4660.08,INR,0,1.76,15kg,True
OBS001669,2026-05-14T00:00:00,airline_site,AirIndia,MAA,DEL,2026-06-03,2026-05-14,PremiumEconomy,Refundable,4807.98,576.96,183.99,5568.93,INR,0,3.09,25kg,False
OBS001670,2026-06-10T00:00:00,goibibo,SpiceJet,MAA,DEL,2026-06-20,2026-06-10,Economy,NonRefundable,4462.05,535.45,265.69,5263.19,INR,0,1.44,20kg,False
OBS001671,2026-06-14T00:00:00,mmt,SpiceJet,MAA,DEL,2026-06-16,2026-06-14,PremiumEconomy,Refundable,5846.48,701.58,342.62,6890.68,INR,1,4.37,25kg,False
OBS001672,2026-06-01T00:00:00,mmt,AirIndia,MAA,DEL,2026-06-21,2026-06-01,PremiumEconomy,Refundable,4760.42,571.25,255.09,5586.76,INR,0,3.19,25kg,False
OBS001673,2026-06-06T00:00:00,cleartrip,AirIndia,MAA,DEL,2026-06-11,2026-06-06,Economy,Refundable,5519.42,662.33,318.03,6499.78,INR,0,1.35,15kg,True
OBS001674,2026-04-03T00:00:00,cleartrip,SpiceJet,MAA,DEL,2026-06-12,2026-04-03,PremiumEconomy,NonRefundable,5355.12,642.61,155.88,6153.61,INR,0,3.06,20kg,True
OBS001675,2026-06-15T00:00:00,goibibo,SpiceJet,MAA,DEL,2026-06-16,2026-06-15,PremiumEconomy,NonRefundable,5401.08,648.13,255.22,6304.43,INR,1,2.84,20kg,False
OBS001676,2026-06-09T00:00:00,airline_site,SpiceJet,MAA,DEL,2026-06-19,2026-06-09,Economy,NonRefundable,4777.3,573.28,380.84,5731.42,INR,0,2.61,15kg,True
OBS001677,2026-06-23T00:00:00,mmt,SpiceJet,MAA,DEL,2026-06-28,2026-06-23,Economy,Refundable,5545.51,665.46,238.25,6449.22,INR,1,4.42,25kg,False
OBS001678,2026-06-18T00:00:00,goibibo,IndiGo,MAA,DEL,2026-06-20,2026-06-18,Economy,NonRefundable,5428.25,651.39,390.72,6470.36,INR,0,3.08,20kg,True
OBS001679,2026-06-09T00:00:00,airline_site,AirIndia,MAA,DEL,2026-06-11,2026-06-09,PremiumEconomy,NonRefundable,5729.79,687.58,266.49,6683.86,INR,0,1.73,15kg,False
OBS001680,2026-05-05T00:00:00,cleartrip,AirIndia,MAA,DEL,2026-06-14,2026-05-05,Economy,NonRefundable,4630.76,555.69,201.59,5388.04,INR,0,4.22,25kg,True
OBS001681,2026-06-10T00:00:00,mmt,Vistara,MAA,DEL,2026-06-20,2026-06-10,PremiumEconomy,NonRefundable,4614.13,553.7,314.36,5482.19,INR,0,3.66,20kg,True
OBS001682,2026-06-25T00:00:00,cleartrip,Akasa,MAA,DEL,2026-06-26,2026-06-25,Economy,NonRefundable,5692.54,683.1,347.93,6723.57,INR,0,3.68,15kg,True
OBS001683,2026-05-20T00:00:00,goibibo,Vistara,MAA,DEL,2026-06-09,2026-05-20,Economy,Refundable,4276.94,513.23,370.23,5160.4,INR,0,1.94,25kg,True
OBS001684,2026-06-07T00:00:00,goibibo,AirIndia,MAA,DEL,2026-06-17,2026-06-07,PremiumEconomy,Refundable,4878.95,585.47,182.08,5646.5,INR,0,1.72,15kg,False
OBS001685,2026-06-04T00:00:00,airline_site,SpiceJet,MAA,DEL,2026-06-05,2026-06-04,PremiumEconomy,NonRefundable,5329.05,639.49,269.68,6238.22,INR,0,1.84,25kg,False
OBS001686,2026-06-07T00:00:00,mmt,AirIndia,MAA,DEL,2026-06-12,2026-06-07,Economy,Refundable,4945.26,593.43,268.15,5806.84,INR,0,1.34,20kg,False
OBS001687,2026-06-12T00:00:00,airline_site,AirIndia,DEL,MAA,2026-06-13,2026-06-12,PremiumEconomy,Refundable,6062.64,727.52,291.64,7081.8,INR,0,3.77,15kg,False
OBS001688,2026-04-02T00:00:00,cleartrip,Akasa,DEL,MAA,2026-06-11,2026-04-02,PremiumEconomy,Refundable,5181.69,621.8,248.37,6051.86,INR,0,3.12,25kg,False
OBS001689,2026-05-12T00:00:00,mmt,IndiGo,DEL,MAA,2026-06-01,2026-05-12,PremiumEconomy,NonRefundable,5702.97,684.36,169.72,6557.05,INR,0,1.82,25kg,True
OBS001690,2026-06-03T00:00:00,airline_site,AirIndia,DEL,MAA,2026-06-13,2026-06-03,PremiumEconomy,Refundable,4651.35,558.16,205.32,5414.83,INR,0,2.18,15kg,True
OBS001691,2026-06-17T00:00:00,mmt,AirIndia,DEL,MAA,2026-06-27,2026-06-17,PremiumEconomy,NonRefundable,5377.3,645.28,183.93,6206.51,INR,0,1.8,20kg,True
OBS001692,2026-06-20T00:00:00,mmt,SpiceJet,DEL,MAA,2026-06-21,2026-06-20,PremiumEconomy,NonRefundable,6257.15,750.86,154.68,7162.69,INR,0,1.31,25kg,True
OBS001693,2026-05-14T00:00:00,airline_site,AirIndia,DEL,MAA,2026-06-23,2026-05-14,Economy,NonRefundable,5156.07,618.73,220.14,5994.94,INR,1,4.13,15kg,False
OBS001694,2026-06-07T00:00:00,cleartrip,AirIndia,DEL,MAA,2026-06-09,2026-06-07,PremiumEconomy,Refundable,5267.36,632.08,398.39,6297.83,INR,0,1.95,20kg,True
OBS001695,2026-06-04T00:00:00,goibibo,Vistara,DEL,MAA,2026-06-06,2026-06-04,Economy,NonRefundable,5863.5,703.62,220.08,6787.2,INR,0,3.61,15kg,True
OBS001696,2026-06-05T00:00:00,mmt,Akasa,DEL,MAA,2026-06-07,2026-06-05,Economy,Refundable,5052.86,606.34,280.08,5939.28,INR,0,1.25,20kg,False
OBS001697,2026-06-18T00:00:00,mmt,AirIndia,DEL,MAA,2026-06-19,2026-06-18,PremiumEconomy,NonRefundable,5890.47,706.86,207.43,6804.76,INR,1,2.66,25kg,True
OBS001698,2026-06-12T00:00:00,cleartrip,IndiGo,DEL,MAA,2026-06-22,2026-06-12,PremiumEconomy,NonRefundable,5855.66,702.68,345.83,6904.17,INR,0,3.76,25kg,True
OBS001699,2026-04-16T00:00:00,cleartrip,Vistara,DEL,MAA,2026-06-25,2026-04-16,Economy,Refundable,4436.83,532.42,164.17,5133.42,INR,0,4.31,15kg,True
OBS001700,2026-06-04T00:00:00,cleartrip,SpiceJet,DEL,MAA,2026-06-24,2026-06-04,Economy,Refundable,5509.02,661.08,289.03,6459.13,INR,0,1.92,25kg,True
OBS001701,2026-05-31T00:00:00,airline_site,IndiGo,DEL,MAA,2026-06-02,2026-05-31,PremiumEconomy,Refundable,5136.43,616.37,386.64,6139.44,INR,0,3.38,15kg,True
OBS001702,2026-05-28T00:00:00,goibibo,Vistara,DEL,MAA,2026-06-02,2026-05-28,PremiumEconomy,Refundable,5284.58,634.15,164.62,6083.35,INR,1,3.32,25kg,False
OBS001703,2026-04-02T00:00:00,mmt,Vistara,DEL,MAA,2026-06-11,2026-04-02,Economy,NonRefundable,4749.58,569.95,346.66,5666.19,INR,0,3.31,15kg,False
OBS001704,2026-03-27T00:00:00,mmt,Vistara,DEL,MAA,2026-06-05,2026-03-27,Economy,Refundable,4941.22,592.95,319.41,5853.58,INR,0,2.24,15kg,True
OBS001705,2026-06-03T00:00:00,mmt,AirIndia,DEL,MAA,2026-06-13,2026-06-03,PremiumEconomy,Refundable,5064.11,607.69,213.68,5885.48,INR,0,2.69,15kg,True
OBS001706,2026-06-02T00:00:00,airline_site,IndiGo,DEL,MAA,2026-06-04,2026-06-02,PremiumEconomy,Refundable,5253.28,630.39,171.13,6054.8,INR,0,3.5,25kg,False
OBS001707,2026-05-17T00:00:00,airline_site,SpiceJet,DEL,MAA,2026-06-26,2026-05-17,Economy,NonRefundable,4334.27,520.11,372.71,5227.09,INR,0,3.49,25kg,True
OBS001708,2026-06-18T00:00:00,cleartrip,Vistara,DEL,MAA,2026-06-20,2026-06-18,Economy,NonRefundable,5178.64,621.44,238.13,6038.21,INR,0,2.83,15kg,True
OBS001709,2026-05-26T00:00:00,goibibo,AirIndia,DEL,MAA,2026-06-05,2026-05-26,Economy,Refundable,5678.73,681.45,212.44,6572.62,INR,0,4.03,15kg,True
OBS001710,2026-05-25T00:00:00,cleartrip,Vistara,DEL,MAA,2026-06-04,2026-05-25,PremiumEconomy,Refundable,4821.24,578.55,194.04,5593.83,INR,0,3.64,15kg,True
OBS001711,2026-06-02T00:00:00,airline_site,Vistara,DEL,MAA,2026-06-07,2026-06-02,PremiumEconomy,NonRefundable,5275.36,633.04,376.21,6284.61,INR,0,2.09,15kg,True
OBS001712,2026-03-23T00:00:00,goibibo,Akasa,DEL,MAA,2026-06-01,2026-03-23,PremiumEconomy,Refundable,5157.43,618.89,243.55,6019.87,INR,0,1.83,25kg,False
OBS001713,2026-06-11T00:00:00,mmt,AirIndia,DEL,MAA,2026-06-16,2026-06-11,PremiumEconomy,NonRefundable,4738.2,568.58,249.32,5556.1,INR,0,2.08,20kg,False
OBS001714,2026-06-11T00:00:00,mmt,Vistara,DEL,MAA,2026-06-16,2026-06-11,Economy,Refundable,4747.23,569.67,348.7,5665.6,INR,1,1.47,20kg,True
OBS001715,2026-06-17T00:00:00,cleartrip,Akasa,DEL,MAA,2026-06-18,2026-06-17,Economy,Refundable,6079.82,729.58,156.94,6966.34,INR,0,1.59,20kg,False
OBS001716,2026-05-31T00:00:00,cleartrip,Akasa,BOM,DEL,2026-06-02,2026-05-31,PremiumEconomy,Refundable,4988.73,598.65,297.85,5885.23,INR,1,2.01,25kg,True
OBS001717,2026-06-11T00:00:00,mmt,IndiGo,BOM,DEL,2026-06-21,2026-06-11,PremiumEconomy,NonRefundable,4347.55,521.71,224.16,5093.42,INR,0,2.31,20kg,True
OBS001718,2026-05-12T00:00:00,airline_site,AirIndia,BOM,DEL,2026-06-21,2026-05-12,Economy,Refundable,4281.91,513.83,287.81,5083.55,INR,0,3.36,15kg,True
OBS001719,2026-05-20T00:00:00,mmt,IndiGo,BOM,DEL,2026-06-09,2026-05-20,Economy,Refundable,3303.27,396.39,326.09,4025.75,INR,0,1.51,15kg,True
OBS001720,2026-05-03T00:00:00,airline_site,Vistara,BOM,DEL,2026-06-12,2026-05-03,Economy,NonRefundable,3766.89,452.03,224.02,4442.94,INR,1,2.97,20kg,True
OBS001721,2026-05-31T00:00:00,airline_site,SpiceJet,BOM,DEL,2026-06-01,2026-05-31,PremiumEconomy,NonRefundable,4672.81,560.74,231.68,5465.23,INR,0,3.96,25kg,True
OBS001722,2026-03-24T00:00:00,goibibo,SpiceJet,BOM,DEL,2026-06-02,2026-03-24,PremiumEconomy,Refundable,3747.7,449.72,247.07,4444.49,INR,0,2.92,25kg,False
OBS001723,2026-06-11T00:00:00,airline_site,Akasa,BOM,DEL,2026-06-21,2026-06-11,PremiumEconomy,Refundable,3998.91,479.87,337.23,4816.01,INR,0,2.18,15kg,True
OBS001724,2026-06-18T00:00:00,goibibo,AirIndia,BOM,DEL,2026-06-20,2026-06-18,Economy,Refundable,5327.79,639.33,328.71,6295.83,INR,0,1.8,20kg,True
OBS001725,2026-05-28T00:00:00,airline_site,Vistara,BOM,DEL,2026-06-02,2026-05-28,PremiumEconomy,Refundable,4564.0,547.68,204.24,5315.92,INR,0,2.75,25kg,False
OBS001726,2026-03-27T00:00:00,cleartrip,Akasa,BOM,DEL,2026-06-05,2026-03-27,Economy,Refundable,4100.98,492.12,340.09,4933.19,INR,0,1.57,25kg,True
OBS001727,2026-05-31T00:00:00,mmt,IndiGo,BOM,DEL,2026-06-02,2026-05-31,Economy,Refundable,4871.87,584.62,155.23,5611.72,INR,0,4.29,25kg,True
OBS001728,2026-06-13T00:00:00,goibibo,AirIndia,BOM,DEL,2026-06-18,2026-06-13,Economy,Refundable,4161.83,499.42,198.35,4859.6,INR,0,3.28,20kg,True
OBS001729,2026-06-07T00:00:00,airline_site,Vistara,BOM,DEL,2026-06-09,2026-06-07,Economy,NonRefundable,5194.42,623.33,287.46,6105.21,INR,0,3.38,25kg,True
OBS001730,2026-05-23T00:00:00,goibibo,AirIndia,BOM,DEL,2026-06-02,2026-05-23,PremiumEconomy,NonRefundable,3667.51,440.1,249.53,4357.14,INR,0,4.03,15kg,True
OBS001731,2026-06-08T00:00:00,mmt,AirIndia,BOM,DEL,2026-06-28,2026-06-08,PremiumEconomy,NonRefundable,3659.74,439.17,347.4,4446.31,INR,0,2.87,25kg,True
OBS001732,2026-06-01T00:00:00,goibibo,AirIndia,BOM,DEL,2026-06-21,2026-06-01,PremiumEconomy,NonRefundable,3702.27,444.27,378.26,4524.8,INR,0,2.02,25kg,True
OBS001733,2026-06-24T00:00:00,mmt,AirIndia,BOM,DEL,2026-06-25,2026-06-24,Economy,Refundable,4804.0,576.48,188.76,5569.24,INR,0,3.42,25kg,True
OBS001734,2026-06-10T00:00:00,airline_site,Akasa,BOM,DEL,2026-06-12,2026-06-10,PremiumEconomy,NonRefundable,4599.79,551.97,265.27,5417.03,INR,0,2.54,20kg,False
OBS001735,2026-06-12T00:00:00,cleartrip,Akasa,BOM,DEL,2026-06-13,2026-06-12,Economy,Refundable,4429.28,531.51,307.29,5268.08,INR,0,4.03,20kg,True
OBS001736,2026-06-24T00:00:00,goibibo,Akasa,BOM,DEL,2026-06-25,2026-06-24,PremiumEconomy,NonRefundable,4340.71,520.88,305.29,5166.88,INR,0,2.72,25kg,True
OBS001737,2026-05-23T00:00:00,cleartrip,Vistara,BOM,DEL,2026-06-12,2026-05-23,PremiumEconomy,Refundable,3364.09,403.69,310.81,4078.59,INR,0,4.47,25kg,True
OBS001738,2026-06-13T00:00:00,goibibo,Akasa,BOM,DEL,2026-06-23,2026-06-13,PremiumEconomy,Refundable,4446.83,533.62,244.22,5224.67,INR,0,3.1,15kg,True
OBS001739,2026-06-01T00:00:00,mmt,Vistara,BOM,DEL,2026-06-11,2026-06-01,PremiumEconomy,Refundable,4261.42,511.37,298.29,5071.08,INR,0,3.41,25kg,True
OBS001740,2026-06-15T00:00:00,mmt,Akasa,BOM,DEL,2026-06-25,2026-06-15,Economy,NonRefundable,4570.21,548.43,334.54,5453.18,INR,0,3.27,15kg,False
OBS001741,2026-05-25T00:00:00,goibibo,SpiceJet,BOM,DEL,2026-06-14,2026-05-25,Economy,Refundable,4162.52,499.5,341.12,5003.14,INR,1,2.21,25kg,False
OBS001742,2026-06-13T00:00:00,cleartrip,SpiceJet,CCU,DEL,2026-06-18,2026-06-13,PremiumEconomy,Refundable,7357.0,882.84,321.4,8561.24,INR,0,3.85,25kg,True
OBS001743,2026-05-25T00:00:00,cleartrip,AirIndia,CCU,DEL,2026-06-04,2026-05-25,PremiumEconomy,Refundable,6461.65,775.4,264.58,7501.63,INR,1,2.17,25kg,True
OBS001744,2026-06-04T00:00:00,mmt,Akasa,CCU,DEL,2026-06-09,2026-06-04,PremiumEconomy,Refundable,7508.91,901.07,229.01,8638.99,INR,0,4.38,15kg,True
OBS001745,2026-05-27T00:00:00,cleartrip,Akasa,CCU,DEL,2026-06-06,2026-05-27,Economy,Refundable,7296.42,875.57,249.18,8421.17,INR,0,2.09,20kg,True
OBS001746,2026-06-16T00:00:00,airline_site,Akasa,CCU,DEL,2026-06-17,2026-06-16,Economy,Refundable,8314.71,997.76,342.54,9655.01,INR,0,2.79,25kg,True
OBS001747,2026-05-31T00:00:00,airline_site,Akasa,CCU,DEL,2026-06-20,2026-05-31,PremiumEconomy,NonRefundable,6480.7,777.68,363.65,7622.03,INR,0,1.25,20kg,True
OBS001748,2026-05-31T00:00:00,airline_site,Vistara,CCU,DEL,2026-06-01,2026-05-31,PremiumEconomy,NonRefundable,7300.66,876.08,150.16,8326.9,INR,0,3.15,25kg,True
OBS001749,2026-06-19T00:00:00,cleartrip,IndiGo,CCU,DEL,2026-06-21,2026-06-19,PremiumEconomy,Refundable,9292.32,1115.08,239.36,10646.76,INR,1,4.43,25kg,True
OBS001750,2026-06-04T00:00:00,goibibo,IndiGo,CCU,DEL,2026-06-14,2026-06-04,Economy,NonRefundable,7062.24,847.47,292.37,8202.08,INR,0,2.57,25kg,True
OBS001751,2026-05-31T00:00:00,airline_site,IndiGo,CCU,DEL,2026-06-01,2026-05-31,Economy,NonRefundable,7498.33,899.8,243.09,8641.22,INR,0,2.2,20kg,True
OBS001752,2026-05-31T00:00:00,goibibo,SpiceJet,CCU,DEL,2026-06-20,2026-05-31,PremiumEconomy,NonRefundable,6255.91,750.71,384.54,7391.16,INR,1,3.04,20kg,True
OBS001753,2026-06-01T00:00:00,mmt,IndiGo,CCU,DEL,2026-06-06,2026-06-01,PremiumEconomy,NonRefundable,7929.27,951.51,346.85,9227.63,INR,1,4.08,15kg,True
OBS001754,2026-04-05T00:00:00,mmt,IndiGo,CCU,DEL,2026-06-14,2026-04-05,Economy,NonRefundable,6327.21,759.27,194.57,7281.05,INR,0,1.91,25kg,True
OBS001755,2026-04-06T00:00:00,goibibo,Vistara,CCU,DEL,2026-06-15,2026-04-06,PremiumEconomy,NonRefundable,7116.3,853.96,270.1,8240.36,INR,0,3.17,25kg,False
OBS001756,2026-06-09T00:00:00,mmt,Akasa,CCU,DEL,2026-06-11,2026-06-09,Economy,NonRefundable,7819.42,938.33,174.1,8931.85,INR,0,2.81,15kg,True
OBS001757,2026-06-05T00:00:00,airline_site,IndiGo,CCU,DEL,2026-06-10,2026-06-05,Economy,NonRefundable,7338.02,880.56,191.56,8410.14,INR,0,3.37,15kg,True
OBS001758,2026-04-14T00:00:00,mmt,SpiceJet,CCU,DEL,2026-06-23,2026-04-14,PremiumEconomy,Refundable,6151.78,738.21,268.08,7158.07,INR,1,3.75,25kg,True
OBS001759,2026-06-15T00:00:00,cleartrip,AirIndia,CCU,DEL,2026-06-20,2026-06-15,Economy,NonRefundable,6516.34,781.96,230.31,7528.61,INR,0,3.45,20kg,True
OBS001760,2026-04-14T00:00:00,goibibo,IndiGo,CCU,DEL,2026-06-23,2026-04-14,PremiumEconomy,NonRefundable,6232.11,747.85,228.16,7208.12,INR,0,3.23,20kg,True
OBS001761,2026-05-28T00:00:00,cleartrip,Vistara,CCU,DEL,2026-06-02,2026-05-28,Economy,NonRefundable,8021.18,962.54,309.18,9292.9,INR,1,2.7,20kg,False
OBS001762,2026-03-30T00:00:00,mmt,Vistara,CCU,DEL,2026-06-08,2026-03-30,Economy,NonRefundable,6192.83,743.14,241.53,7177.5,INR,1,4.08,25kg,True
OBS001763,2026-03-26T00:00:00,cleartrip,Akasa,CCU,DEL,2026-06-04,2026-03-26,PremiumEconomy,Refundable,6656.38,798.77,239.1,7694.25,INR,0,2.15,25kg,True
OBS001764,2026-05-28T00:00:00,airline_site,AirIndia,CCU,DEL,2026-06-02,2026-05-28,Economy,Refundable,6755.79,810.7,207.84,7774.33,INR,0,2.59,15kg,True
OBS001765,2026-03-30T00:00:00,goibibo,IndiGo,CCU,DEL,2026-06-08,2026-03-30,PremiumEconomy,Refundable,5794.98,695.4,395.1,6885.48,INR,0,2.36,15kg,False
OBS001766,2026-06-08T00:00:00,cleartrip,Akasa,CCU,DEL,2026-06-18,2026-06-08,PremiumEconomy,Refundable,5930.99,711.72,199.07,6841.78,INR,0,3.46,20kg,True
OBS001767,2026-05-25T00:00:00,mmt,Vistara,CCU,DEL,2026-06-04,2026-05-25,Economy,NonRefundable,6701.53,804.18,357.93,7863.64,INR,0,1.54,25kg,True
OBS001768,2026-06-02T00:00:00,mmt,Vistara,CCU,DEL,2026-06-12,2026-06-02,PremiumEconomy,NonRefundable,6376.59,765.19,321.39,7463.17,INR,1,1.49,20kg,False
OBS001769,2026-06-14T00:00:00,airline_site,Vistara,CCU,DEL,2026-06-24,2026-06-14,Economy,Refundable,7581.47,909.78,249.37,8740.62,INR,1,1.65,25kg,True
OBS001770,2026-04-12T00:00:00,cleartrip,IndiGo,BLR,BOM,2026-06-21,2026-04-12,Economy,Refundable,4189.58,502.75,257.5,4949.83,INR,0,1.36,25kg,True
OBS001771,2026-06-14T00:00:00,cleartrip,AirIndia,BLR,BOM,2026-06-16,2026-06-14,Economy,Refundable,4718.52,566.22,208.49,5493.23,INR,1,3.39,20kg,True
OBS001772,2026-04-27T00:00:00,cleartrip,Akasa,BLR,BOM,2026-06-06,2026-04-27,PremiumEconomy,NonRefundable,4178.35,501.4,223.7,4903.45,INR,0,2.65,25kg,True
OBS001773,2026-04-18T00:00:00,cleartrip,Akasa,BLR,BOM,2026-06-27,2026-04-18,Economy,Refundable,4620.84,554.5,327.49,5502.83,INR,0,1.79,15kg,False
OBS001774,2026-06-04T00:00:00,airline_site,AirIndia,BLR,BOM,2026-06-24,2026-06-04,PremiumEconomy,Refundable,4180.43,501.65,265.69,4947.77,INR,1,4.17,20kg,True
OBS001775,2026-04-02T00:00:00,cleartrip,IndiGo,BLR,BOM,2026-06-11,2026-04-02,PremiumEconomy,Refundable,4121.64,494.6,391.37,5007.61,INR,1,2.84,15kg,False
OBS001776,2026-06-16T00:00:00,mmt,IndiGo,BLR,BOM,2026-06-17,2026-06-16,Economy,NonRefundable,5062.88,607.55,170.75,5841.18,INR,1,4.0,15kg,True
OBS001777,2026-06-17T00:00:00,airline_site,Vistara,BLR,BOM,2026-06-19,2026-06-17,PremiumEconomy,Refundable,4237.64,508.52,358.57,5104.73,INR,0,3.64,25kg,True
OBS001778,2026-06-26T00:00:00,airline_site,Vistara,BLR,BOM,2026-06-27,2026-06-26,PremiumEconomy,Refundable,4456.78,534.81,261.32,5252.91,INR,1,4.25,25kg,True
OBS001779,2026-03-30T00:00:00,cleartrip,Akasa,BLR,BOM,2026-06-08,2026-03-30,Economy,NonRefundable,4417.15,530.06,357.26,5304.47,INR,0,3.74,25kg,True
OBS001780,2026-06-05T00:00:00,airline_site,IndiGo,BLR,BOM,2026-06-07,2026-06-05,Economy,Refundable,4994.92,599.39,318.33,5912.64,INR,0,1.23,25kg,True
OBS001781,2026-06-08T00:00:00,cleartrip,Vistara,BLR,BOM,2026-06-28,2026-06-08,Economy,Refundable,4678.99,561.48,311.58,5552.05,INR,1,1.34,15kg,True
OBS001782,2026-06-07T00:00:00,airline_site,IndiGo,BLR,BOM,2026-06-27,2026-06-07,PremiumEconomy,NonRefundable,4351.34,522.16,349.4,5222.9,INR,0,4.1,20kg,True
OBS001783,2026-06-13T00:00:00,goibibo,AirIndia,BLR,BOM,2026-06-23,2026-06-13,PremiumEconomy,NonRefundable,4680.89,561.71,235.81,5478.41,INR,0,4.22,15kg,True
OBS001784,2026-06-18T00:00:00,goibibo,Akasa,BLR,BOM,2026-06-23,2026-06-18,Economy,Refundable,5116.93,614.03,277.41,6008.37,INR,0,2.0,25kg,True
OBS001785,2026-06-22T00:00:00,goibibo,IndiGo,BLR,BOM,2026-06-23,2026-06-22,PremiumEconomy,NonRefundable,4866.64,584.0,393.86,5844.5,INR,1,3.4,15kg,True
OBS001786,2026-06-18T00:00:00,mmt,Akasa,BLR,BOM,2026-06-28,2026-06-18,PremiumEconomy,Refundable,4310.1,517.21,355.1,5182.41,INR,0,2.34,15kg,True
OBS001787,2026-06-08T00:00:00,mmt,Akasa,BLR,BOM,2026-06-13,2026-06-08,Economy,NonRefundable,4995.77,599.49,303.36,5898.62,INR,1,1.8,15kg,True
OBS001788,2026-05-29T00:00:00,goibibo,SpiceJet,BLR,BOM,2026-06-18,2026-05-29,Economy,NonRefundable,5257.26,630.87,255.46,6143.59,INR,0,2.17,25kg,True
OBS001789,2026-04-04T00:00:00,goibibo,IndiGo,BLR,BOM,2026-06-13,2026-04-04,Economy,Refundable,4376.0,525.12,326.2,5227.32,INR,1,4.36,20kg,True
OBS001790,2026-05-22T00:00:00,cleartrip,SpiceJet,BLR,BOM,2026-06-11,2026-05-22,PremiumEconomy,Refundable,4512.18,541.46,368.05,5421.69,INR,0,4.38,15kg,True
OBS001791,2026-06-02T00:00:00,airline_site,Vistara,BLR,BOM,2026-06-22,2026-06-02,Economy,NonRefundable,4199.2,503.9,395.03,5098.13,INR,1,1.89,15kg,True
OBS001792,2026-04-30T00:00:00,cleartrip,SpiceJet,BLR,BOM,2026-06-09,2026-04-30,Economy,Refundable,4325.21,519.02,214.79,5059.02,INR,0,3.82,15kg,False
OBS001793,2026-04-10T00:00:00,airline_site,Akasa,BLR,BOM,2026-06-19,2026-04-10,Economy,Refundable,4773.63,572.84,215.03,5561.5,INR,0,4.3,25kg,False
OBS001794,2026-06-20T00:00:00,cleartrip,IndiGo,BLR,BOM,2026-06-25,2026-06-20,Economy,NonRefundable,5100.85,612.1,367.79,6080.74,INR,1,1.65,20kg,True
OBS001795,2026-06-10T00:00:00,airline_site,IndiGo,BLR,BOM,2026-06-15,2026-06-10,PremiumEconomy,NonRefundable,5034.33,604.12,391.96,6030.41,INR,0,1.87,15kg,True
OBS001796,2026-06-07T00:00:00,goibibo,SpiceJet,BLR,BOM,2026-06-17,2026-06-07,PremiumEconomy,Refundable,4593.12,551.17,201.39,5345.68,INR,0,1.91,20kg,False
OBS001797,2026-06-14T00:00:00,airline_site,Akasa,BLR,BOM,2026-06-15,2026-06-14,Economy,NonRefundable,5323.33,638.8,329.37,6291.5,INR,0,2.89,25kg,False
OBS001798,2026-05-30T00:00:00,goibibo,AirIndia,BLR,BOM,2026-06-01,2026-05-30,PremiumEconomy,NonRefundable,5006.87,600.82,286.24,5893.93,INR,0,4.4,20kg,True
OBS001799,2026-04-12T00:00:00,airline_site,Vistara,BLR,BOM,2026-06-21,2026-04-12,PremiumEconomy,NonRefundable,4719.48,566.34,373.61,5659.43,INR,0,1.22,20kg,True
OBS001800,2026-05-31T00:00:00,goibibo,Akasa,BLR,BOM,2026-06-01,2026-05-31,PremiumEconomy,Refundable,5976.22,717.15,326.82,7020.19,INR,0,1.73,20kg,True
OBS001801,2026-06-07T00:00:00,cleartrip,IndiGo,BLR,BOM,2026-06-27,2026-06-07,Economy,Refundable,4303.77,516.45,270.68,5090.9,INR,0,3.0,20kg,True
OBS001802,2026-06-14T00:00:00,mmt,SpiceJet,BLR,DEL,2026-07-24,2026-06-14,PremiumEconomy,NonRefundable,6893.21,827.18,289.51,8009.9,INR,0,1.8,20kg,True
OBS001803,2026-05-07T00:00:00,cleartrip,AirIndia,BLR,DEL,2026-07-16,2026-05-07,Economy,NonRefundable,6953.43,834.41,222.4,8010.24,INR,0,1.56,25kg,True
OBS001804,2026-06-30T00:00:00,goibibo,IndiGo,BLR,DEL,2026-07-02,2026-06-30,PremiumEconomy,Refundable,8670.62,1040.47,226.37,9937.46,INR,0,2.77,15kg,False
OBS001805,2026-06-05T00:00:00,airline_site,IndiGo,BLR,DEL,2026-07-15,2026-06-05,PremiumEconomy,Refundable,6938.04,832.57,382.49,8153.1,INR,1,4.15,20kg,True
OBS001806,2026-06-13T00:00:00,goibibo,Akasa,BLR,DEL,2026-07-03,2026-06-13,Economy,Refundable,6890.96,826.92,240.1,7957.98,INR,0,2.73,25kg,True
OBS001807,2026-06-30T00:00:00,airline_site,IndiGo,BLR,DEL,2026-07-01,2026-06-30,PremiumEconomy,Refundable,8837.07,1060.45,233.38,10130.9,INR,1,1.5,15kg,False
OBS001808,2026-07-04T00:00:00,mmt,Akasa,BLR,DEL,2026-07-06,2026-07-04,PremiumEconomy,Refundable,8597.85,1031.74,173.38,9802.97,INR,1,4.12,25kg,False
OBS001809,2026-07-14T00:00:00,cleartrip,Vistara,BLR,DEL,2026-07-16,2026-07-14,PremiumEconomy,Refundable,8375.38,1005.05,355.91,9736.34,INR,1,1.57,15kg,True
OBS001810,2026-05-07T00:00:00,cleartrip,Vistara,BLR,DEL,2026-07-16,2026-05-07,Economy,NonRefundable,7164.44,859.73,151.57,8175.74,INR,0,4.44,15kg,True
OBS001811,2026-07-20T00:00:00,mmt,Vistara,BLR,DEL,2026-07-25,2026-07-20,Economy,Refundable,7698.28,923.79,375.6,8997.67,INR,1,1.25,20kg,True
OBS001812,2026-06-17T00:00:00,airline_site,AirIndia,BLR,DEL,2026-07-07,2026-06-17,Economy,NonRefundable,8002.61,960.31,217.47,9180.39,INR,0,3.65,20kg,False
OBS001813,2026-06-26T00:00:00,cleartrip,Vistara,BLR,DEL,2026-07-06,2026-06-26,Economy,Refundable,7167.87,860.14,195.66,8223.67,INR,0,2.75,15kg,False
OBS001814,2026-05-11T00:00:00,airline_site,AirIndia,BLR,DEL,2026-07-20,2026-05-11,PremiumEconomy,NonRefundable,6789.44,814.73,225.03,7829.2,INR,0,3.13,20kg,True
OBS001815,2026-07-12T00:00:00,cleartrip,Akasa,BLR,DEL,2026-07-13,2026-07-12,Economy,Refundable,8638.85,1036.66,316.85,9992.36,INR,1,2.98,20kg,True
OBS001816,2026-07-04T00:00:00,goibibo,Vistara,BLR,DEL,2026-07-24,2026-07-04,PremiumEconomy,NonRefundable,7244.39,869.33,350.58,8464.3,INR,1,1.62,20kg,False
OBS001817,2026-07-01T00:00:00,airline_site,Akasa,BLR,DEL,2026-07-02,2026-07-01,Economy,NonRefundable,7888.59,946.63,264.05,9099.27,INR,0,4.42,15kg,True
OBS001818,2026-07-11T00:00:00,mmt,IndiGo,BLR,DEL,2026-07-16,2026-07-11,PremiumEconomy,NonRefundable,7998.74,959.85,304.93,9263.52,INR,0,1.37,25kg,True
OBS001819,2026-06-23T00:00:00,cleartrip,AirIndia,BLR,DEL,2026-07-13,2026-06-23,PremiumEconomy,NonRefundable,7815.49,937.86,358.4,9111.75,INR,1,2.09,15kg,True
OBS001820,2026-07-02T00:00:00,goibibo,Vistara,BLR,DEL,2026-07-04,2026-07-02,PremiumEconomy,NonRefundable,8095.76,971.49,293.52,9360.77,INR,0,1.69,15kg,True
OBS001821,2026-07-01T00:00:00,mmt,IndiGo,BLR,DEL,2026-07-03,2026-07-01,PremiumEconomy,NonRefundable,8652.23,1038.27,321.58,10012.08,INR,0,4.1,15kg,True
OBS001822,2026-07-01T00:00:00,goibibo,AirIndia,BLR,DEL,2026-07-02,2026-07-01,PremiumEconomy,NonRefundable,9453.14,1134.38,154.54,10742.06,INR,1,1.99,15kg,True
OBS001823,2026-06-11T00:00:00,airline_site,IndiGo,BLR,DEL,2026-07-01,2026-06-11,PremiumEconomy,Refundable,6092.38,731.09,292.03,7115.5,INR,1,3.83,15kg,True
OBS001824,2026-06-23T00:00:00,mmt,AirIndia,BLR,DEL,2026-07-13,2026-06-23,Economy,NonRefundable,6920.53,830.46,338.24,8089.23,INR,0,4.28,25kg,False
OBS001825,2026-06-14T00:00:00,cleartrip,Vistara,BLR,DEL,2026-07-24,2026-06-14,Economy,NonRefundable,6635.15,796.22,285.44,7716.81,INR,1,4.5,20kg,True
OBS001826,2026-07-01T00:00:00,cleartrip,AirIndia,BLR,DEL,2026-07-02,2026-07-01,Economy,NonRefundable,7971.87,956.62,155.76,9084.25,INR,0,4.14,25kg,True
OBS001827,2026-07-14T00:00:00,airline_site,Akasa,BLR,DEL,2026-07-15,2026-07-14,PremiumEconomy,NonRefundable,9163.51,1099.62,171.29,10434.42,INR,0,2.85,25kg,True
OBS001828,2026-07-04T00:00:00,cleartrip,IndiGo,BLR,DEL,2026-07-05,2026-07-04,Economy,NonRefundable,8070.99,968.52,197.28,9236.79,INR,0,2.27,15kg,True
OBS001829,2026-07-04T00:00:00,cleartrip,Vistara,BLR,DEL,2026-07-14,2026-07-04,PremiumEconomy,NonRefundable,7988.02,958.56,385.86,9332.44,INR,1,2.66,25kg,True
OBS001830,2026-07-03T00:00:00,cleartrip,IndiGo,BLR,DEL,2026-07-04,2026-07-03,Economy,Refundable,8533.38,1024.01,287.63,9845.02,INR,0,4.24,25kg,True
OBS001831,2026-07-07T00:00:00,mmt,SpiceJet,BLR,DEL,2026-07-17,2026-07-07,Economy,Refundable,6632.28,795.87,392.04,7820.19,INR,0,2.85,15kg,False
OBS001832,2026-05-30T00:00:00,mmt,SpiceJet,BLR,DEL,2026-07-09,2026-05-30,Economy,NonRefundable,6499.62,779.95,231.19,7510.76,INR,0,2.56,15kg,True
OBS001833,2026-07-02T00:00:00,airline_site,Akasa,BLR,DEL,2026-07-12,2026-07-02,Economy,NonRefundable,7967.18,956.06,189.87,9113.11,INR,0,3.01,25kg,False
OBS001834,2026-05-24T00:00:00,cleartrip,Vistara,BLR,DEL,2026-07-03,2026-05-24,Economy,NonRefundable,7099.3,851.92,194.17,8145.39,INR,1,1.58,15kg,True
OBS001835,2026-06-25T00:00:00,airline_site,IndiGo,BLR,DEL,2026-07-15,2026-06-25,Economy,Refundable,7136.55,856.39,256.62,8249.56,INR,0,2.92,20kg,True
OBS001836,2026-06-30T00:00:00,mmt,AirIndia,BLR,DEL,2026-07-01,2026-06-30,Economy,NonRefundable,8623.52,1034.82,330.85,9989.19,INR,0,2.36,15kg,True
OBS001837,2026-07-16T00:00:00,goibibo,SpiceJet,BLR,DEL,2026-07-21,2026-07-16,PremiumEconomy,Refundable,8957.05,1074.85,152.88,10184.78,INR,0,2.23,25kg,True
OBS001838,2026-05-31T00:00:00,mmt,SpiceJet,BLR,DEL,2026-07-10,2026-05-31,PremiumEconomy,Refundable,6753.11,810.37,194.43,7757.91,INR,0,2.46,15kg,True
OBS001839,2026-07-19T00:00:00,mmt,Vistara,BLR,DEL,2026-07-20,2026-07-19,PremiumEconomy,Refundable,8382.96,1005.95,274.81,9663.72,INR,0,1.98,25kg,False
OBS001840,2026-07-06T00:00:00,mmt,Vistara,DEL,BOM,2026-07-16,2026-07-06,Economy,Refundable,5184.86,622.18,283.69,6090.73,INR,1,3.4,15kg,False
OBS001841,2026-07-14T00:00:00,goibibo,Vistara,DEL,BOM,2026-07-15,2026-07-14,PremiumEconomy,Refundable,4900.35,588.04,325.9,5814.29,INR,0,2.11,15kg,False
OBS001842,2026-05-05T00:00:00,cleartrip,Akasa,DEL,BOM,2026-07-14,2026-05-05,PremiumEconomy,NonRefundable,4807.56,576.91,286.44,5670.91,INR,1,3.94,25kg,True
OBS001843,2026-07-18T00:00:00,airline_site,Akasa,DEL,BOM,2026-07-19,2026-07-18,PremiumEconomy,NonRefundable,5516.04,661.93,159.12,6337.09,INR,0,4.41,15kg,True
OBS001844,2026-05-02T00:00:00,mmt,Vistara,DEL,BOM,2026-07-11,2026-05-02,Economy,NonRefundable,4569.88,548.39,217.97,5336.24,INR,1,4.1,20kg,True
OBS001845,2026-07-02T00:00:00,cleartrip,Akasa,DEL,BOM,2026-07-04,2026-07-02,PremiumEconomy,Refundable,6417.52,770.1,258.21,7445.83,INR,0,2.05,15kg,True
OBS001846,2026-06-03T00:00:00,cleartrip,IndiGo,DEL,BOM,2026-07-13,2026-06-03,Economy,Refundable,5208.29,625.0,322.74,6156.03,INR,1,3.75,25kg,True
OBS001847,2026-07-15T00:00:00,mmt,Vistara,DEL,BOM,2026-07-17,2026-07-15,Economy,NonRefundable,5693.57,683.23,317.17,6693.97,INR,0,2.85,25kg,True
OBS001848,2026-07-23T00:00:00,cleartrip,Akasa,DEL,BOM,2026-07-24,2026-07-23,PremiumEconomy,Refundable,5805.52,696.66,282.06,6784.24,INR,1,2.54,15kg,True
OBS001849,2026-07-27T00:00:00,mmt,Vistara,DEL,BOM,2026-07-28,2026-07-27,PremiumEconomy,Refundable,6391.15,766.94,195.44,7353.53,INR,0,1.47,25kg,True
OBS001850,2026-04-29T00:00:00,goibibo,IndiGo,DEL,BOM,2026-07-08,2026-04-29,PremiumEconomy,NonRefundable,3735.13,448.22,157.33,4340.68,INR,0,3.92,15kg,False
OBS001851,2026-07-04T00:00:00,airline_site,IndiGo,DEL,BOM,2026-07-05,2026-07-04,Economy,Refundable,5647.06,677.65,276.31,6601.02,INR,0,4.5,15kg,True
OBS001852,2026-07-10T00:00:00,airline_site,IndiGo,DEL,BOM,2026-07-20,2026-07-10,Economy,NonRefundable,4568.83,548.26,287.69,5404.78,INR,0,4.3,15kg,True
OBS001853,2026-05-07T00:00:00,airline_site,Akasa,DEL,BOM,2026-07-16,2026-05-07,PremiumEconomy,NonRefundable,4989.03,598.68,322.46,5910.17,INR,0,3.78,15kg,False
OBS001854,2026-04-26T00:00:00,cleartrip,Akasa,DEL,BOM,2026-07-05,2026-04-26,Economy,NonRefundable,4975.54,597.07,396.92,5969.53,INR,0,3.12,20kg,False
OBS001855,2026-07-07T00:00:00,airline_site,IndiGo,DEL,BOM,2026-07-27,2026-07-07,Economy,NonRefundable,4676.56,561.19,152.36,5390.11,INR,0,1.94,25kg,True
OBS001856,2026-07-22T00:00:00,mmt,Akasa,DEL,BOM,2026-07-23,2026-07-22,PremiumEconomy,Refundable,6186.98,742.44,155.66,7085.08,INR,1,1.65,20kg,True
OBS001857,2026-07-21T00:00:00,airline_site,Akasa,DEL,BOM,2026-07-23,2026-07-21,Economy,NonRefundable,4642.74,557.13,176.45,5376.32,INR,0,1.63,15kg,False
OBS001858,2026-06-29T00:00:00,airline_site,Akasa,DEL,BOM,2026-07-09,2026-06-29,Economy,NonRefundable,5341.56,640.99,272.6,6255.15,INR,0,3.96,15kg,False
OBS001859,2026-06-24T00:00:00,cleartrip,Akasa,DEL,BOM,2026-07-14,2026-06-24,Economy,NonRefundable,5395.64,647.48,151.74,6194.86,INR,0,2.74,25kg,True
OBS001860,2026-06-29T00:00:00,cleartrip,AirIndia,DEL,BOM,2026-07-01,2026-06-29,Economy,Refundable,4981.58,597.79,312.83,5892.2,INR,1,4.38,15kg,True
OBS001861,2026-06-23T00:00:00,goibibo,Akasa,DEL,BOM,2026-07-13,2026-06-23,PremiumEconomy,NonRefundable,6045.38,725.45,300.62,7071.45,INR,0,2.51,20kg,True
OBS001862,2026-07-16T00:00:00,cleartrip,IndiGo,BOM,BLR,2026-07-26,2026-07-16,PremiumEconomy,Refundable,3911.7,469.4,320.56,4701.66,INR,0,3.11,20kg,True
OBS001863,2026-06-28T00:00:00,cleartrip,AirIndia,BOM,BLR,2026-07-03,2026-06-28,PremiumEconomy,Refundable,4098.9,491.87,251.64,4842.41,INR,0,2.79,15kg,True
OBS001864,2026-07-02T00:00:00,cleartrip,AirIndia,BOM,BLR,2026-07-07,2026-07-02,PremiumEconomy,Refundable,4004.51,480.54,161.61,4646.66,INR,0,3.25,15kg,True
OBS001865,2026-06-20T00:00:00,airline_site,Vistara,BOM,BLR,2026-07-10,2026-06-20,Economy,NonRefundable,3683.97,442.08,205.1,4331.15,INR,0,3.89,20kg,True
OBS001866,2026-06-30T00:00:00,airline_site,SpiceJet,BOM,BLR,2026-07-02,2026-06-30,PremiumEconomy,NonRefundable,3801.38,456.17,175.23,4432.78,INR,1,3.5,20kg,True
OBS001867,2026-05-29T00:00:00,cleartrip,Akasa,BOM,BLR,2026-07-08,2026-05-29,Economy,Refundable,3740.77,448.89,232.5,4422.16,INR,0,2.28,15kg,True
OBS001868,2026-07-06T00:00:00,mmt,SpiceJet,BOM,BLR,2026-07-16,2026-07-06,PremiumEconomy,Refundable,3389.35,406.72,214.89,4010.96,INR,0,2.76,25kg,True
OBS001869,2026-06-01T00:00:00,airline_site,SpiceJet,BOM,BLR,2026-07-11,2026-06-01,PremiumEconomy,NonRefundable,3533.64,424.04,184.2,4141.88,INR,0,1.64,25kg,True
OBS001870,2026-07-05T00:00:00,airline_site,Vistara,BOM,BLR,2026-07-25,2026-07-05,PremiumEconomy,NonRefundable,2927.39,351.29,274.44,3553.12,INR,0,2.44,25kg,True
OBS001871,2026-06-15T00:00:00,goibibo,IndiGo,BOM,BLR,2026-07-25,2026-06-15,Economy,NonRefundable,3599.47,431.94,206.77,4238.18,INR,0,2.64,25kg,True
OBS001872,2026-07-20T00:00:00,goibibo,SpiceJet,BOM,BLR,2026-07-25,2026-07-20,Economy,Refundable,3626.08,435.13,255.71,4316.92,INR,0,1.41,15kg,True
OBS001873,2026-07-13T00:00:00,goibibo,Vistara,BOM,BLR,2026-07-15,2026-07-13,PremiumEconomy,Refundable,4466.99,536.04,180.63,5183.66,INR,1,3.39,15kg,True
OBS001874,2026-06-24T00:00:00,mmt,Akasa,BOM,BLR,2026-07-04,2026-06-24,Economy,Refundable,3820.73,458.49,229.51,4508.73,INR,1,2.18,15kg,True
OBS001875,2026-05-08T00:00:00,airline_site,AirIndia,BOM,BLR,2026-07-17,2026-05-08,Economy,NonRefundable,3342.56,401.11,195.27,3938.94,INR,0,3.74,20kg,False
OBS001876,2026-06-25T00:00:00,cleartrip,IndiGo,BOM,BLR,2026-07-05,2026-06-25,PremiumEconomy,NonRefundable,3982.66,477.92,196.48,4657.06,INR,1,2.03,15kg,False
OBS001877,2026-07-11T00:00:00,mmt,Vistara,BOM,BLR,2026-07-21,2026-07-11,Economy,NonRefundable,3623.38,434.81,386.4,4444.59,INR,1,2.58,15kg,True
OBS001878,2026-07-18T00:00:00,goibibo,Akasa,BOM,BLR,2026-07-20,2026-07-18,PremiumEconomy,Refundable,3940.97,472.92,204.47,4618.36,INR,1,4.16,25kg,True
OBS001879,2026-07-21T00:00:00,mmt,AirIndia,BOM,BLR,2026-07-26,2026-07-21,Economy,NonRefundable,3214.29,385.71,398.41,3998.41,INR,0,3.77,20kg,True
OBS001880,2026-05-03T00:00:00,mmt,SpiceJet,BOM,BLR,2026-07-12,2026-05-03,Economy,NonRefundable,3411.84,409.42,156.35,3977.61,INR,0,4.36,20kg,False
OBS001881,2026-07-09T00:00:00,cleartrip,SpiceJet,BOM,BLR,2026-07-14,2026-07-09,PremiumEconomy,Refundable,3997.08,479.65,320.45,4797.18,INR,1,2.85,20kg,False
OBS001882,2026-07-18T00:00:00,mmt,SpiceJet,BOM,BLR,2026-07-23,2026-07-18,Economy,Refundable,3680.75,441.69,236.07,4358.51,INR,0,3.94,25kg,True
OBS001883,2026-04-26T00:00:00,mmt,SpiceJet,BOM,BLR,2026-07-05,2026-04-26,Economy,Refundable,3561.97,427.44,250.61,4240.02,INR,0,3.53,15kg,True
OBS001884,2026-07-15T00:00:00,airline_site,SpiceJet,BOM,BLR,2026-07-16,2026-07-15,PremiumEconomy,NonRefundable,4367.82,524.14,176.6,5068.56,INR,1,3.2,20kg,True
OBS001885,2026-07-12T00:00:00,cleartrip,IndiGo,BOM,BLR,2026-07-14,2026-07-12,PremiumEconomy,NonRefundable,4365.21,523.83,304.2,5193.24,INR,1,3.1,15kg,True
OBS001886,2026-07-10T00:00:00,goibibo,Akasa,BOM,BLR,2026-07-12,2026-07-10,Economy,Refundable,4204.78,504.57,385.0,5094.35,INR,0,1.82,15kg,False
OBS001887,2026-05-10T00:00:00,cleartrip,AirIndia,BOM,BLR,2026-07-19,2026-05-10,PremiumEconomy,NonRefundable,3362.66,403.52,394.82,4161.0,INR,1,3.94,15kg,False
OBS001888,2026-07-17T00:00:00,goibibo,SpiceJet,BOM,BLR,2026-07-18,2026-07-17,Economy,Refundable,4114.68,493.76,367.09,4975.53,INR,0,2.52,15kg,False
OBS001889,2026-07-24T00:00:00,cleartrip,Akasa,BOM,BLR,2026-07-25,2026-07-24,Economy,Refundable,4546.65,545.6,385.34,5477.59,INR,0,2.56,20kg,True
OBS001890,2026-07-04T00:00:00,mmt,IndiGo,BOM,BLR,2026-07-09,2026-07-04,PremiumEconomy,Refundable,3640.92,436.91,244.18,4322.01,INR,0,3.78,20kg,True
OBS001891,2026-07-17T00:00:00,goibibo,Vistara,BOM,BLR,2026-07-18,2026-07-17,PremiumEconomy,Refundable,3348.91,401.87,158.13,3908.91,INR,0,4.11,25kg,True
OBS001892,2026-05-25T00:00:00,mmt,AirIndia,BOM,BLR,2026-07-04,2026-05-25,PremiumEconomy,Refundable,3307.49,396.9,300.91,4005.3,INR,1,1.79,15kg,True
OBS001893,2026-07-18T00:00:00,cleartrip,Akasa,BOM,BLR,2026-07-19,2026-07-18,PremiumEconomy,Refundable,4263.91,511.67,313.05,5088.63,INR,0,3.94,25kg,False
OBS001894,2026-06-03T00:00:00,mmt,SpiceJet,DEL,HYD,2026-07-13,2026-06-03,Economy,NonRefundable,6628.46,795.41,232.78,7656.65,INR,0,4.42,25kg,False
OBS001895,2026-06-19T00:00:00,airline_site,Akasa,DEL,HYD,2026-07-09,2026-06-19,PremiumEconomy,NonRefundable,6979.42,837.53,155.85,7972.8,INR,0,2.58,20kg,True
OBS001896,2026-07-15T00:00:00,airline_site,AirIndia,DEL,HYD,2026-07-25,2026-07-15,Economy,Refundable,6616.54,793.98,361.62,7772.14,INR,0,3.06,15kg,True
OBS001897,2026-07-04T00:00:00,cleartrip,AirIndia,DEL,HYD,2026-07-06,2026-07-04,Economy,NonRefundable,8435.27,1012.23,344.16,9791.66,INR,0,2.99,15kg,True
OBS001898,2026-07-04T00:00:00,mmt,AirIndia,DEL,HYD,2026-07-06,2026-07-04,Economy,Refundable,6827.08,819.25,237.12,7883.45,INR,0,4.36,15kg,True
OBS001899,2026-07-02T00:00:00,cleartrip,Vistara,DEL,HYD,2026-07-03,2026-07-02,Economy,Refundable,8713.31,1045.6,312.99,10071.9,INR,0,4.46,20kg,True
OBS001900,2026-06-16T00:00:00,airline_site,AirIndia,DEL,HYD,2026-07-26,2026-06-16,PremiumEconomy,NonRefundable,7429.96,891.59,320.74,8642.29,INR,0,3.26,15kg,True
OBS001901,2026-07-01T00:00:00,goibibo,AirIndia,DEL,HYD,2026-07-06,2026-07-01,Economy,Refundable,8299.89,995.99,190.8,9486.68,INR,0,3.06,25kg,True
OBS001902,2026-07-02T00:00:00,cleartrip,Vistara,DEL,HYD,2026-07-04,2026-07-02,Economy,Refundable,7707.21,924.86,357.91,8989.98,INR,0,2.67,20kg,False
OBS001903,2026-05-02T00:00:00,airline_site,AirIndia,DEL,HYD,2026-07-11,2026-05-02,Economy,NonRefundable,6395.16,767.42,387.84,7550.42,INR,1,1.85,20kg,False
OBS001904,2026-06-20T00:00:00,mmt,IndiGo,DEL,HYD,2026-07-10,2026-06-20,Economy,NonRefundable,6486.07,778.33,242.92,7507.32,INR,0,3.16,20kg,True
OBS001905,2026-07-17T00:00:00,airline_site,Akasa,DEL,HYD,2026-07-19,2026-07-17,Economy,Refundable,8733.34,1048.0,396.5,10177.84,INR,1,2.67,25kg,True
OBS001906,2026-06-24T00:00:00,goibibo,AirIndia,DEL,HYD,2026-07-04,2026-06-24,PremiumEconomy,NonRefundable,7089.73,850.77,243.09,8183.59,INR,1,2.25,25kg,False
OBS001907,2026-06-29T00:00:00,goibibo,IndiGo,DEL,HYD,2026-07-09,2026-06-29,PremiumEconomy,Refundable,8430.96,1011.71,325.3,9767.97,INR,0,1.21,25kg,True
OBS001908,2026-06-12T00:00:00,cleartrip,Vistara,DEL,HYD,2026-07-22,2026-06-12,Economy,NonRefundable,7715.89,925.91,369.84,9011.64,INR,0,1.83,25kg,True
OBS001909,2026-06-28T00:00:00,cleartrip,IndiGo,DEL,HYD,2026-07-03,2026-06-28,PremiumEconomy,Refundable,7472.34,896.68,238.66,8607.68,INR,0,1.53,25kg,True
OBS001910,2026-07-08T00:00:00,airline_site,Akasa,DEL,HYD,2026-07-10,2026-07-08,PremiumEconomy,NonRefundable,7022.65,842.72,316.55,8181.92,INR,1,3.3,20kg,False
OBS001911,2026-07-18T00:00:00,mmt,IndiGo,DEL,HYD,2026-07-20,2026-07-18,Economy,NonRefundable,7478.14,897.38,364.99,8740.51,INR,0,3.51,25kg,True
OBS001912,2026-07-17T00:00:00,airline_site,Vistara,DEL,HYD,2026-07-19,2026-07-17,PremiumEconomy,NonRefundable,9011.35,1081.36,333.99,10426.7,INR,0,2.62,25kg,False
OBS001913,2026-07-07T00:00:00,mmt,Akasa,DEL,HYD,2026-07-27,2026-07-07,PremiumEconomy,NonRefundable,7106.63,852.8,208.62,8168.05,INR,0,2.38,25kg,True
OBS001914,2026-07-01T00:00:00,cleartrip,SpiceJet,DEL,HYD,2026-07-06,2026-07-01,PremiumEconomy,Refundable,8338.87,1000.66,266.82,9606.35,INR,0,3.3,20kg,True
OBS001915,2026-06-17T00:00:00,goibibo,SpiceJet,DEL,HYD,2026-07-27,2026-06-17,Economy,NonRefundable,5535.92,664.31,230.16,6430.39,INR,0,1.26,25kg,True
OBS001916,2026-07-03T00:00:00,mmt,Vistara,DEL,HYD,2026-07-13,2026-07-03,PremiumEconomy,Refundable,6993.98,839.28,181.33,8014.59,INR,0,3.63,15kg,False
OBS001917,2026-06-16T00:00:00,airline_site,Akasa,DEL,HYD,2026-07-06,2026-06-16,Economy,NonRefundable,7176.98,861.24,237.59,8275.81,INR,1,1.75,20kg,False
OBS001918,2026-06-16T00:00:00,cleartrip,AirIndia,DEL,HYD,2026-07-06,2026-06-16,Economy,Refundable,7283.75,874.05,252.8,8410.6,INR,0,3.82,15kg,True
OBS001919,2026-06-28T00:00:00,airline_site,Akasa,DEL,HYD,2026-07-03,2026-06-28,PremiumEconomy,NonRefundable,7571.15,908.54,152.86,8632.55,INR,0,3.94,20kg,True
OBS001920,2026-06-25T00:00:00,cleartrip,Vistara,DEL,HYD,2026-07-05,2026-06-25,Economy,NonRefundable,7247.67,869.72,249.63,8367.02,INR,1,1.84,15kg,False
OBS001921,2026-07-22T00:00:00,airline_site,IndiGo,DEL,HYD,2026-07-27,2026-07-22,Economy,Refundable,7852.95,942.35,207.9,9003.2,INR,0,2.42,15kg,True
OBS001922,2026-07-03T00:00:00,goibibo,IndiGo,DEL,HYD,2026-07-05,2026-07-03,Economy,Refundable,8139.28,976.71,224.47,9340.46,INR,1,4.01,25kg,True
OBS001923,2026-07-13T00:00:00,airline_site,Vistara,DEL,HYD,2026-07-14,2026-07-13,PremiumEconomy,NonRefundable,8684.53,1042.14,271.46,9998.13,INR,1,1.57,25kg,False
OBS001924,2026-05-18T00:00:00,goibibo,AirIndia,DEL,HYD,2026-07-27,2026-05-18,PremiumEconomy,NonRefundable,6855.14,822.62,163.72,7841.48,INR,0,3.54,25kg,True
OBS001925,2026-06-30T00:00:00,cleartrip,SpiceJet,DEL,HYD,2026-07-01,2026-06-30,Economy,NonRefundable,7914.69,949.76,193.37,9057.82,INR,1,3.37,15kg,True
OBS001926,2026-04-28T00:00:00,goibibo,IndiGo,DEL,HYD,2026-07-07,2026-04-28,Economy,NonRefundable,6807.63,816.92,371.51,7996.06,INR,0,3.55,20kg,True
OBS001927,2026-07-03T00:00:00,cleartrip,IndiGo,DEL,HYD,2026-07-05,2026-07-03,Economy,NonRefundable,8100.55,972.07,219.01,9291.63,INR,0,2.73,25kg,False
OBS001928,2026-07-02T00:00:00,airline_site,SpiceJet,BLR,HYD,2026-07-12,2026-07-02,Economy,NonRefundable,4297.16,515.66,387.76,5200.58,INR,0,1.79,15kg,True
OBS001929,2026-05-05T00:00:00,goibibo,IndiGo,BLR,HYD,2026-07-14,2026-05-05,Economy,NonRefundable,4678.75,561.45,235.05,5475.25,INR,0,1.77,25kg,True
OBS001930,2026-06-30T00:00:00,mmt,SpiceJet,BLR,HYD,2026-07-02,2026-06-30,PremiumEconomy,NonRefundable,5342.12,641.05,221.76,6204.93,INR,0,1.46,20kg,True
OBS001931,2026-07-03T00:00:00,goibibo,Akasa,BLR,HYD,2026-07-08,2026-07-03,PremiumEconomy,NonRefundable,4595.94,551.51,349.03,5496.48,INR,0,1.75,20kg,True
OBS001932,2026-07-22T00:00:00,mmt,SpiceJet,BLR,HYD,2026-07-24,2026-07-22,Economy,NonRefundable,5782.84,693.94,244.63,6721.41,INR,1,1.77,25kg,False
OBS001933,2026-06-14T00:00:00,airline_site,Akasa,BLR,HYD,2026-07-24,2026-06-14,PremiumEconomy,Refundable,4342.73,521.13,394.81,5258.67,INR,0,3.27,20kg,False
OBS001934,2026-07-19T00:00:00,goibibo,Vistara,BLR,HYD,2026-07-24,2026-07-19,Economy,NonRefundable,5565.5,667.86,193.6,6426.96,INR,0,3.96,15kg,True
OBS001935,2026-06-26T00:00:00,goibibo,SpiceJet,BLR,HYD,2026-07-16,2026-06-26,Economy,NonRefundable,4858.44,583.01,162.48,5603.93,INR,0,2.7,25kg,True
OBS001936,2026-07-07T00:00:00,goibibo,SpiceJet,BLR,HYD,2026-07-09,2026-07-07,Economy,NonRefundable,5476.19,657.14,264.26,6397.59,INR,0,4.1,20kg,False
OBS001937,2026-07-18T00:00:00,goibibo,Akasa,BLR,HYD,2026-07-28,2026-07-18,Economy,NonRefundable,5175.74,621.09,338.75,6135.58,INR,0,4.11,15kg,True
OBS001938,2026-07-07T00:00:00,airline_site,IndiGo,BLR,HYD,2026-07-27,2026-07-07,Economy,NonRefundable,4923.52,590.82,336.64,5850.98,INR,1,4.25,15kg,True
OBS001939,2026-04-22T00:00:00,goibibo,IndiGo,BLR,HYD,2026-07-01,2026-04-22,PremiumEconomy,Refundable,4079.27,489.51,324.38,4893.16,INR,0,2.56,20kg,True
OBS001940,2026-07-10T00:00:00,mmt,SpiceJet,BLR,HYD,2026-07-11,2026-07-10,PremiumEconomy,NonRefundable,5211.26,625.35,206.97,6043.58,INR,0,1.9,20kg,False
OBS001941,2026-07-11T00:00:00,airline_site,Akasa,BLR,HYD,2026-07-21,2026-07-11,Economy,Refundable,4618.57,554.23,251.14,5423.94,INR,0,2.59,20kg,True
OBS001942,2026-07-24T00:00:00,goibibo,Akasa,BLR,HYD,2026-07-25,2026-07-24,PremiumEconomy,NonRefundable,5174.77,620.97,303.58,6099.32,INR,0,2.86,20kg,True
OBS001943,2026-07-03T00:00:00,mmt,Akasa,BLR,HYD,2026-07-13,2026-07-03,PremiumEconomy,NonRefundable,4662.81,559.54,201.09,5423.44,INR,0,3.65,20kg,True
OBS001944,2026-07-27T00:00:00,cleartrip,Akasa,BLR,HYD,2026-07-28,2026-07-27,Economy,Refundable,4703.93,564.47,360.96,5629.36,INR,0,3.49,15kg,True
OBS001945,2026-05-12T00:00:00,goibibo,SpiceJet,BLR,HYD,2026-07-21,2026-05-12,Economy,NonRefundable,3839.88,460.79,341.21,4641.88,INR,1,1.88,15kg,True
OBS001946,2026-05-04T00:00:00,airline_site,SpiceJet,BLR,HYD,2026-07-13,2026-05-04,Economy,Refundable,4170.89,500.51,190.71,4862.11,INR,0,3.42,25kg,True
OBS001947,2026-07-15T00:00:00,mmt,AirIndia,BLR,HYD,2026-07-16,2026-07-15,PremiumEconomy,Refundable,4846.76,581.61,230.71,5659.08,INR,1,3.63,15kg,False
OBS001948,2026-05-18T00:00:00,cleartrip,AirIndia,BLR,HYD,2026-07-27,2026-05-18,PremiumEconomy,NonRefundable,4256.0,510.72,226.99,4993.71,INR,0,1.3,25kg,True
OBS001949,2026-05-24T00:00:00,airline_site,IndiGo,BLR,HYD,2026-07-03,2026-05-24,PremiumEconomy,NonRefundable,4511.53,541.38,225.62,5278.53,INR,1,2.68,20kg,True
OBS001950,2026-06-13T00:00:00,goibibo,AirIndia,BLR,HYD,2026-07-03,2026-06-13,Economy,NonRefundable,3518.42,422.21,234.99,4175.62,INR,0,4.49,25kg,True
OBS001951,2026-07-07T00:00:00,mmt,IndiGo,BLR,HYD,2026-07-09,2026-07-07,Economy,Refundable,4724.99,567.0,343.94,5635.93,INR,1,3.59,15kg,False
OBS001952,2026-06-26T00:00:00,airline_site,SpiceJet,BLR,HYD,2026-07-16,2026-06-26,PremiumEconomy,NonRefundable,4236.12,508.33,365.01,5109.46,INR,0,3.44,20kg,True
OBS001953,2026-06-24T00:00:00,mmt,Akasa,BLR,HYD,2026-07-04,2026-06-24,Economy,NonRefundable,4492.0,539.04,343.1,5374.14,INR,0,1.86,20kg,True
OBS001954,2026-06-24T00:00:00,mmt,SpiceJet,BLR,HYD,2026-07-04,2026-06-24,PremiumEconomy,Refundable,4427.86,531.34,163.6,5122.8,INR,1,4.1,15kg,True
OBS001955,2026-06-07T00:00:00,airline_site,SpiceJet,BLR,HYD,2026-07-17,2026-06-07,Economy,NonRefundable,3983.21,477.98,374.56,4835.75,INR,0,2.94,25kg,False
OBS001956,2026-07-16T00:00:00,cleartrip,Vistara,BLR,HYD,2026-07-18,2026-07-16,PremiumEconomy,Refundable,5063.01,607.56,312.82,5983.39,INR,0,2.71,25kg,True
OBS001957,2026-07-17T00:00:00,airline_site,SpiceJet,BLR,HYD,2026-07-19,2026-07-17,Economy,NonRefundable,4892.78,587.13,218.9,5698.81,INR,0,3.57,20kg,True
OBS001958,2026-04-27T00:00:00,goibibo,AirIndia,BLR,HYD,2026-07-06,2026-04-27,Economy,Refundable,4088.41,490.61,268.06,4847.08,INR,0,3.97,15kg,True
OBS001959,2026-07-14T00:00:00,goibibo,AirIndia,BLR,HYD,2026-07-15,2026-07-14,PremiumEconomy,NonRefundable,4751.93,570.23,398.57,5720.73,INR,0,1.92,25kg,False
OBS001960,2026-06-11T00:00:00,cleartrip,Vistara,BLR,HYD,2026-07-21,2026-06-11,PremiumEconomy,Refundable,3916.71,470.01,195.97,4582.69,INR,0,1.79,25kg,True
OBS001961,2026-06-16T00:00:00,cleartrip,AirIndia,BLR,HYD,2026-07-26,2026-06-16,PremiumEconomy,Refundable,4571.46,548.58,190.58,5310.62,INR,0,4.3,15kg,True
OBS001962,2026-07-10T00:00:00,mmt,Akasa,BLR,HYD,2026-07-15,2026-07-10,PremiumEconomy,NonRefundable,4894.37,587.32,212.16,5693.85,INR,1,3.92,25kg,True
OBS001963,2026-06-18T00:00:00,cleartrip,AirIndia,BLR,HYD,2026-07-08,2026-06-18,PremiumEconomy,NonRefundable,3969.59,476.35,150.19,4596.13,INR,0,3.99,25kg,True
OBS001964,2026-07-07T00:00:00,goibibo,Vistara,MAA,DEL,2026-07-12,2026-07-07,Economy,NonRefundable,5626.13,675.14,205.58,6506.85,INR,0,3.77,20kg,True
OBS001965,2026-04-29T00:00:00,mmt,IndiGo,MAA,DEL,2026-07-08,2026-04-29,PremiumEconomy,NonRefundable,4072.17,488.66,360.1,4920.93,INR,1,2.02,20kg,True
OBS001966,2026-07-13T00:00:00,mmt,AirIndia,MAA,DEL,2026-07-23,2026-07-13,Economy,NonRefundable,5150.66,618.08,252.78,6021.52,INR,0,2.46,20kg,False
OBS001967,2026-06-20T00:00:00,goibibo,AirIndia,MAA,DEL,2026-07-10,2026-06-20,Economy,Refundable,4841.32,580.96,227.6,5649.88,INR,0,1.81,25kg,False
OBS001968,2026-07-04T00:00:00,mmt,IndiGo,MAA,DEL,2026-07-06,2026-07-04,PremiumEconomy,NonRefundable,5527.75,663.33,390.31,6581.39,INR,1,1.44,20kg,False
OBS001969,2026-07-04T00:00:00,mmt,Akasa,MAA,DEL,2026-07-06,2026-07-04,Economy,Refundable,5667.91,680.15,396.32,6744.38,INR,0,3.68,25kg,False
OBS001970,2026-07-18T00:00:00,goibibo,SpiceJet,MAA,DEL,2026-07-28,2026-07-18,PremiumEconomy,Refundable,4566.45,547.97,288.99,5403.41,INR,0,4.22,20kg,True
OBS001971,2026-07-09T00:00:00,cleartrip,Akasa,MAA,DEL,2026-07-10,2026-07-09,Economy,Refundable,5421.01,650.52,162.21,6233.74,INR,0,1.86,25kg,True
OBS001972,2026-07-05T00:00:00,mmt,SpiceJet,MAA,DEL,2026-07-25,2026-07-05,Economy,Refundable,4970.31,596.44,171.16,5737.91,INR,0,4.16,20kg,True
OBS001973,2026-05-23T00:00:00,mmt,Akasa,MAA,DEL,2026-07-02,2026-05-23,Economy,NonRefundable,5084.2,610.1,382.49,6076.79,INR,0,4.01,20kg,True
OBS001974,2026-07-02T00:00:00,mmt,Akasa,MAA,DEL,2026-07-07,2026-07-02,PremiumEconomy,NonRefundable,5055.35,606.64,179.55,5841.54,INR,0,4.17,25kg,False
OBS001975,2026-07-04T00:00:00,goibibo,Vistara,MAA,DEL,2026-07-05,2026-07-04,Economy,Refundable,4958.27,594.99,311.11,5864.37,INR,0,4.2,20kg,True
OBS001976,2026-06-12T00:00:00,cleartrip,AirIndia,MAA,DEL,2026-07-02,2026-06-12,Economy,NonRefundable,4282.85,513.94,195.66,4992.45,INR,1,2.61,15kg,True
OBS001977,2026-06-28T00:00:00,airline_site,Vistara,MAA,DEL,2026-07-18,2026-06-28,PremiumEconomy,Refundable,3874.9,464.99,292.1,4631.99,INR,0,1.48,25kg,True
OBS001978,2026-05-29T00:00:00,goibibo,Akasa,MAA,DEL,2026-07-08,2026-05-29,PremiumEconomy,NonRefundable,4998.67,599.84,383.81,5982.32,INR,0,4.29,20kg,True
OBS001979,2026-07-14T00:00:00,cleartrip,IndiGo,MAA,DEL,2026-07-16,2026-07-14,PremiumEconomy,Refundable,5373.32,644.8,333.13,6351.25,INR,0,2.82,15kg,True
OBS001980,2026-07-09T00:00:00,mmt,SpiceJet,MAA,DEL,2026-07-11,2026-07-09,PremiumEconomy,NonRefundable,4723.26,566.79,391.09,5681.14,INR,0,1.24,20kg,False
OBS001981,2026-07-14T00:00:00,cleartrip,IndiGo,MAA,DEL,2026-07-16,2026-07-14,Economy,NonRefundable,5238.94,628.67,397.64,6265.25,INR,0,3.7,25kg,True
OBS001982,2026-06-30T00:00:00,airline_site,Akasa,MAA,DEL,2026-07-02,2026-06-30,Economy,NonRefundable,5213.26,625.59,323.75,6162.6,INR,0,1.89,15kg,True
OBS001983,2026-05-31T00:00:00,cleartrip,SpiceJet,MAA,DEL,2026-07-10,2026-05-31,PremiumEconomy,Refundable,4650.27,558.03,399.08,5607.38,INR,0,2.83,15kg,False
OBS001984,2026-07-04T00:00:00,mmt,AirIndia,MAA,DEL,2026-07-24,2026-07-04,PremiumEconomy,Refundable,4804.74,576.57,254.0,5635.31,INR,0,3.48,20kg,False
OBS001985,2026-04-24T00:00:00,airline_site,Akasa,DEL,MAA,2026-07-03,2026-04-24,PremiumEconomy,Refundable,4840.69,580.88,267.8,5689.37,INR,1,3.49,25kg,True
OBS001986,2026-07-08T00:00:00,airline_site,Vistara,DEL,MAA,2026-07-28,2026-07-08,PremiumEconomy,NonRefundable,4685.51,562.26,298.27,5546.04,INR,0,4.41,15kg,True
OBS001987,2026-05-09T00:00:00,airline_site,IndiGo,DEL,MAA,2026-07-18,2026-05-09,PremiumEconomy,NonRefundable,4821.41,578.57,236.58,5636.56,INR,0,2.1,25kg,False
OBS001988,2026-07-17T00:00:00,airline_site,SpiceJet,DEL,MAA,2026-07-22,2026-07-17,Economy,NonRefundable,5505.52,660.66,212.22,6378.4,INR,1,1.21,20kg,True
OBS001989,2026-07-17T00:00:00,cleartrip,Vistara,DEL,MAA,2026-07-19,2026-07-17,Economy,NonRefundable,6343.58,761.23,329.21,7434.02,INR,0,4.48,15kg,True
OBS001990,2026-07-05T00:00:00,airline_site,AirIndia,DEL,MAA,2026-07-06,2026-07-05,PremiumEconomy,NonRefundable,5256.43,630.77,351.07,6238.27,INR,0,3.73,25kg,True
OBS001991,2026-06-18T00:00:00,cleartrip,IndiGo,DEL,MAA,2026-07-08,2026-06-18,PremiumEconomy,Refundable,4337.52,520.5,288.67,5146.69,INR,0,2.49,15kg,True
OBS001992,2026-06-23T00:00:00,goibibo,Akasa,DEL,MAA,2026-07-03,2026-06-23,Economy,Refundable,5672.5,680.7,220.62,6573.82,INR,0,2.33,20kg,True
OBS001993,2026-07-06T00:00:00,cleartrip,IndiGo,DEL,MAA,2026-07-07,2026-07-06,Economy,NonRefundable,6350.83,762.1,267.11,7380.04,INR,1,1.34,25kg,False
OBS001994,2026-06-12T00:00:00,airline_site,Akasa,DEL,MAA,2026-07-02,2026-06-12,Economy,NonRefundable,4617.34,554.08,192.05,5363.47,INR,0,1.46,15kg,True
OBS001995,2026-07-16T00:00:00,cleartrip,Akasa,DEL,MAA,2026-07-26,2026-07-16,Economy,NonRefundable,4990.85,598.9,284.28,5874.03,INR,0,3.84,15kg,True
OBS001996,2026-07-21T00:00:00,goibibo,IndiGo,DEL,MAA,2026-07-22,2026-07-21,PremiumEconomy,NonRefundable,5920.43,710.45,177.86,6808.74,INR,0,1.68,20kg,True
OBS001997,2026-07-10T00:00:00,cleartrip,Vistara,DEL,MAA,2026-07-20,2026-07-10,PremiumEconomy,NonRefundable,4920.73,590.49,387.99,5899.21,INR,0,4.05,25kg,True
OBS001998,2026-07-19T00:00:00,airline_site,Vistara,DEL,MAA,2026-07-21,2026-07-19,PremiumEconomy,Refundable,5237.42,628.49,169.98,6035.89,INR,0,3.61,25kg,True
OBS001999,2026-05-05T00:00:00,goibibo,AirIndia,DEL,MAA,2026-07-14,2026-05-05,Economy,NonRefundable,4452.69,534.32,252.04,5239.05,INR,1,4.25,20kg,True
OBS002000,2026-06-29T00:00:00,airline_site,Akasa,DEL,MAA,2026-07-01,2026-06-29,PremiumEconomy,Refundable,5744.17,689.3,337.26,6770.73,INR,0,2.43,25kg,False
OBS002001,2026-06-29T00:00:00,airline_site,SpiceJet,DEL,MAA,2026-07-01,2026-06-29,Economy,Refundable,6163.11,739.57,162.1,7064.78,INR,1,2.51,20kg,True
OBS002002,2026-07-11T00:00:00,airline_site,SpiceJet,DEL,MAA,2026-07-12,2026-07-11,PremiumEconomy,Refundable,5468.78,656.25,182.32,6307.35,INR,0,1.24,15kg,True
OBS002003,2026-07-18T00:00:00,airline_site,AirIndia,DEL,MAA,2026-07-19,2026-07-18,PremiumEconomy,Refundable,5937.08,712.45,335.19,6984.72,INR,0,3.21,20kg,True
OBS002004,2026-07-21T00:00:00,goibibo,Vistara,DEL,MAA,2026-07-23,2026-07-21,PremiumEconomy,NonRefundable,5692.72,683.13,341.85,6717.7,INR,0,4.03,25kg,True
OBS002005,2026-07-12T00:00:00,mmt,SpiceJet,DEL,MAA,2026-07-13,2026-07-12,PremiumEconomy,NonRefundable,6475.38,777.05,257.6,7510.03,INR,0,3.38,20kg,True
OBS002006,2026-07-01T00:00:00,airline_site,Vistara,DEL,MAA,2026-07-21,2026-07-01,PremiumEconomy,NonRefundable,5022.19,602.66,387.95,6012.8,INR,0,4.25,15kg,True
OBS002007,2026-06-14T00:00:00,goibibo,Vistara,DEL,MAA,2026-07-04,2026-06-14,PremiumEconomy,Refundable,5327.78,639.33,329.59,6296.7,INR,0,4.12,20kg,True
OBS002008,2026-07-03T00:00:00,mmt,Akasa,DEL,MAA,2026-07-13,2026-07-03,PremiumEconomy,Refundable,5177.9,621.35,189.23,5988.48,INR,0,2.83,20kg,True
OBS002009,2026-06-01T00:00:00,goibibo,IndiGo,DEL,MAA,2026-07-11,2026-06-01,PremiumEconomy,Refundable,4783.75,574.05,392.38,5750.18,INR,0,2.99,15kg,False
OBS002010,2026-06-26T00:00:00,mmt,SpiceJet,DEL,MAA,2026-07-01,2026-06-26,PremiumEconomy,Refundable,5524.3,662.92,262.23,6449.45,INR,0,1.85,15kg,True
OBS002011,2026-07-12T00:00:00,airline_site,IndiGo,DEL,MAA,2026-07-17,2026-07-12,PremiumEconomy,Refundable,5905.7,708.68,199.76,6814.14,INR,0,2.6,15kg,True
OBS002012,2026-07-13T00:00:00,goibibo,Akasa,DEL,MAA,2026-07-14,2026-07-13,Economy,NonRefundable,5852.81,702.34,236.72,6791.87,INR,0,1.79,20kg,True
OBS002013,2026-07-05T00:00:00,airline_site,SpiceJet,DEL,MAA,2026-07-07,2026-07-05,PremiumEconomy,NonRefundable,5374.85,644.98,291.79,6311.62,INR,0,1.52,20kg,False
OBS002014,2026-07-18T00:00:00,goibibo,IndiGo,DEL,MAA,2026-07-19,2026-07-18,Economy,NonRefundable,5562.9,667.55,229.83,6460.28,INR,1,4.38,20kg,False
OBS002015,2026-06-27T00:00:00,mmt,Vistara,BOM,DEL,2026-07-07,2026-06-27,PremiumEconomy,NonRefundable,3766.75,452.01,288.43,4507.19,INR,1,2.51,15kg,True
OBS002016,2026-07-12T00:00:00,mmt,AirIndia,BOM,DEL,2026-07-22,2026-07-12,PremiumEconomy,NonRefundable,4692.66,563.12,162.29,5418.07,INR,0,2.99,15kg,True
OBS002017,2026-06-16T00:00:00,cleartrip,SpiceJet,BOM,DEL,2026-07-26,2026-06-16,PremiumEconomy,Refundable,4023.74,482.85,156.38,4662.97,INR,0,1.83,15kg,False
OBS002018,2026-04-28T00:00:00,mmt,Akasa,BOM,DEL,2026-07-07,2026-04-28,PremiumEconomy,NonRefundable,3980.37,477.64,320.65,4778.66,INR,0,1.33,25kg,True
OBS002019,2026-07-09T00:00:00,goibibo,SpiceJet,BOM,DEL,2026-07-11,2026-07-09,Economy,NonRefundable,4614.23,553.71,383.69,5551.63,INR,0,2.65,15kg,True
OBS002020,2026-05-29T00:00:00,cleartrip,AirIndia,BOM,DEL,2026-07-08,2026-05-29,Economy,Refundable,3297.35,395.68,283.73,3976.76,INR,0,3.46,15kg,True
OBS002021,2026-05-30T00:00:00,mmt,AirIndia,BOM,DEL,2026-07-09,2026-05-30,PremiumEconomy,NonRefundable,3977.09,477.25,304.21,4758.55,INR,0,1.9,20kg,False
OBS002022,2026-07-21T00:00:00,mmt,Akasa,BOM,DEL,2026-07-22,2026-07-21,Economy,NonRefundable,4609.93,553.19,301.16,5464.28,INR,0,3.91,15kg,True
OBS002023,2026-07-22T00:00:00,goibibo,Vistara,BOM,DEL,2026-07-27,2026-07-22,PremiumEconomy,Refundable,4318.07,518.17,247.25,5083.49,INR,0,3.02,15kg,True
OBS002024,2026-06-30T00:00:00,goibibo,Vistara,BOM,DEL,2026-07-01,2026-06-30,Economy,Refundable,4438.22,532.59,329.16,5299.97,INR,0,1.81,20kg,True
OBS002025,2026-06-25T00:00:00,airline_site,SpiceJet,BOM,DEL,2026-07-05,2026-06-25,Economy,NonRefundable,3746.45,449.57,200.94,4396.96,INR,1,4.26,25kg,False
OBS002026,2026-04-22T00:00:00,mmt,Akasa,BOM,DEL,2026-07-01,2026-04-22,PremiumEconomy,Refundable,3972.06,476.65,260.74,4709.45,INR,0,2.45,15kg,True
OBS002027,2026-07-15T00:00:00,cleartrip,IndiGo,BOM,DEL,2026-07-20,2026-07-15,Economy,NonRefundable,4586.49,550.38,226.06,5362.93,INR,0,3.6,15kg,False
OBS002028,2026-07-08T00:00:00,goibibo,SpiceJet,BOM,DEL,2026-07-09,2026-07-08,PremiumEconomy,Refundable,4999.39,599.93,318.85,5918.17,INR,1,2.7,15kg,True
OBS002029,2026-07-18T00:00:00,airline_site,AirIndia,BOM,DEL,2026-07-19,2026-07-18,PremiumEconomy,Refundable,4830.71,579.68,189.98,5600.37,INR,0,3.29,20kg,True
OBS002030,2026-06-04T00:00:00,goibibo,Vistara,BOM,DEL,2026-07-14,2026-06-04,PremiumEconomy,NonRefundable,3589.17,430.7,167.74,4187.61,INR,0,1.54,15kg,False
OBS002031,2026-07-04T00:00:00,airline_site,Vistara,BOM,DEL,2026-07-24,2026-07-04,PremiumEconomy,Refundable,4120.08,494.41,360.53,4975.02,INR,0,3.89,15kg,True
OBS002032,2026-06-10T00:00:00,mmt,AirIndia,BOM,DEL,2026-07-20,2026-06-10,PremiumEconomy,NonRefundable,3451.96,414.23,350.11,4216.3,INR,0,1.91,15kg,True
OBS002033,2026-07-14T00:00:00,airline_site,IndiGo,BOM,DEL,2026-07-19,2026-07-14,PremiumEconomy,NonRefundable,4512.35,541.48,175.21,5229.04,INR,0,1.95,15kg,True
OBS002034,2026-07-22T00:00:00,goibibo,SpiceJet,BOM,DEL,2026-07-23,2026-07-22,Economy,Refundable,4510.88,541.31,195.61,5247.8,INR,0,3.89,25kg,True
OBS002035,2026-07-11T00:00:00,cleartrip,SpiceJet,BOM,DEL,2026-07-16,2026-07-11,PremiumEconomy,NonRefundable,4729.34,567.52,309.24,5606.1,INR,0,4.0,25kg,True
OBS002036,2026-07-03T00:00:00,goibibo,IndiGo,BOM,DEL,2026-07-05,2026-07-03,PremiumEconomy,NonRefundable,5236.0,628.32,262.56,6126.88,INR,0,2.48,15kg,False
OBS002037,2026-07-22T00:00:00,cleartrip,SpiceJet,BOM,DEL,2026-07-23,2026-07-22,PremiumEconomy,NonRefundable,4863.05,583.57,330.83,5777.45,INR,0,2.49,25kg,True
OBS002038,2026-07-07T00:00:00,cleartrip,Akasa,BOM,DEL,2026-07-17,2026-07-07,PremiumEconomy,Refundable,4078.27,489.39,321.67,4889.33,INR,0,4.4,25kg,False
OBS002039,2026-07-03T00:00:00,airline_site,Akasa,BOM,DEL,2026-07-05,2026-07-03,Economy,NonRefundable,4413.89,529.67,359.85,5303.41,INR,0,2.47,15kg,True
OBS002040,2026-06-24T00:00:00,cleartrip,SpiceJet,BOM,DEL,2026-07-04,2026-06-24,PremiumEconomy,NonRefundable,4196.77,503.61,230.66,4931.04,INR,0,2.85,25kg,False
OBS002041,2026-07-06T00:00:00,airline_site,AirIndia,BOM,DEL,2026-07-11,2026-07-06,PremiumEconomy,NonRefundable,4388.63,526.64,273.38,5188.65,INR,1,2.11,15kg,True
OBS002042,2026-06-23T00:00:00,goibibo,Akasa,BOM,DEL,2026-07-13,2026-06-23,Economy,NonRefundable,3572.46,428.7,261.6,4262.76,INR,0,2.38,20kg,False
OBS002043,2026-07-07T00:00:00,cleartrip,Vistara,BOM,DEL,2026-07-12,2026-07-07,Economy,NonRefundable,4293.1,515.17,372.94,5181.21,INR,0,1.22,15kg,True
OBS002044,2026-07-07T00:00:00,goibibo,IndiGo,BOM,DEL,2026-07-17,2026-07-07,Economy,NonRefundable,4264.24,511.71,378.04,5153.99,INR,1,4.06,25kg,True
OBS002045,2026-07-14T00:00:00,cleartrip,Vistara,BOM,DEL,2026-07-15,2026-07-14,Economy,Refundable,4982.56,597.91,161.4,5741.87,INR,1,1.4,15kg,True
OBS002046,2026-07-23T00:00:00,mmt,IndiGo,BOM,DEL,2026-07-24,2026-07-23,PremiumEconomy,Refundable,4519.18,542.3,285.14,5346.62,INR,0,2.09,25kg,True
OBS002047,2026-05-10T00:00:00,goibibo,Akasa,BOM,DEL,2026-07-19,2026-05-10,PremiumEconomy,Refundable,3759.19,451.1,301.85,4512.14,INR,0,2.31,15kg,True
OBS002048,2026-07-02T00:00:00,cleartrip,Akasa,BOM,DEL,2026-07-04,2026-07-02,Economy,NonRefundable,4614.12,553.69,240.64,5408.45,INR,0,4.22,20kg,True
OBS002049,2026-05-03T00:00:00,airline_site,Akasa,BOM,DEL,2026-07-12,2026-05-03,PremiumEconomy,NonRefundable,3928.6,471.43,273.04,4673.07,INR,0,3.09,25kg,True
OBS002050,2026-06-21T00:00:00,airline_site,AirIndia,BOM,DEL,2026-07-11,2026-06-21,PremiumEconomy,Refundable,3351.78,402.21,357.1,4111.09,INR,0,3.57,20kg,True
OBS002051,2026-05-26T00:00:00,airline_site,Vistara,BOM,DEL,2026-07-05,2026-05-26,Economy,NonRefundable,4286.02,514.32,350.36,5150.7,INR,0,3.21,15kg,False
OBS002052,2026-04-28T00:00:00,airline_site,AirIndia,BOM,DEL,2026-07-07,2026-04-28,Economy,NonRefundable,3424.65,410.96,228.04,4063.65,INR,1,2.75,25kg,False
OBS002053,2026-06-22T00:00:00,airline_site,Akasa,CCU,DEL,2026-07-12,2026-06-22,PremiumEconomy,NonRefundable,5672.27,680.67,314.08,6667.02,INR,0,1.86,25kg,True
OBS002054,2026-07-07T00:00:00,goibibo,Akasa,CCU,DEL,2026-07-27,2026-07-07,PremiumEconomy,Refundable,7464.56,895.75,230.0,8590.31,INR,1,1.73,25kg,True
OBS002055,2026-06-26T00:00:00,goibibo,Akasa,CCU,DEL,2026-07-06,2026-06-26,PremiumEconomy,Refundable,7682.05,921.85,330.64,8934.54,INR,1,2.59,20kg,True
OBS002056,2026-07-15T00:00:00,goibibo,AirIndia,CCU,DEL,2026-07-17,2026-07-15,Economy,NonRefundable,7857.67,942.92,174.66,8975.25,INR,1,1.8,25kg,True
OBS002057,2026-06-12T00:00:00,airline_site,SpiceJet,CCU,DEL,2026-07-22,2026-06-12,Economy,NonRefundable,6704.29,804.52,173.07,7681.88,INR,0,4.12,20kg,True
OBS002058,2026-07-14T00:00:00,airline_site,SpiceJet,CCU,DEL,2026-07-19,2026-07-14,Economy,Refundable,7264.72,871.77,253.58,8390.07,INR,0,2.72,15kg,True
OBS002059,2026-07-11T00:00:00,airline_site,AirIndia,CCU,DEL,2026-07-21,2026-07-11,Economy,Refundable,7471.42,896.57,386.46,8754.45,INR,1,3.44,25kg,True
OBS002060,2026-05-23T00:00:00,goibibo,Vistara,CCU,DEL,2026-07-02,2026-05-23,PremiumEconomy,NonRefundable,7009.93,841.19,353.14,8204.26,INR,0,3.41,25kg,True
OBS002061,2026-07-16T00:00:00,airline_site,SpiceJet,CCU,DEL,2026-07-26,2026-07-16,PremiumEconomy,NonRefundable,7629.56,915.55,325.82,8870.93,INR,0,2.24,25kg,True
OBS002062,2026-05-18T00:00:00,airline_site,SpiceJet,CCU,DEL,2026-07-27,2026-05-18,Economy,NonRefundable,6446.6,773.59,286.16,7506.35,INR,0,2.36,15kg,True
OBS002063,2026-06-26T00:00:00,goibibo,AirIndia,CCU,DEL,2026-07-16,2026-06-26,PremiumEconomy,Refundable,7155.83,858.7,242.4,8256.93,INR,0,3.02,20kg,False
OBS002064,2026-06-17T00:00:00,mmt,IndiGo,CCU,DEL,2026-07-07,2026-06-17,PremiumEconomy,NonRefundable,6759.03,811.08,155.71,7725.82,INR,0,1.7,25kg,False
OBS002065,2026-07-21T00:00:00,airline_site,Vistara,CCU,DEL,2026-07-22,2026-07-21,Economy,Refundable,8401.6,1008.19,346.59,9756.38,INR,0,4.26,25kg,False
OBS002066,2026-06-18T00:00:00,airline_site,Akasa,CCU,DEL,2026-07-28,2026-06-18,Economy,Refundable,7619.52,914.34,346.03,8879.89,INR,1,1.22,20kg,False
OBS002067,2026-05-14T00:00:00,airline_site,SpiceJet,CCU,DEL,2026-07-23,2026-05-14,Economy,Refundable,6925.43,831.05,368.27,8124.75,INR,1,3.77,25kg,True
OBS002068,2026-06-23T00:00:00,mmt,AirIndia,CCU,DEL,2026-07-13,2026-06-23,PremiumEconomy,NonRefundable,5945.65,713.48,301.67,6960.8,INR,0,3.2,20kg,True
OBS002069,2026-05-29T00:00:00,goibibo,Akasa,CCU,DEL,2026-07-08,2026-05-29,Economy,Refundable,6293.76,755.25,231.98,7280.99,INR,0,2.37,20kg,True
OBS002070,2026-07-16T00:00:00,airline_site,AirIndia,CCU,DEL,2026-07-26,2026-07-16,Economy,Refundable,7432.56,891.91,260.56,8585.03,INR,0,2.29,25kg,True
OBS002071,2026-05-13T00:00:00,cleartrip,AirIndia,CCU,DEL,2026-07-22,2026-05-13,Economy,NonRefundable,6575.77,789.09,376.27,7741.13,INR,0,2.9,25kg,True
OBS002072,2026-07-08T00:00:00,mmt,IndiGo,CCU,DEL,2026-07-09,2026-07-08,Economy,NonRefundable,7117.46,854.1,227.79,8199.35,INR,0,2.22,20kg,True
OBS002073,2026-06-11T00:00:00,cleartrip,IndiGo,CCU,DEL,2026-07-21,2026-06-11,Economy,NonRefundable,6753.46,810.42,206.71,7770.59,INR,1,1.58,25kg,False
OBS002074,2026-05-18T00:00:00,airline_site,IndiGo,CCU,DEL,2026-07-27,2026-05-18,PremiumEconomy,NonRefundable,6693.49,803.22,283.45,7780.16,INR,1,2.97,15kg,True
OBS002075,2026-07-16T00:00:00,cleartrip,Vistara,CCU,DEL,2026-07-21,2026-07-16,PremiumEconomy,NonRefundable,7671.2,920.54,239.29,8831.03,INR,0,1.28,15kg,False
OBS002076,2026-05-15T00:00:00,cleartrip,IndiGo,CCU,DEL,2026-07-24,2026-05-15,Economy,NonRefundable,5823.54,698.83,256.82,6779.19,INR,0,4.29,25kg,True
OBS002077,2026-07-14T00:00:00,airline_site,Vistara,CCU,DEL,2026-07-16,2026-07-14,PremiumEconomy,NonRefundable,7724.65,926.96,202.08,8853.69,INR,1,3.53,15kg,True
OBS002078,2026-07-12T00:00:00,goibibo,Akasa,CCU,DEL,2026-07-22,2026-07-12,Economy,Refundable,6249.43,749.93,208.38,7207.74,INR,0,3.06,15kg,True
OBS002079,2026-07-13T00:00:00,mmt,AirIndia,CCU,DEL,2026-07-18,2026-07-13,Economy,NonRefundable,8160.96,979.32,310.63,9450.91,INR,0,2.44,25kg,True
OBS002080,2026-06-13T00:00:00,cleartrip,Akasa,CCU,DEL,2026-07-03,2026-06-13,Economy,NonRefundable,6151.51,738.18,236.74,7126.43,INR,1,1.28,20kg,True
OBS002081,2026-07-05T00:00:00,goibibo,AirIndia,CCU,DEL,2026-07-10,2026-07-05,Economy,NonRefundable,7710.56,925.27,327.25,8963.08,INR,0,3.0,25kg,True
OBS002082,2026-07-11T00:00:00,airline_site,SpiceJet,CCU,DEL,2026-07-21,2026-07-11,Economy,NonRefundable,5876.99,705.24,216.93,6799.16,INR,0,2.31,15kg,True
OBS002083,2026-06-13T00:00:00,cleartrip,IndiGo,CCU,DEL,2026-07-03,2026-06-13,Economy,NonRefundable,6241.94,749.03,287.95,7278.92,INR,0,3.4,20kg,True
OBS002084,2026-07-03T00:00:00,mmt,SpiceJet,CCU,DEL,2026-07-23,2026-07-03,PremiumEconomy,NonRefundable,6058.06,726.97,213.79,6998.82,INR,0,3.63,15kg,True
OBS002085,2026-07-08T00:00:00,mmt,IndiGo,CCU,DEL,2026-07-18,2026-07-08,Economy,NonRefundable,6715.65,805.88,210.34,7731.87,INR,0,4.4,25kg,True
OBS002086,2026-06-09T00:00:00,goibibo,AirIndia,CCU,DEL,2026-07-19,2026-06-09,Economy,Refundable,7233.77,868.05,311.45,8413.27,INR,1,2.44,20kg,True
OBS002087,2026-07-14T00:00:00,airline_site,AirIndia,BLR,BOM,2026-07-24,2026-07-14,PremiumEconomy,NonRefundable,5139.07,616.69,388.14,6143.9,INR,0,2.12,15kg,True
OBS002088,2026-05-17T00:00:00,mmt,AirIndia,BLR,BOM,2026-07-26,2026-05-17,PremiumEconomy,Refundable,4455.21,534.62,359.57,5349.4,INR,0,4.17,15kg,False
OBS002089,2026-06-24T00:00:00,airline_site,IndiGo,BLR,BOM,2026-07-14,2026-06-24,PremiumEconomy,NonRefundable,4547.13,545.66,239.52,5332.31,INR,0,2.28,25kg,True
OBS002090,2026-04-30T00:00:00,cleartrip,Vistara,BLR,BOM,2026-07-09,2026-04-30,Economy,Refundable,4846.8,581.62,250.9,5679.32,INR,0,2.01,20kg,True
OBS002091,2026-07-10T00:00:00,cleartrip,AirIndia,BLR,BOM,2026-07-15,2026-07-10,PremiumEconomy,Refundable,5611.89,673.43,258.57,6543.89,INR,0,3.01,15kg,False
OBS002092,2026-07-23T00:00:00,airline_site,Akasa,BLR,BOM,2026-07-25,2026-07-23,PremiumEconomy,NonRefundable,4542.65,545.12,244.9,5332.67,INR,0,2.37,15kg,True
OBS002093,2026-06-06T00:00:00,airline_site,Vistara,BLR,BOM,2026-07-16,2026-06-06,Economy,Refundable,3830.94,459.71,215.68,4506.33,INR,0,4.26,25kg,True
OBS002094,2026-06-29T00:00:00,cleartrip,Vistara,BLR,BOM,2026-07-01,2026-06-29,Economy,Refundable,5594.7,671.36,335.74,6601.8,INR,0,3.77,25kg,True
OBS002095,2026-07-08T00:00:00,mmt,Akasa,BLR,BOM,2026-07-18,2026-07-08,Economy,NonRefundable,4509.3,541.12,377.65,5428.07,INR,1,3.69,15kg,True
OBS002096,2026-07-04T00:00:00,airline_site,Vistara,BLR,BOM,2026-07-09,2026-07-04,PremiumEconomy,NonRefundable,5113.58,613.63,219.0,5946.21,INR,0,1.69,15kg,True
OBS002097,2026-05-30T00:00:00,cleartrip,AirIndia,BLR,BOM,2026-07-09,2026-05-30,Economy,Refundable,4556.96,546.84,279.26,5383.06,INR,0,2.16,25kg,True
OBS002098,2026-07-08T00:00:00,goibibo,SpiceJet,BLR,BOM,2026-07-10,2026-07-08,Economy,Refundable,4826.04,579.12,260.2,5665.36,INR,0,3.5,20kg,True
OBS002099,2026-07-01T00:00:00,airline_site,Vistara,BLR,BOM,2026-07-02,2026-07-01,Economy,Refundable,5262.62,631.51,391.26,6285.39,INR,0,1.5,15kg,True
OBS002100,2026-06-28T00:00:00,goibibo,AirIndia,BLR,BOM,2026-07-08,2026-06-28,Economy,Refundable,4283.42,514.01,270.35,5067.78,INR,1,3.83,15kg,False
OBS002101,2026-07-03T00:00:00,goibibo,Vistara,BLR,BOM,2026-07-04,2026-07-03,Economy,NonRefundable,5024.68,602.96,281.13,5908.77,INR,1,3.97,20kg,True
OBS002102,2026-04-26T00:00:00,mmt,AirIndia,BLR,BOM,2026-07-05,2026-04-26,Economy,NonRefundable,4236.74,508.41,256.95,5002.1,INR,0,1.79,25kg,True
OBS002103,2026-06-21T00:00:00,goibibo,Vistara,BLR,BOM,2026-07-01,2026-06-21,PremiumEconomy,Refundable,4984.72,598.17,163.56,5746.45,INR,0,4.22,15kg,True
OBS002104,2026-05-31T00:00:00,cleartrip,AirIndia,BLR,BOM,2026-07-10,2026-05-31,Economy,NonRefundable,4526.05,543.13,173.89,5243.07,INR,1,2.79,15kg,True
OBS002105,2026-06-28T00:00:00,airline_site,SpiceJet,BLR,BOM,2026-07-03,2026-06-28,PremiumEconomy,Refundable,4853.09,582.37,185.42,5620.88,INR,0,4.0,25kg,True
OBS002106,2026-07-03T00:00:00,cleartrip,IndiGo,BLR,BOM,2026-07-05,2026-07-03,Economy,NonRefundable,5795.1,695.41,363.22,6853.73,INR,0,4.07,25kg,True
OBS002107,2026-05-27T00:00:00,airline_site,IndiGo,BLR,BOM,2026-07-06,2026-05-27,Economy,Refundable,4633.46,556.02,184.96,5374.44,INR,0,3.7,20kg,True
OBS002108,2026-07-05T00:00:00,mmt,AirIndia,BLR,BOM,2026-07-07,2026-07-05,Economy,NonRefundable,5649.63,677.96,293.97,6621.56,INR,0,2.91,15kg,True
OBS002109,2026-07-04T00:00:00,goibibo,Vistara,BLR,BOM,2026-07-06,2026-07-04,PremiumEconomy,Refundable,5250.08,630.01,358.1,6238.19,INR,0,2.2,25kg,False
OBS002110,2026-05-01T00:00:00,goibibo,SpiceJet,BLR,BOM,2026-07-10,2026-05-01,Economy,Refundable,4205.77,504.69,351.04,5061.5,INR,0,3.13,20kg,False
OBS002111,2026-07-02T00:00:00,cleartrip,AirIndia,BLR,BOM,2026-07-07,2026-07-02,PremiumEconomy,NonRefundable,5145.86,617.5,352.56,6115.92,INR,1,3.26,15kg,True
OBS002112,2026-07-02T00:00:00,cleartrip,AirIndia,BLR,BOM,2026-07-22,2026-07-02,PremiumEconomy,Refundable,4585.08,550.21,287.54,5422.83,INR,0,2.54,15kg,True
OBS002113,2026-07-21T00:00:00,cleartrip,Akasa,BLR,BOM,2026-07-23,2026-07-21,Economy,NonRefundable,6481.59,777.79,251.07,7510.45,INR,1,3.72,20kg,True
OBS002114,2026-05-03T00:00:00,airline_site,Akasa,BLR,BOM,2026-07-12,2026-05-03,PremiumEconomy,NonRefundable,4461.24,535.35,211.57,5208.16,INR,0,1.55,20kg,True
OBS002115,2026-07-06T00:00:00,cleartrip,SpiceJet,BLR,BOM,2026-07-08,2026-07-06,PremiumEconomy,NonRefundable,4824.47,578.94,242.72,5646.13,INR,1,3.57,25kg,True
OBS002116,2026-07-09T00:00:00,goibibo,AirIndia,BLR,BOM,2026-07-11,2026-07-09,PremiumEconomy,Refundable,5600.4,672.05,290.3,6562.75,INR,0,2.16,25kg,False
OBS002117,2026-06-26T00:00:00,mmt,SpiceJet,BLR,BOM,2026-07-16,2026-06-26,PremiumEconomy,Refundable,4576.28,549.15,268.71,5394.14,INR,0,2.27,15kg,True
OBS002118,2026-06-24T00:00:00,goibibo,AirIndia,BLR,BOM,2026-07-14,2026-06-24,Economy,NonRefundable,4614.36,553.72,232.13,5400.21,INR,0,2.5,25kg,True
OBS002119,2026-06-20T00:00:00,airline_site,SpiceJet,BLR,BOM,2026-07-10,2026-06-20,Economy,NonRefundable,3976.01,477.12,303.98,4757.11,INR,0,3.42,25kg,True
OBS002120,2026-06-24T00:00:00,mmt,SpiceJet,BLR,BOM,2026-07-04,2026-06-24,Economy,Refundable,4847.57,581.71,374.23,5803.51,INR,0,1.28,15kg,False
OBS002121,2026-06-25T00:00:00,airline_site,IndiGo,BLR,BOM,2026-07-05,2026-06-25,PremiumEconomy,NonRefundable,5290.0,634.8,343.75,6268.55,INR,1,4.36,25kg,True
OBS002122,2026-07-16T00:00:00,cleartrip,Akasa,BLR,BOM,2026-07-18,2026-07-16,Economy,Refundable,5519.24,662.31,246.65,6428.2,INR,0,4.43,20kg,False
OBS002123,2026-07-24T00:00:00,goibibo,AirIndia,BLR,BOM,2026-07-26,2026-07-24,PremiumEconomy,NonRefundable,4987.14,598.46,343.32,5928.92,INR,0,3.67,25kg,True
OBS002124,2026-05-04T00:00:00,cleartrip,SpiceJet,BLR,BOM,2026-07-13,2026-05-04,Economy,Refundable,4313.71,517.64,325.63,5156.98,INR,0,2.72,25kg,True
OBS002125,2026-06-29T00:00:00,airline_site,IndiGo,BLR,BOM,2026-07-01,2026-06-29,Economy,NonRefundable,4848.25,581.79,276.41,5706.45,INR,1,3.57,25kg,False
OBS002126,2026-08-10T00:00:00,airline_site,SpiceJet,BLR,DEL,2026-08-20,2026-08-10,Economy,Refundable,8136.26,976.35,262.87,9375.48,INR,0,1.93,15kg,True
OBS002127,2026-07-25T00:00:00,airline_site,IndiGo,BLR,DEL,2026-08-04,2026-07-25,PremiumEconomy,Refundable,8092.18,971.06,343.34,9406.58,INR,0,3.61,15kg,True
OBS002128,2026-08-05T00:00:00,cleartrip,AirIndia,BLR,DEL,2026-08-07,2026-08-05,PremiumEconomy,NonRefundable,8909.82,1069.18,207.91,10186.91,INR,1,3.37,15kg,True
OBS002129,2026-06-09T00:00:00,cleartrip,IndiGo,BLR,DEL,2026-08-18,2026-06-09,Economy,Refundable,7358.31,883.0,290.84,8532.15,INR,1,2.83,15kg,True
OBS002130,2026-07-29T00:00:00,airline_site,IndiGo,BLR,DEL,2026-08-03,2026-07-29,PremiumEconomy,Refundable,8308.09,996.97,377.18,9682.24,INR,0,3.11,25kg,True
OBS002131,2026-08-24T00:00:00,mmt,IndiGo,BLR,DEL,2026-08-25,2026-08-24,Economy,NonRefundable,9192.65,1103.12,374.74,10670.51,INR,1,4.26,20kg,True
OBS002132,2026-08-23T00:00:00,airline_site,AirIndia,BLR,DEL,2026-08-24,2026-08-23,PremiumEconomy,Refundable,8798.48,1055.82,369.04,10223.34,INR,0,4.35,15kg,True
OBS002133,2026-07-08T00:00:00,mmt,IndiGo,BLR,DEL,2026-08-17,2026-07-08,Economy,NonRefundable,7664.9,919.79,215.28,8799.97,INR,0,1.45,15kg,False
OBS002134,2026-07-10T00:00:00,airline_site,AirIndia,BLR,DEL,2026-08-19,2026-07-10,PremiumEconomy,Refundable,7020.03,842.4,174.04,8036.47,INR,0,2.27,20kg,True
OBS002135,2026-07-19T00:00:00,mmt,IndiGo,BLR,DEL,2026-08-28,2026-07-19,PremiumEconomy,Refundable,7976.47,957.18,179.0,9112.65,INR,0,2.2,20kg,True
OBS002136,2026-07-17T00:00:00,airline_site,Vistara,BLR,DEL,2026-08-06,2026-07-17,Economy,Refundable,6534.75,784.17,288.91,7607.83,INR,0,3.97,20kg,True
OBS002137,2026-08-09T00:00:00,mmt,SpiceJet,BLR,DEL,2026-08-11,2026-08-09,PremiumEconomy,NonRefundable,9847.98,1181.76,168.77,11198.51,INR,1,2.46,20kg,True
OBS002138,2026-08-19T00:00:00,airline_site,IndiGo,BLR,DEL,2026-08-20,2026-08-19,PremiumEconomy,NonRefundable,7749.86,929.98,209.71,8889.55,INR,0,3.37,20kg,True
OBS002139,2026-08-06T00:00:00,airline_site,Vistara,BLR,DEL,2026-08-26,2026-08-06,PremiumEconomy,Refundable,7567.51,908.1,310.35,8785.96,INR,0,3.54,15kg,True
OBS002140,2026-08-02T00:00:00,goibibo,AirIndia,BLR,DEL,2026-08-07,2026-08-02,PremiumEconomy,Refundable,8186.92,982.43,162.85,9332.2,INR,1,3.01,20kg,True
OBS002141,2026-08-01T00:00:00,airline_site,IndiGo,BLR,DEL,2026-08-06,2026-08-01,Economy,NonRefundable,8621.9,1034.63,334.9,9991.43,INR,0,2.81,15kg,False
OBS002142,2026-07-30T00:00:00,cleartrip,Akasa,BLR,DEL,2026-08-19,2026-07-30,PremiumEconomy,NonRefundable,7968.5,956.22,299.3,9224.02,INR,1,3.19,25kg,True
OBS002143,2026-08-01T00:00:00,cleartrip,SpiceJet,BLR,DEL,2026-08-02,2026-08-01,PremiumEconomy,NonRefundable,7994.87,959.38,307.17,9261.42,INR,1,1.89,20kg,True
OBS002144,2026-05-27T00:00:00,goibibo,IndiGo,BLR,DEL,2026-08-05,2026-05-27,PremiumEconomy,Refundable,7780.99,933.72,397.63,9112.34,INR,1,2.53,25kg,True
OBS002145,2026-08-08T00:00:00,airline_site,IndiGo,BLR,DEL,2026-08-13,2026-08-08,Economy,NonRefundable,8825.2,1059.02,152.0,10036.22,INR,0,1.57,15kg,True
OBS002146,2026-08-17T00:00:00,goibibo,AirIndia,BLR,DEL,2026-08-27,2026-08-17,PremiumEconomy,Refundable,7746.2,929.54,277.31,8953.05,INR,1,3.77,15kg,True
OBS002147,2026-06-22T00:00:00,airline_site,Vistara,BLR,DEL,2026-08-01,2026-06-22,Economy,NonRefundable,7806.19,936.74,285.37,9028.3,INR,0,2.97,15kg,False
OBS002148,2026-08-04T00:00:00,airline_site,IndiGo,DEL,BOM,2026-08-06,2026-08-04,PremiumEconomy,Refundable,5863.64,703.64,275.38,6842.66,INR,0,1.96,25kg,True
OBS002149,2026-08-04T00:00:00,goibibo,Vistara,DEL,BOM,2026-08-06,2026-08-04,Economy,Refundable,5559.92,667.19,284.01,6511.12,INR,0,4.5,25kg,True
OBS002150,2026-08-01T00:00:00,airline_site,Akasa,DEL,BOM,2026-08-02,2026-08-01,PremiumEconomy,NonRefundable,5863.39,703.61,218.23,6785.23,INR,0,1.95,15kg,True
OBS002151,2026-08-03T00:00:00,cleartrip,AirIndia,DEL,BOM,2026-08-08,2026-08-03,PremiumEconomy,NonRefundable,5272.9,632.75,386.42,6292.07,INR,0,1.74,25kg,True
OBS002152,2026-08-26T00:00:00,goibibo,Vistara,DEL,BOM,2026-08-27,2026-08-26,Economy,NonRefundable,5220.45,626.45,347.89,6194.79,INR,1,3.04,15kg,False
OBS002153,2026-08-15T00:00:00,airline_site,IndiGo,DEL,BOM,2026-08-17,2026-08-15,PremiumEconomy,Refundable,6988.37,838.6,154.3,7981.27,INR,0,4.2,25kg,True
OBS002154,2026-08-03T00:00:00,cleartrip,AirIndia,DEL,BOM,2026-08-08,2026-08-03,Economy,NonRefundable,5887.66,706.52,169.3,6763.48,INR,0,2.75,20kg,False
OBS002155,2026-07-01T00:00:00,airline_site,Akasa,DEL,BOM,2026-08-10,2026-07-01,Economy,Refundable,5177.02,621.24,159.1,5957.36,INR,1,1.93,20kg,False
OBS002156,2026-07-09T00:00:00,airline_site,AirIndia,DEL,BOM,2026-08-18,2026-07-09,PremiumEconomy,Refundable,4879.12,585.49,327.59,5792.2,INR,0,1.52,25kg,False
OBS002157,2026-08-07T00:00:00,cleartrip,Vistara,DEL,BOM,2026-08-09,2026-08-07,PremiumEconomy,NonRefundable,6133.69,736.04,293.93,7163.66,INR,1,3.79,25kg,True
OBS002158,2026-06-14T00:00:00,cleartrip,AirIndia,DEL,BOM,2026-08-23,2026-06-14,Economy,NonRefundable,4653.3,558.4,155.21,5366.91,INR,1,3.07,15kg,True
OBS002159,2026-08-10T00:00:00,goibibo,IndiGo,DEL,BOM,2026-08-12,2026-08-10,Economy,NonRefundable,5078.5,609.42,257.29,5945.21,INR,0,2.59,15kg,True
OBS002160,2026-06-06T00:00:00,goibibo,IndiGo,DEL,BOM,2026-08-15,2026-06-06,Economy,NonRefundable,4930.2,591.62,218.34,5740.16,INR,0,1.67,20kg,True
OBS002161,2026-07-29T00:00:00,airline_site,AirIndia,DEL,BOM,2026-08-08,2026-07-29,PremiumEconomy,Refundable,5238.05,628.57,296.94,6163.56,INR,0,2.89,15kg,False
OBS002162,2026-08-14T00:00:00,mmt,Akasa,DEL,BOM,2026-08-24,2026-08-14,PremiumEconomy,NonRefundable,5182.94,621.95,303.99,6108.88,INR,0,2.19,20kg,True
OBS002163,2026-06-02T00:00:00,mmt,AirIndia,DEL,BOM,2026-08-11,2026-06-02,Economy,NonRefundable,5058.69,607.04,220.5,5886.23,INR,0,1.9,25kg,True
OBS002164,2026-08-24T00:00:00,goibibo,AirIndia,DEL,BOM,2026-08-25,2026-08-24,PremiumEconomy,Refundable,5953.12,714.37,218.48,6885.97,INR,0,2.33,20kg,True
OBS002165,2026-07-22T00:00:00,airline_site,SpiceJet,DEL,BOM,2026-08-11,2026-07-22,Economy,NonRefundable,4786.14,574.34,361.46,5721.94,INR,1,1.25,20kg,True
OBS002166,2026-08-02T00:00:00,mmt,AirIndia,DEL,BOM,2026-08-12,2026-08-02,Economy,NonRefundable,5722.24,686.67,165.36,6574.27,INR,0,2.38,15kg,True
OBS002167,2026-07-02T00:00:00,mmt,IndiGo,DEL,BOM,2026-08-11,2026-07-02,PremiumEconomy,Refundable,4308.04,516.96,281.34,5106.34,INR,0,3.2,20kg,True
OBS002168,2026-08-03T00:00:00,goibibo,AirIndia,DEL,BOM,2026-08-23,2026-08-03,Economy,NonRefundable,4847.44,581.69,300.02,5729.15,INR,0,4.34,25kg,True
OBS002169,2026-08-25T00:00:00,mmt,IndiGo,DEL,BOM,2026-08-27,2026-08-25,PremiumEconomy,Refundable,6122.83,734.74,266.0,7123.57,INR,0,4.17,20kg,True
OBS002170,2026-06-07T00:00:00,airline_site,SpiceJet,DEL,BOM,2026-08-16,2026-06-07,Economy,Refundable,5048.18,605.78,397.63,6051.59,INR,0,3.68,15kg,True
OBS002171,2026-08-25T00:00:00,cleartrip,IndiGo,DEL,BOM,2026-08-27,2026-08-25,Economy,Refundable,5445.55,653.47,225.52,6324.54,INR,0,2.58,25kg,True
OBS002172,2026-07-15T00:00:00,mmt,AirIndia,DEL,BOM,2026-08-04,2026-07-15,PremiumEconomy,Refundable,4775.62,573.07,209.84,5558.53,INR,1,3.19,15kg,True
OBS002173,2026-07-31T00:00:00,cleartrip,SpiceJet,DEL,BOM,2026-08-01,2026-07-31,Economy,NonRefundable,5812.96,697.56,295.44,6805.96,INR,0,1.81,20kg,False
OBS002174,2026-07-14T00:00:00,goibibo,IndiGo,DEL,BOM,2026-08-23,2026-07-14,PremiumEconomy,NonRefundable,4816.49,577.98,319.25,5713.72,INR,0,1.21,20kg,True
OBS002175,2026-08-07T00:00:00,mmt,AirIndia,DEL,BOM,2026-08-08,2026-08-07,Economy,Refundable,5813.29,697.59,331.74,6842.62,INR,1,3.35,20kg,False
OBS002176,2026-08-06T00:00:00,cleartrip,Vistara,DEL,BOM,2026-08-26,2026-08-06,PremiumEconomy,NonRefundable,5700.84,684.1,342.09,6727.03,INR,1,3.62,15kg,False
OBS002177,2026-05-23T00:00:00,cleartrip,AirIndia,DEL,BOM,2026-08-01,2026-05-23,Economy,Refundable,4985.32,598.24,386.25,5969.81,INR,1,4.41,20kg,False
OBS002178,2026-08-13T00:00:00,cleartrip,AirIndia,DEL,BOM,2026-08-23,2026-08-13,PremiumEconomy,NonRefundable,4734.07,568.09,235.0,5537.16,INR,0,1.61,25kg,True
OBS002179,2026-08-17T00:00:00,airline_site,SpiceJet,DEL,BOM,2026-08-18,2026-08-17,Economy,Refundable,6299.36,755.92,269.2,7324.48,INR,0,1.64,15kg,True
OBS002180,2026-08-03T00:00:00,goibibo,IndiGo,DEL,BOM,2026-08-13,2026-08-03,PremiumEconomy,NonRefundable,4766.7,572.0,306.52,5645.22,INR,1,1.87,15kg,True
OBS002181,2026-06-28T00:00:00,airline_site,AirIndia,BOM,BLR,2026-08-07,2026-06-28,PremiumEconomy,NonRefundable,3118.41,374.21,296.44,3789.06,INR,0,2.57,20kg,True
OBS002182,2026-07-29T00:00:00,cleartrip,AirIndia,BOM,BLR,2026-08-03,2026-07-29,Economy,Refundable,3962.86,475.54,361.45,4799.85,INR,0,4.3,15kg,False
OBS002183,2026-08-22T00:00:00,mmt,AirIndia,BOM,BLR,2026-08-27,2026-08-22,Economy,Refundable,3963.07,475.57,338.09,4776.73,INR,0,2.06,20kg,False
OBS002184,2026-07-24T00:00:00,goibibo,Akasa,BOM,BLR,2026-08-13,2026-07-24,PremiumEconomy,Refundable,3256.05,390.73,202.17,3848.95,INR,1,3.38,15kg,False
OBS002185,2026-08-09T00:00:00,mmt,Akasa,BOM,BLR,2026-08-14,2026-08-09,Economy,Refundable,3340.97,400.92,235.21,3977.1,INR,0,1.52,20kg,True
OBS002186,2026-08-17T00:00:00,mmt,SpiceJet,BOM,BLR,2026-08-27,2026-08-17,PremiumEconomy,NonRefundable,3410.53,409.26,350.96,4170.75,INR,0,2.62,15kg,True
OBS002187,2026-05-25T00:00:00,cleartrip,AirIndia,BOM,BLR,2026-08-03,2026-05-25,Economy,NonRefundable,3570.24,428.43,219.91,4218.58,INR,0,3.42,20kg,False
OBS002188,2026-08-10T00:00:00,cleartrip,Akasa,BOM,BLR,2026-08-20,2026-08-10,PremiumEconomy,NonRefundable,3816.72,458.01,394.36,4669.09,INR,1,1.73,20kg,True
OBS002189,2026-08-18T00:00:00,mmt,Vistara,BOM,BLR,2026-08-23,2026-08-18,Economy,NonRefundable,3961.08,475.33,251.7,4688.11,INR,0,4.4,20kg,True
OBS002190,2026-07-24T00:00:00,airline_site,AirIndia,BOM,BLR,2026-08-13,2026-07-24,Economy,NonRefundable,3411.13,409.34,382.2,4202.67,INR,0,3.68,20kg,False
OBS002191,2026-07-17T00:00:00,goibibo,Akasa,BOM,BLR,2026-08-06,2026-07-17,Economy,NonRefundable,3889.05,466.69,325.54,4681.28,INR,0,4.06,15kg,True
OBS002192,2026-08-18T00:00:00,cleartrip,IndiGo,BOM,BLR,2026-08-19,2026-08-18,Economy,Refundable,3951.89,474.23,225.29,4651.41,INR,0,2.17,20kg,False
OBS002193,2026-06-09T00:00:00,airline_site,Vistara,BOM,BLR,2026-08-18,2026-06-09,PremiumEconomy,NonRefundable,3260.29,391.23,317.03,3968.55,INR,1,4.03,15kg,True
OBS002194,2026-05-26T00:00:00,airline_site,SpiceJet,BOM,BLR,2026-08-04,2026-05-26,Economy,Refundable,2956.71,354.81,279.94,3591.46,INR,0,3.34,25kg,True
OBS002195,2026-07-29T00:00:00,mmt,AirIndia,BOM,BLR,2026-08-03,2026-07-29,Economy,NonRefundable,3475.02,417.0,386.71,4278.73,INR,0,3.49,25kg,True
OBS002196,2026-08-10T00:00:00,goibibo,SpiceJet,BOM,BLR,2026-08-11,2026-08-10,PremiumEconomy,NonRefundable,4283.1,513.97,329.44,5126.51,INR,0,2.5,20kg,True
OBS002197,2026-08-20T00:00:00,goibibo,AirIndia,BOM,BLR,2026-08-22,2026-08-20,Economy,Refundable,4417.41,530.09,352.0,5299.5,INR,0,4.46,15kg,True
OBS002198,2026-06-18T00:00:00,cleartrip,Akasa,BOM,BLR,2026-08-27,2026-06-18,PremiumEconomy,Refundable,3067.4,368.09,162.25,3597.74,INR,1,3.9,25kg,True
OBS002199,2026-05-29T00:00:00,goibibo,IndiGo,BOM,BLR,2026-08-07,2026-05-29,Economy,NonRefundable,3587.54,430.51,318.92,4336.97,INR,1,3.59,25kg,True
OBS002200,2026-08-21T00:00:00,cleartrip,Vistara,BOM,BLR,2026-08-23,2026-08-21,PremiumEconomy,NonRefundable,4703.03,564.36,245.3,5512.69,INR,0,1.28,20kg,False
OBS002201,2026-07-20T00:00:00,mmt,Vistara,BOM,BLR,2026-08-09,2026-07-20,PremiumEconomy,Refundable,3442.22,413.07,366.77,4222.06,INR,0,2.43,25kg,True
OBS002202,2026-08-02T00:00:00,cleartrip,SpiceJet,BOM,BLR,2026-08-03,2026-08-02,Economy,NonRefundable,4031.34,483.76,374.73,4889.83,INR,0,3.8,25kg,True
OBS002203,2026-08-17T00:00:00,airline_site,Vistara,BOM,BLR,2026-08-18,2026-08-17,PremiumEconomy,Refundable,4220.58,506.47,277.39,5004.44,INR,0,2.13,20kg,True
OBS002204,2026-07-29T00:00:00,cleartrip,IndiGo,BOM,BLR,2026-08-03,2026-07-29,Economy,NonRefundable,4303.84,516.46,251.42,5071.72,INR,0,2.92,25kg,True
OBS002205,2026-07-08T00:00:00,airline_site,AirIndia,DEL,HYD,2026-08-17,2026-07-08,Economy,Refundable,7161.49,859.38,229.93,8250.8,INR,0,4.24,25kg,True
OBS002206,2026-08-08T00:00:00,goibibo,SpiceJet,DEL,HYD,2026-08-13,2026-08-08,PremiumEconomy,Refundable,8556.38,1026.77,261.84,9844.99,INR,0,4.37,25kg,True
OBS002207,2026-07-26T00:00:00,mmt,SpiceJet,DEL,HYD,2026-08-05,2026-07-26,Economy,NonRefundable,7705.22,924.63,251.2,8881.05,INR,0,1.55,25kg,False
OBS002208,2026-06-05T00:00:00,goibibo,IndiGo,DEL,HYD,2026-08-14,2026-06-05,Economy,NonRefundable,6261.8,751.42,279.34,7292.56,INR,1,2.65,25kg,True
OBS002209,2026-08-20T00:00:00,cleartrip,IndiGo,DEL,HYD,2026-08-22,2026-08-20,PremiumEconomy,Refundable,8465.0,1015.8,367.45,9848.25,INR,0,1.83,20kg,True
OBS002210,2026-08-14T00:00:00,goibibo,AirIndia,DEL,HYD,2026-08-19,2026-08-14,PremiumEconomy,Refundable,8214.75,985.77,255.5,9456.02,INR,0,4.34,15kg,True
OBS002211,2026-08-08T00:00:00,goibibo,Vistara,DEL,HYD,2026-08-10,2026-08-08,Economy,Refundable,7587.47,910.5,173.57,8671.54,INR,0,2.98,20kg,False
OBS002212,2026-07-25T00:00:00,mmt,IndiGo,DEL,HYD,2026-08-14,2026-07-25,Economy,Refundable,7598.94,911.87,271.22,8782.03,INR,0,3.8,20kg,True
OBS002213,2026-05-28T00:00:00,mmt,Vistara,DEL,HYD,2026-08-06,2026-05-28,PremiumEconomy,Refundable,6435.11,772.21,246.06,7453.38,INR,0,3.88,25kg,True
OBS002214,2026-08-01T00:00:00,cleartrip,Vistara,DEL,HYD,2026-08-06,2026-08-01,PremiumEconomy,Refundable,8188.38,982.61,181.45,9352.44,INR,0,1.21,25kg,False
OBS002215,2026-08-25T00:00:00,goibibo,AirIndia,DEL,HYD,2026-08-27,2026-08-25,Economy,NonRefundable,8410.22,1009.23,379.02,9798.47,INR,0,3.03,25kg,True
OBS002216,2026-06-07T00:00:00,goibibo,IndiGo,DEL,HYD,2026-08-16,2026-06-07,Economy,NonRefundable,7036.75,844.41,268.78,8149.94,INR,0,2.25,25kg,False
OBS002217,2026-08-01T00:00:00,airline_site,IndiGo,DEL,HYD,2026-08-21,2026-08-01,PremiumEconomy,Refundable,7392.97,887.16,345.06,8625.19,INR,0,1.44,15kg,True
OBS002218,2026-08-03T00:00:00,cleartrip,SpiceJet,DEL,HYD,2026-08-05,2026-08-03,Economy,Refundable,8123.29,974.79,223.8,9321.88,INR,0,3.64,20kg,False
OBS002219,2026-08-15T00:00:00,goibibo,IndiGo,DEL,HYD,2026-08-16,2026-08-15,PremiumEconomy,Refundable,8498.47,1019.82,345.93,9864.22,INR,1,2.4,25kg,False
OBS002220,2026-06-03T00:00:00,goibibo,SpiceJet,DEL,HYD,2026-08-12,2026-06-03,PremiumEconomy,Refundable,5992.06,719.05,249.69,6960.8,INR,1,2.93,15kg,True
OBS002221,2026-06-01T00:00:00,mmt,AirIndia,DEL,HYD,2026-08-10,2026-06-01,PremiumEconomy,Refundable,7051.31,846.16,328.35,8225.82,INR,1,3.45,20kg,True
OBS002222,2026-08-15T00:00:00,mmt,AirIndia,DEL,HYD,2026-08-25,2026-08-15,Economy,Refundable,7597.53,911.7,306.04,8815.27,INR,0,2.0,25kg,True
OBS002223,2026-08-14T00:00:00,goibibo,IndiGo,DEL,HYD,2026-08-15,2026-08-14,Economy,NonRefundable,8081.99,969.84,317.94,9369.77,INR,1,3.8,25kg,True
OBS002224,2026-07-29T00:00:00,airline_site,IndiGo,DEL,HYD,2026-08-03,2026-07-29,Economy,NonRefundable,8415.71,1009.89,159.29,9584.89,INR,0,2.58,15kg,True
OBS002225,2026-07-26T00:00:00,cleartrip,SpiceJet,DEL,HYD,2026-08-05,2026-07-26,PremiumEconomy,NonRefundable,7032.59,843.91,202.23,8078.73,INR,0,1.93,20kg,True
OBS002226,2026-08-02T00:00:00,mmt,IndiGo,DEL,HYD,2026-08-12,2026-08-02,PremiumEconomy,NonRefundable,8120.58,974.47,373.61,9468.66,INR,1,3.08,20kg,False
OBS002227,2026-06-29T00:00:00,cleartrip,AirIndia,DEL,HYD,2026-08-08,2026-06-29,Economy,Refundable,6478.98,777.48,308.39,7564.85,INR,0,1.5,20kg,True
OBS002228,2026-07-18T00:00:00,cleartrip,AirIndia,DEL,HYD,2026-08-27,2026-07-18,Economy,NonRefundable,7042.33,845.08,251.92,8139.33,INR,1,2.98,20kg,True
OBS002229,2026-08-14T00:00:00,airline_site,AirIndia,DEL,HYD,2026-08-24,2026-08-14,Economy,NonRefundable,7246.34,869.56,159.85,8275.75,INR,0,1.48,25kg,False
OBS002230,2026-08-25T00:00:00,airline_site,Akasa,DEL,HYD,2026-08-26,2026-08-25,PremiumEconomy,NonRefundable,7949.63,953.96,229.91,9133.5,INR,0,3.92,20kg,True
OBS002231,2026-07-04T00:00:00,mmt,AirIndia,DEL,HYD,2026-08-13,2026-07-04,PremiumEconomy,NonRefundable,7118.4,854.21,311.24,8283.85,INR,0,2.46,25kg,True
OBS002232,2026-08-25T00:00:00,airline_site,IndiGo,DEL,HYD,2026-08-26,2026-08-25,Economy,Refundable,8660.34,1039.24,172.35,9871.93,INR,0,1.42,20kg,True
OBS002233,2026-08-21T00:00:00,mmt,Vistara,BLR,HYD,2026-08-26,2026-08-21,PremiumEconomy,Refundable,5240.93,628.91,161.21,6031.05,INR,0,2.99,25kg,True
OBS002234,2026-07-11T00:00:00,mmt,IndiGo,BLR,HYD,2026-08-20,2026-07-11,PremiumEconomy,Refundable,4015.79,481.9,162.64,4660.33,INR,1,2.58,15kg,True
OBS002235,2026-08-15T00:00:00,airline_site,AirIndia,BLR,HYD,2026-08-25,2026-08-15,Economy,NonRefundable,4260.03,511.2,310.67,5081.9,INR,0,2.35,25kg,True
OBS002236,2026-08-15T00:00:00,cleartrip,SpiceJet,BLR,HYD,2026-08-25,2026-08-15,Economy,NonRefundable,4901.06,588.13,373.53,5862.72,INR,0,1.44,15kg,True
OBS002237,2026-07-03T00:00:00,mmt,IndiGo,BLR,HYD,2026-08-12,2026-07-03,PremiumEconomy,NonRefundable,4127.75,495.33,344.94,4968.02,INR,0,3.2,25kg,True
OBS002238,2026-08-04T00:00:00,airline_site,Vistara,BLR,HYD,2026-08-05,2026-08-04,Economy,NonRefundable,5120.78,614.49,289.42,6024.69,INR,0,2.77,20kg,True
OBS002239,2026-08-20T00:00:00,goibibo,SpiceJet,BLR,HYD,2026-08-21,2026-08-20,Economy,NonRefundable,5216.2,625.94,353.07,6195.21,INR,1,2.51,15kg,True
OBS002240,2026-08-12T00:00:00,cleartrip,IndiGo,BLR,HYD,2026-08-14,2026-08-12,Economy,NonRefundable,4949.28,593.91,258.11,5801.3,INR,0,2.72,20kg,True
OBS002241,2026-08-17T00:00:00,airline_site,Akasa,BLR,HYD,2026-08-19,2026-08-17,Economy,NonRefundable,5317.84,638.14,260.96,6216.94,INR,1,1.48,20kg,True
OBS002242,2026-08-04T00:00:00,airline_site,SpiceJet,BLR,HYD,2026-08-06,2026-08-04,PremiumEconomy,Refundable,5542.35,665.08,287.57,6495.0,INR,0,3.07,15kg,True
OBS002243,2026-08-06T00:00:00,cleartrip,Akasa,BLR,HYD,2026-08-11,2026-08-06,PremiumEconomy,NonRefundable,4620.52,554.46,188.07,5363.05,INR,0,1.28,15kg,True
OBS002244,2026-08-04T00:00:00,airline_site,IndiGo,BLR,HYD,2026-08-24,2026-08-04,PremiumEconomy,Refundable,4079.85,489.58,156.16,4725.59,INR,1,1.56,20kg,True
OBS002245,2026-07-27T00:00:00,mmt,Akasa,BLR,HYD,2026-08-16,2026-07-27,PremiumEconomy,NonRefundable,3963.37,475.6,388.35,4827.32,INR,0,3.84,25kg,False
OBS002246,2026-06-24T00:00:00,cleartrip,Akasa,BLR,HYD,2026-08-03,2026-06-24,PremiumEconomy,Refundable,4131.93,495.83,178.54,4806.3,INR,0,4.08,20kg,True
OBS002247,2026-06-22T00:00:00,mmt,Akasa,BLR,HYD,2026-08-01,2026-06-22,PremiumEconomy,NonRefundable,4141.12,496.93,298.59,4936.64,INR,0,3.31,15kg,True
OBS002248,2026-08-20T00:00:00,mmt,IndiGo,BLR,HYD,2026-08-21,2026-08-20,Economy,Refundable,5010.55,601.27,343.49,5955.31,INR,0,2.32,15kg,True
OBS002249,2026-08-01T00:00:00,mmt,Akasa,BLR,HYD,2026-08-21,2026-08-01,Economy,NonRefundable,3978.11,477.37,273.35,4728.83,INR,0,1.69,15kg,True
OBS002250,2026-05-30T00:00:00,mmt,IndiGo,BLR,HYD,2026-08-08,2026-05-30,Economy,NonRefundable,4665.43,559.85,197.26,5422.54,INR,0,4.13,15kg,False
OBS002251,2026-08-19T00:00:00,mmt,SpiceJet,BLR,HYD,2026-08-21,2026-08-19,PremiumEconomy,Refundable,5362.47,643.5,215.42,6221.39,INR,0,3.52,25kg,False
OBS002252,2026-08-10T00:00:00,cleartrip,IndiGo,BLR,HYD,2026-08-12,2026-08-10,PremiumEconomy,NonRefundable,5169.31,620.32,267.39,6057.02,INR,0,3.86,20kg,True
OBS002253,2026-08-02T00:00:00,goibibo,Vistara,MAA,DEL,2026-08-22,2026-08-02,Economy,NonRefundable,4282.61,513.91,344.24,5140.76,INR,1,3.8,20kg,True
OBS002254,2026-08-04T00:00:00,cleartrip,IndiGo,MAA,DEL,2026-08-09,2026-08-04,PremiumEconomy,NonRefundable,5456.07,654.73,204.72,6315.52,INR,1,4.16,25kg,False
OBS002255,2026-06-03T00:00:00,mmt,Vistara,MAA,DEL,2026-08-12,2026-06-03,Economy,NonRefundable,3997.39,479.69,368.15,4845.23,INR,1,3.28,20kg,False
OBS002256,2026-07-28T00:00:00,cleartrip,Akasa,MAA,DEL,2026-08-07,2026-07-28,PremiumEconomy,Refundable,4753.98,570.48,394.66,5719.12,INR,0,1.3,25kg,False
OBS002257,2026-08-11T00:00:00,cleartrip,AirIndia,MAA,DEL,2026-08-16,2026-08-11,Economy,NonRefundable,5105.39,612.65,276.97,5995.01,INR,0,3.37,25kg,True
OBS002258,2026-08-08T00:00:00,goibibo,Akasa,MAA,DEL,2026-08-10,2026-08-08,PremiumEconomy,Refundable,5342.01,641.04,367.82,6350.87,INR,0,1.28,25kg,True
OBS002259,2026-06-02T00:00:00,mmt,Akasa,MAA,DEL,2026-08-11,2026-06-02,PremiumEconomy,NonRefundable,5621.64,674.6,157.97,6454.21,INR,1,1.75,15kg,True
OBS002260,2026-08-13T00:00:00,mmt,Akasa,MAA,DEL,2026-08-15,2026-08-13,Economy,NonRefundable,5853.18,702.38,220.09,6775.65,INR,1,1.95,25kg,False
OBS002261,2026-05-27T00:00:00,cleartrip,IndiGo,MAA,DEL,2026-08-05,2026-05-27,Economy,Refundable,4842.88,581.15,308.73,5732.76,INR,0,2.59,20kg,True
OBS002262,2026-07-30T00:00:00,mmt,IndiGo,MAA,DEL,2026-08-04,2026-07-30,PremiumEconomy,NonRefundable,5081.96,609.83,159.61,5851.4,INR,0,3.37,25kg,True
OBS002263,2026-08-08T00:00:00,goibibo,Akasa,MAA,DEL,2026-08-10,2026-08-08,PremiumEconomy,Refundable,4855.73,582.69,184.82,5623.24,INR,0,3.68,25kg,True
OBS002264,2026-08-06T00:00:00,airline_site,IndiGo,MAA,DEL,2026-08-07,2026-08-06,Economy,Refundable,6166.22,739.95,349.37,7255.54,INR,0,3.1,20kg,True
OBS002265,2026-08-08T00:00:00,goibibo,SpiceJet,MAA,DEL,2026-08-13,2026-08-08,Economy,NonRefundable,5326.9,639.23,216.05,6182.18,INR,0,3.48,25kg,True
OBS002266,2026-08-14T00:00:00,cleartrip,Vistara,MAA,DEL,2026-08-16,2026-08-14,PremiumEconomy,NonRefundable,5784.27,694.11,282.13,6760.51,INR,0,2.06,20kg,True
OBS002267,2026-08-06T00:00:00,cleartrip,IndiGo,MAA,DEL,2026-08-26,2026-08-06,Economy,NonRefundable,4759.84,571.18,296.15,5627.17,INR,0,2.34,20kg,True
OBS002268,2026-07-16T00:00:00,goibibo,IndiGo,MAA,DEL,2026-08-25,2026-07-16,PremiumEconomy,Refundable,4077.73,489.33,204.98,4772.04,INR,1,1.82,15kg,False
OBS002269,2026-08-13T00:00:00,mmt,IndiGo,MAA,DEL,2026-08-15,2026-08-13,PremiumEconomy,NonRefundable,5353.5,642.42,173.87,6169.79,INR,0,4.38,25kg,True
OBS002270,2026-08-15T00:00:00,airline_site,AirIndia,MAA,DEL,2026-08-25,2026-08-15,PremiumEconomy,Refundable,5096.03,611.52,214.33,5921.88,INR,0,2.93,25kg,False
OBS002271,2026-08-11T00:00:00,mmt,IndiGo,MAA,DEL,2026-08-13,2026-08-11,PremiumEconomy,Refundable,5942.32,713.08,164.8,6820.2,INR,0,3.81,15kg,True
OBS002272,2026-07-24T00:00:00,airline_site,Vistara,MAA,DEL,2026-08-03,2026-07-24,PremiumEconomy,Refundable,4851.86,582.22,336.18,5770.26,INR,0,3.58,25kg,True
OBS002273,2026-08-25T00:00:00,mmt,IndiGo,MAA,DEL,2026-08-27,2026-08-25,Economy,Refundable,5921.55,710.59,254.69,6886.83,INR,0,3.78,25kg,True
OBS002274,2026-07-21T00:00:00,airline_site,Vistara,MAA,DEL,2026-08-10,2026-07-21,Economy,Refundable,4242.59,509.11,236.04,4987.74,INR,0,2.42,15kg,False
OBS002275,2026-08-05T00:00:00,mmt,IndiGo,MAA,DEL,2026-08-10,2026-08-05,Economy,NonRefundable,5739.23,688.71,288.24,6716.18,INR,0,2.76,20kg,False
OBS002276,2026-08-03T00:00:00,airline_site,IndiGo,MAA,DEL,2026-08-13,2026-08-03,PremiumEconomy,NonRefundable,4970.36,596.44,196.2,5763.0,INR,0,3.67,25kg,True
OBS002277,2026-08-06T00:00:00,mmt,SpiceJet,MAA,DEL,2026-08-07,2026-08-06,PremiumEconomy,Refundable,4743.21,569.18,311.72,5624.11,INR,0,4.13,25kg,True
OBS002278,2026-08-02T00:00:00,airline_site,IndiGo,MAA,DEL,2026-08-22,2026-08-02,PremiumEconomy,Refundable,4456.49,534.78,270.95,5262.22,INR,1,1.69,25kg,True
OBS002279,2026-08-12T00:00:00,cleartrip,IndiGo,MAA,DEL,2026-08-22,2026-08-12,PremiumEconomy,Refundable,4502.47,540.3,345.56,5388.33,INR,0,2.88,20kg,True
OBS002280,2026-08-02T00:00:00,airline_site,Akasa,MAA,DEL,2026-08-22,2026-08-02,PremiumEconomy,Refundable,4311.63,517.4,170.85,4999.88,INR,0,1.72,25kg,True
OBS002281,2026-07-24T00:00:00,goibibo,SpiceJet,MAA,DEL,2026-08-13,2026-07-24,PremiumEconomy,Refundable,5047.98,605.76,260.66,5914.4,INR,0,2.38,25kg,False
OBS002282,2026-08-15T00:00:00,cleartrip,Vistara,MAA,DEL,2026-08-16,2026-08-15,Economy,NonRefundable,4968.06,596.17,260.52,5824.75,INR,0,1.39,20kg,True
OBS002283,2026-08-01T00:00:00,goibibo,Akasa,MAA,DEL,2026-08-02,2026-08-01,Economy,NonRefundable,5514.23,661.71,182.73,6358.67,INR,0,4.13,25kg,True
OBS002284,2026-08-16T00:00:00,mmt,Akasa,MAA,DEL,2026-08-21,2026-08-16,PremiumEconomy,NonRefundable,4904.4,588.53,370.12,5863.05,INR,1,3.71,15kg,True
OBS002285,2026-08-24T00:00:00,mmt,Vistara,DEL,MAA,2026-08-25,2026-08-24,PremiumEconomy,NonRefundable,5776.08,693.13,329.71,6798.92,INR,0,2.18,15kg,True
OBS002286,2026-05-30T00:00:00,airline_site,IndiGo,DEL,MAA,2026-08-08,2026-05-30,Economy,Refundable,5437.57,652.51,255.99,6346.07,INR,0,2.67,15kg,True
OBS002287,2026-06-19T00:00:00,airline_site,IndiGo,DEL,MAA,2026-08-28,2026-06-19,PremiumEconomy,Refundable,4793.79,575.25,220.2,5589.24,INR,0,1.21,15kg,True
OBS002288,2026-06-03T00:00:00,airline_site,Akasa,DEL,MAA,2026-08-12,2026-06-03,Economy,Refundable,5178.26,621.39,209.01,6008.66,INR,1,2.93,25kg,False
OBS002289,2026-07-29T00:00:00,airline_site,SpiceJet,DEL,MAA,2026-08-08,2026-07-29,Economy,NonRefundable,5368.41,644.21,291.34,6303.96,INR,0,2.74,25kg,True
OBS002290,2026-08-11T00:00:00,mmt,IndiGo,DEL,MAA,2026-08-21,2026-08-11,Economy,Refundable,4944.71,593.36,257.1,5795.17,INR,0,1.63,20kg,True
OBS002291,2026-08-24T00:00:00,goibibo,AirIndia,DEL,MAA,2026-08-25,2026-08-24,PremiumEconomy,NonRefundable,6879.76,825.57,264.19,7969.52,INR,0,3.82,25kg,True
OBS002292,2026-08-02T00:00:00,airline_site,Akasa,DEL,MAA,2026-08-04,2026-08-02,PremiumEconomy,Refundable,5577.4,669.29,204.17,6450.86,INR,0,4.11,25kg,True
OBS002293,2026-08-15T00:00:00,cleartrip,SpiceJet,DEL,MAA,2026-08-20,2026-08-15,PremiumEconomy,Refundable,5684.4,682.13,214.89,6581.42,INR,1,2.34,20kg,True
OBS002294,2026-08-18T00:00:00,goibibo,IndiGo,DEL,MAA,2026-08-20,2026-08-18,Economy,NonRefundable,5415.15,649.82,263.38,6328.35,INR,1,3.62,15kg,False
OBS002295,2026-08-23T00:00:00,airline_site,AirIndia,DEL,MAA,2026-08-25,2026-08-23,PremiumEconomy,NonRefundable,5987.1,718.45,238.59,6944.14,INR,1,2.99,15kg,True
OBS002296,2026-08-02T00:00:00,airline_site,AirIndia,DEL,MAA,2026-08-12,2026-08-02,PremiumEconomy,NonRefundable,4948.65,593.84,201.87,5744.36,INR,0,1.75,15kg,True
OBS002297,2026-07-13T00:00:00,goibibo,IndiGo,DEL,MAA,2026-08-22,2026-07-13,PremiumEconomy,NonRefundable,5505.08,660.61,222.17,6387.86,INR,1,4.12,15kg,False
OBS002298,2026-08-12T00:00:00,airline_site,Vistara,DEL,MAA,2026-08-14,2026-08-12,Economy,Refundable,5446.83,653.62,331.88,6432.33,INR,1,2.57,15kg,True
OBS002299,2026-06-27T00:00:00,mmt,IndiGo,DEL,MAA,2026-08-06,2026-06-27,PremiumEconomy,NonRefundable,4726.62,567.19,223.88,5517.69,INR,0,4.13,20kg,True
OBS002300,2026-08-15T00:00:00,goibibo,Vistara,DEL,MAA,2026-08-16,2026-08-15,PremiumEconomy,NonRefundable,5465.3,655.84,360.43,6481.57,INR,1,4.26,15kg,False
OBS002301,2026-07-29T00:00:00,mmt,SpiceJet,DEL,MAA,2026-08-18,2026-07-29,Economy,NonRefundable,4960.24,595.23,157.08,5712.55,INR,0,3.48,15kg,True
OBS002302,2026-08-17T00:00:00,mmt,Akasa,DEL,MAA,2026-08-19,2026-08-17,Economy,Refundable,5460.98,655.32,336.7,6453.0,INR,1,4.29,20kg,True
OBS002303,2026-08-18T00:00:00,goibibo,AirIndia,DEL,MAA,2026-08-20,2026-08-18,Economy,Refundable,5765.25,691.83,216.06,6673.14,INR,1,1.76,25kg,True
OBS002304,2026-07-30T00:00:00,mmt,IndiGo,DEL,MAA,2026-08-09,2026-07-30,Economy,Refundable,5324.55,638.95,181.02,6144.52,INR,1,3.5,20kg,True
OBS002305,2026-06-19T00:00:00,cleartrip,Akasa,DEL,MAA,2026-08-28,2026-06-19,PremiumEconomy,NonRefundable,4321.95,518.63,281.46,5122.04,INR,1,3.26,15kg,True
OBS002306,2026-05-28T00:00:00,goibibo,IndiGo,DEL,MAA,2026-08-06,2026-05-28,Economy,NonRefundable,4980.22,597.63,183.71,5761.56,INR,1,3.81,20kg,True
OBS002307,2026-07-08T00:00:00,airline_site,SpiceJet,DEL,MAA,2026-08-17,2026-07-08,Economy,NonRefundable,5359.69,643.16,315.73,6318.58,INR,0,3.29,25kg,True
OBS002308,2026-06-05T00:00:00,goibibo,AirIndia,DEL,MAA,2026-08-14,2026-06-05,Economy,Refundable,5214.61,625.75,210.81,6051.17,INR,1,4.44,20kg,True
OBS002309,2026-06-06T00:00:00,goibibo,Akasa,DEL,MAA,2026-08-15,2026-06-06,PremiumEconomy,NonRefundable,5252.44,630.29,253.6,6136.33,INR,0,2.81,25kg,True
OBS002310,2026-07-14T00:00:00,mmt,Akasa,DEL,MAA,2026-08-03,2026-07-14,Economy,NonRefundable,5616.91,674.03,359.8,6650.74,INR,0,3.5,15kg,True
OBS002311,2026-06-12T00:00:00,cleartrip,AirIndia,DEL,MAA,2026-08-21,2026-06-12,Economy,Refundable,5064.42,607.73,397.78,6069.93,INR,1,1.93,25kg,True
OBS002312,2026-08-13T00:00:00,mmt,IndiGo,DEL,MAA,2026-08-14,2026-08-13,PremiumEconomy,NonRefundable,5880.22,705.63,350.58,6936.43,INR,0,3.11,15kg,True
OBS002313,2026-08-03T00:00:00,cleartrip,Vistara,DEL,MAA,2026-08-23,2026-08-03,PremiumEconomy,NonRefundable,5056.6,606.79,318.14,5981.53,INR,0,2.33,20kg,True
OBS002314,2026-08-02T00:00:00,airline_site,AirIndia,DEL,MAA,2026-08-22,2026-08-02,PremiumEconomy,NonRefundable,4655.74,558.69,379.27,5593.7,INR,0,3.19,15kg,True
OBS002315,2026-06-02T00:00:00,cleartrip,IndiGo,DEL,MAA,2026-08-11,2026-06-02,Economy,NonRefundable,5256.47,630.78,259.49,6146.74,INR,0,3.28,20kg,False
OBS002316,2026-08-18T00:00:00,airline_site,AirIndia,DEL,MAA,2026-08-28,2026-08-18,Economy,NonRefundable,5110.17,613.22,374.51,6097.9,INR,0,1.6,25kg,False
OBS002317,2026-07-19T00:00:00,mmt,Akasa,DEL,MAA,2026-08-08,2026-07-19,PremiumEconomy,NonRefundable,4606.46,552.78,174.42,5333.66,INR,0,1.51,20kg,True
OBS002318,2026-08-24T00:00:00,airline_site,SpiceJet,DEL,MAA,2026-08-25,2026-08-24,PremiumEconomy,NonRefundable,5609.29,673.11,300.78,6583.18,INR,0,3.35,20kg,True
OBS002319,2026-06-03T00:00:00,airline_site,Akasa,DEL,MAA,2026-08-12,2026-06-03,Economy,Refundable,4522.25,542.67,307.41,5372.33,INR,1,2.8,15kg,True
OBS002320,2026-06-12T00:00:00,goibibo,SpiceJet,DEL,MAA,2026-08-21,2026-06-12,Economy,Refundable,4698.11,563.77,381.43,5643.31,INR,0,1.91,25kg,False
OBS002321,2026-07-28T00:00:00,goibibo,AirIndia,DEL,MAA,2026-08-07,2026-07-28,PremiumEconomy,Refundable,4748.37,569.8,184.02,5502.19,INR,0,2.21,25kg,True
OBS002322,2026-08-19T00:00:00,cleartrip,IndiGo,DEL,MAA,2026-08-21,2026-08-19,Economy,Refundable,5945.7,713.48,333.74,6992.92,INR,1,3.42,15kg,True
OBS002323,2026-08-22T00:00:00,airline_site,Vistara,DEL,MAA,2026-08-24,2026-08-22,PremiumEconomy,NonRefundable,5427.2,651.26,153.6,6232.06,INR,0,2.18,25kg,True
OBS002324,2026-06-26T00:00:00,airline_site,AirIndia,DEL,MAA,2026-08-05,2026-06-26,PremiumEconomy,Refundable,5044.03,605.28,396.31,6045.62,INR,0,1.22,25kg,True
OBS002325,2026-08-09T00:00:00,goibibo,IndiGo,BOM,DEL,2026-08-14,2026-08-09,PremiumEconomy,NonRefundable,4101.45,492.17,179.5,4773.12,INR,0,1.23,25kg,True
OBS002326,2026-07-30T00:00:00,mmt,Akasa,BOM,DEL,2026-08-04,2026-07-30,Economy,Refundable,3564.86,427.78,273.75,4266.39,INR,1,1.33,20kg,True
OBS002327,2026-06-01T00:00:00,airline_site,Akasa,BOM,DEL,2026-08-10,2026-06-01,Economy,NonRefundable,3768.76,452.25,308.36,4529.37,INR,0,3.4,15kg,True
OBS002328,2026-08-19T00:00:00,cleartrip,Akasa,BOM,DEL,2026-08-21,2026-08-19,PremiumEconomy,Refundable,4662.32,559.48,229.58,5451.38,INR,0,1.32,15kg,True
OBS002329,2026-08-06T00:00:00,goibibo,Akasa,BOM,DEL,2026-08-16,2026-08-06,Economy,Refundable,3976.34,477.16,315.99,4769.49,INR,0,1.97,25kg,False
OBS002330,2026-07-14T00:00:00,airline_site,Akasa,BOM,DEL,2026-08-03,2026-07-14,Economy,Refundable,3513.56,421.63,212.51,4147.7,INR,0,3.79,20kg,True
OBS002331,2026-06-30T00:00:00,goibibo,AirIndia,BOM,DEL,2026-08-09,2026-06-30,Economy,NonRefundable,3711.85,445.42,150.55,4307.82,INR,1,1.83,20kg,True
OBS002332,2026-08-03T00:00:00,cleartrip,IndiGo,BOM,DEL,2026-08-08,2026-08-03,PremiumEconomy,NonRefundable,4202.56,504.31,202.17,4909.04,INR,0,3.61,25kg,False
OBS002333,2026-06-16T00:00:00,mmt,SpiceJet,BOM,DEL,2026-08-25,2026-06-16,Economy,NonRefundable,3666.81,440.02,221.07,4327.9,INR,0,1.27,20kg,True
OBS002334,2026-06-02T00:00:00,cleartrip,AirIndia,BOM,DEL,2026-08-11,2026-06-02,PremiumEconomy,NonRefundable,4022.76,482.73,358.22,4863.71,INR,1,3.98,15kg,True
OBS002335,2026-08-09T00:00:00,cleartrip,Vistara,BOM,DEL,2026-08-19,2026-08-09,Economy,NonRefundable,4214.32,505.72,390.04,5110.08,INR,0,3.97,20kg,False
OBS002336,2026-08-10T00:00:00,airline_site,Akasa,BOM,DEL,2026-08-11,2026-08-10,Economy,Refundable,4109.26,493.11,214.65,4817.02,INR,0,3.71,25kg,True
OBS002337,2026-08-07T00:00:00,cleartrip,Vistara,BOM,DEL,2026-08-09,2026-08-07,PremiumEconomy,NonRefundable,3680.01,441.6,203.07,4324.68,INR,1,2.62,25kg,True
OBS002338,2026-08-14T00:00:00,airline_site,SpiceJet,BOM,DEL,2026-08-15,2026-08-14,Economy,NonRefundable,4297.96,515.76,252.15,5065.87,INR,0,1.48,20kg,False
OBS002339,2026-08-02T00:00:00,cleartrip,SpiceJet,BOM,DEL,2026-08-03,2026-08-02,Economy,NonRefundable,5186.1,622.33,349.61,6158.04,INR,1,2.79,20kg,False
OBS002340,2026-07-05T00:00:00,cleartrip,IndiGo,BOM,DEL,2026-08-14,2026-07-05,PremiumEconomy,Refundable,3915.23,469.83,231.45,4616.51,INR,0,2.47,25kg,True
OBS002341,2026-07-20T00:00:00,mmt,Vistara,BOM,DEL,2026-08-09,2026-07-20,PremiumEconomy,NonRefundable,4182.11,501.85,201.1,4885.06,INR,0,4.11,20kg,True
OBS002342,2026-08-24T00:00:00,goibibo,SpiceJet,BOM,DEL,2026-08-25,2026-08-24,Economy,NonRefundable,4214.74,505.77,311.43,5031.94,INR,0,2.23,15kg,True
OBS002343,2026-05-28T00:00:00,mmt,Vistara,BOM,DEL,2026-08-06,2026-05-28,PremiumEconomy,Refundable,3720.24,446.43,357.86,4524.53,INR,0,4.36,15kg,True
OBS002344,2026-05-24T00:00:00,mmt,Akasa,BOM,DEL,2026-08-02,2026-05-24,PremiumEconomy,NonRefundable,3785.86,454.3,320.62,4560.78,INR,1,3.66,20kg,True
OBS002345,2026-06-08T00:00:00,cleartrip,Akasa,BOM,DEL,2026-08-17,2026-06-08,Economy,NonRefundable,4114.43,493.73,338.97,4947.13,INR,0,3.41,15kg,True
OBS002346,2026-08-12T00:00:00,airline_site,IndiGo,BOM,DEL,2026-08-17,2026-08-12,Economy,Refundable,4502.41,540.29,205.18,5247.88,INR,1,3.01,20kg,True
OBS002347,2026-05-25T00:00:00,cleartrip,AirIndia,BOM,DEL,2026-08-03,2026-05-25,PremiumEconomy,NonRefundable,3669.1,440.29,339.77,4449.16,INR,0,2.93,20kg,True
OBS002348,2026-07-28T00:00:00,mmt,IndiGo,BOM,DEL,2026-08-07,2026-07-28,Economy,NonRefundable,3918.03,470.16,231.89,4620.08,INR,0,2.04,25kg,True
OBS002349,2026-06-28T00:00:00,goibibo,AirIndia,BOM,DEL,2026-08-07,2026-06-28,Economy,Refundable,3572.93,428.75,345.22,4346.9,INR,0,3.43,15kg,True
OBS002350,2026-08-03T00:00:00,goibibo,IndiGo,BOM,DEL,2026-08-08,2026-08-03,PremiumEconomy,Refundable,4148.47,497.82,259.94,4906.23,INR,1,4.11,15kg,False
OBS002351,2026-08-05T00:00:00,mmt,SpiceJet,BOM,DEL,2026-08-10,2026-08-05,Economy,NonRefundable,4605.47,552.66,371.54,5529.67,INR,0,4.31,20kg,True
OBS002352,2026-08-22T00:00:00,goibibo,SpiceJet,BOM,DEL,2026-08-23,2026-08-22,PremiumEconomy,NonRefundable,4274.06,512.89,277.36,5064.31,INR,0,3.22,25kg,True
OBS002353,2026-08-19T00:00:00,mmt,Akasa,BOM,DEL,2026-08-21,2026-08-19,PremiumEconomy,Refundable,5163.96,619.68,328.22,6111.86,INR,1,3.67,20kg,True
OBS002354,2026-06-16T00:00:00,goibibo,SpiceJet,BOM,DEL,2026-08-25,2026-06-16,PremiumEconomy,NonRefundable,3617.74,434.13,210.01,4261.88,INR,0,1.28,15kg,True
OBS002355,2026-08-18T00:00:00,goibibo,Vistara,BOM,DEL,2026-08-28,2026-08-18,Economy,NonRefundable,3792.45,455.09,227.03,4474.57,INR,0,1.45,20kg,True
OBS002356,2026-06-12T00:00:00,airline_site,IndiGo,BOM,DEL,2026-08-21,2026-06-12,Economy,NonRefundable,3966.37,475.96,201.99,4644.32,INR,0,3.83,20kg,False
OBS002357,2026-07-03T00:00:00,cleartrip,Vistara,BOM,DEL,2026-08-12,2026-07-03,Economy,NonRefundable,3602.17,432.26,222.63,4257.06,INR,1,2.41,20kg,True
OBS002358,2026-05-29T00:00:00,goibibo,SpiceJet,BOM,DEL,2026-08-07,2026-05-29,Economy,Refundable,3821.23,458.55,319.21,4598.99,INR,0,2.06,15kg,True
OBS002359,2026-06-23T00:00:00,cleartrip,SpiceJet,CCU,DEL,2026-08-02,2026-06-23,Economy,Refundable,6525.94,783.11,397.4,7706.45,INR,1,3.95,15kg,True
OBS002360,2026-08-17T00:00:00,cleartrip,Akasa,CCU,DEL,2026-08-18,2026-08-17,Economy,NonRefundable,8317.21,998.07,320.71,9635.99,INR,0,2.53,15kg,True
OBS002361,2026-08-19T00:00:00,goibibo,Akasa,CCU,DEL,2026-08-24,2026-08-19,PremiumEconomy,Refundable,6781.16,813.74,173.25,7768.15,INR,0,3.58,25kg,False
OBS002362,2026-07-04T00:00:00,goibibo,Akasa,CCU,DEL,2026-08-13,2026-07-04,Economy,Refundable,6614.78,793.77,312.72,7721.27,INR,0,3.55,20kg,False
OBS002363,2026-07-22T00:00:00,airline_site,Vistara,CCU,DEL,2026-08-11,2026-07-22,Economy,Refundable,6431.21,771.75,310.48,7513.44,INR,0,1.21,15kg,True
OBS002364,2026-08-06T00:00:00,airline_site,Vistara,CCU,DEL,2026-08-16,2026-08-06,PremiumEconomy,NonRefundable,6851.79,822.22,377.07,8051.08,INR,0,3.26,20kg,True
OBS002365,2026-08-04T00:00:00,airline_site,Akasa,CCU,DEL,2026-08-05,2026-08-04,PremiumEconomy,NonRefundable,7771.09,932.53,204.07,8907.69,INR,0,2.22,20kg,False
OBS002366,2026-08-26T00:00:00,airline_site,Vistara,CCU,DEL,2026-08-28,2026-08-26,PremiumEconomy,NonRefundable,8260.98,991.32,203.3,9455.6,INR,0,2.06,20kg,True
OBS002367,2026-08-25T00:00:00,airline_site,IndiGo,CCU,DEL,2026-08-27,2026-08-25,Economy,Refundable,8233.2,987.98,215.61,9436.79,INR,1,3.33,20kg,True
OBS002368,2026-07-09T00:00:00,goibibo,SpiceJet,CCU,DEL,2026-08-18,2026-07-09,PremiumEconomy,NonRefundable,6521.11,782.53,320.49,7624.13,INR,1,2.2,15kg,True
OBS002369,2026-08-02T00:00:00,cleartrip,Akasa,CCU,DEL,2026-08-07,2026-08-02,PremiumEconomy,Refundable,8178.51,981.42,152.17,9312.1,INR,0,4.17,20kg,True
OBS002370,2026-06-09T00:00:00,mmt,Akasa,CCU,DEL,2026-08-18,2026-06-09,PremiumEconomy,Refundable,6873.6,824.83,169.63,7868.06,INR,0,2.81,25kg,True
OBS002371,2026-07-22T00:00:00,cleartrip,IndiGo,CCU,DEL,2026-08-11,2026-07-22,Economy,NonRefundable,6576.14,789.14,294.33,7659.61,INR,0,2.39,25kg,True
OBS002372,2026-08-03T00:00:00,mmt,AirIndia,CCU,DEL,2026-08-13,2026-08-03,Economy,Refundable,6725.4,807.05,236.29,7768.74,INR,0,2.23,25kg,True
OBS002373,2026-07-09T00:00:00,airline_site,Vistara,CCU,DEL,2026-08-18,2026-07-09,PremiumEconomy,Refundable,6595.24,791.43,398.19,7784.86,INR,0,1.62,25kg,True
OBS002374,2026-08-08T00:00:00,cleartrip,Akasa,CCU,DEL,2026-08-10,2026-08-08,PremiumEconomy,Refundable,6692.15,803.06,175.7,7670.91,INR,0,3.97,25kg,True
OBS002375,2026-08-05T00:00:00,cleartrip,IndiGo,CCU,DEL,2026-08-06,2026-08-05,Economy,NonRefundable,7424.0,890.88,376.15,8691.03,INR,1,1.49,15kg,True
OBS002376,2026-07-02T00:00:00,mmt,IndiGo,CCU,DEL,2026-08-11,2026-07-02,Economy,NonRefundable,6484.9,778.19,239.09,7502.18,INR,0,1.33,15kg,True
OBS002377,2026-08-09T00:00:00,airline_site,IndiGo,CCU,DEL,2026-08-10,2026-08-09,PremiumEconomy,NonRefundable,7053.16,846.38,317.93,8217.47,INR,0,3.39,20kg,True
OBS002378,2026-08-05T00:00:00,goibibo,AirIndia,CCU,DEL,2026-08-15,2026-08-05,PremiumEconomy,NonRefundable,7115.62,853.87,335.36,8304.85,INR,0,1.59,25kg,True
OBS002379,2026-07-31T00:00:00,cleartrip,Vistara,CCU,DEL,2026-08-20,2026-07-31,Economy,Refundable,6947.39,833.69,303.47,8084.55,INR,1,2.21,15kg,True
OBS002380,2026-07-22T00:00:00,goibibo,SpiceJet,CCU,DEL,2026-08-01,2026-07-22,Economy,Refundable,7230.89,867.71,392.92,8491.52,INR,0,4.15,25kg,True
OBS002381,2026-08-17T00:00:00,mmt,SpiceJet,BLR,BOM,2026-08-22,2026-08-17,Economy,Refundable,5652.12,678.25,251.12,6581.49,INR,0,3.29,20kg,True
OBS002382,2026-08-11T00:00:00,goibibo,Akasa,BLR,BOM,2026-08-21,2026-08-11,PremiumEconomy,Refundable,5329.57,639.55,192.62,6161.74,INR,0,2.95,25kg,True
OBS002383,2026-07-27T00:00:00,airline_site,Vistara,BLR,BOM,2026-08-16,2026-07-27,Economy,Refundable,4755.79,570.69,336.44,5662.92,INR,0,2.82,15kg,False
OBS002384,2026-06-23T00:00:00,mmt,IndiGo,BLR,BOM,2026-08-02,2026-06-23,Economy,NonRefundable,4031.9,483.83,200.31,4716.04,INR,0,3.04,25kg,False
OBS002385,2026-08-22T00:00:00,airline_site,AirIndia,BLR,BOM,2026-08-24,2026-08-22,PremiumEconomy,Refundable,5396.36,647.56,265.77,6309.69,INR,0,2.3,25kg,True
OBS002386,2026-07-02T00:00:00,airline_site,AirIndia,BLR,BOM,2026-08-11,2026-07-02,PremiumEconomy,Refundable,4818.03,578.16,398.96,5795.15,INR,1,1.34,25kg,True
OBS002387,2026-05-28T00:00:00,cleartrip,Vistara,BLR,BOM,2026-08-06,2026-05-28,PremiumEconomy,NonRefundable,4792.57,575.11,153.2,5520.88,INR,1,4.35,20kg,True
OBS002388,2026-06-23T00:00:00,cleartrip,IndiGo,BLR,BOM,2026-08-02,2026-06-23,PremiumEconomy,NonRefundable,4487.53,538.5,294.89,5320.92,INR,1,4.38,20kg,True
OBS002389,2026-08-01T00:00:00,goibibo,AirIndia,BLR,BOM,2026-08-02,2026-08-01,Economy,NonRefundable,5789.64,694.76,360.25,6844.65,INR,1,3.6,20kg,True
OBS002390,2026-07-05T00:00:00,mmt,IndiGo,BLR,BOM,2026-08-14,2026-07-05,Economy,NonRefundable,4387.85,526.54,395.63,5310.02,INR,0,2.58,15kg,True
OBS002391,2026-08-07T00:00:00,mmt,Akasa,BLR,BOM,2026-08-27,2026-08-07,PremiumEconomy,Refundable,4735.09,568.21,174.42,5477.72,INR,0,2.79,25kg,True
OBS002392,2026-06-13T00:00:00,airline_site,Akasa,BLR,BOM,2026-08-22,2026-06-13,Economy,Refundable,4602.02,552.24,261.8,5416.06,INR,0,1.88,15kg,True
OBS002393,2026-08-08T00:00:00,mmt,Akasa,BLR,BOM,2026-08-28,2026-08-08,Economy,NonRefundable,3625.6,435.07,230.66,4291.33,INR,0,1.44,25kg,True
OBS002394,2026-07-30T00:00:00,airline_site,Vistara,BLR,BOM,2026-08-09,2026-07-30,Economy,NonRefundable,4240.12,508.81,352.22,5101.15,INR,1,1.62,15kg,True
OBS002395,2026-06-24T00:00:00,cleartrip,AirIndia,BLR,BOM,2026-08-03,2026-06-24,Economy,NonRefundable,4365.07,523.81,164.07,5052.95,INR,1,1.23,25kg,True
OBS002396,2026-08-08T00:00:00,goibibo,Akasa,BLR,BOM,2026-08-28,2026-08-08,PremiumEconomy,NonRefundable,4717.49,566.1,339.78,5623.37,INR,1,3.47,15kg,True
OBS002397,2026-06-03T00:00:00,mmt,Akasa,BLR,BOM,2026-08-12,2026-06-03,Economy,Refundable,4300.22,516.03,315.89,5132.14,INR,0,2.94,15kg,True
OBS002398,2026-08-10T00:00:00,cleartrip,SpiceJet,BLR,BOM,2026-08-12,2026-08-10,PremiumEconomy,NonRefundable,4858.25,582.99,160.43,5601.67,INR,1,4.19,25kg,False
OBS002399,2026-08-16T00:00:00,mmt,SpiceJet,BLR,BOM,2026-08-17,2026-08-16,PremiumEconomy,NonRefundable,5133.21,615.99,230.99,5980.19,INR,0,3.94,20kg,True
OBS002400,2026-08-04T00:00:00,mmt,IndiGo,BLR,BOM,2026-08-05,2026-08-04,PremiumEconomy,NonRefundable,5188.86,622.66,207.76,6019.28,INR,0,3.46,25kg,True
OBS002401,2026-07-11T00:00:00,cleartrip,Akasa,BLR,BOM,2026-08-20,2026-07-11,PremiumEconomy,NonRefundable,4814.54,577.75,305.66,5697.95,INR,0,4.39,15kg,True
OBS002402,2026-08-07T00:00:00,mmt,SpiceJet,BLR,BOM,2026-08-17,2026-08-07,PremiumEconomy,NonRefundable,5239.65,628.76,320.98,6189.39,INR,0,3.97,25kg,True
OBS002403,2026-08-06T00:00:00,cleartrip,Akasa,BLR,BOM,2026-08-26,2026-08-06,PremiumEconomy,NonRefundable,4296.69,515.6,233.66,5045.95,INR,0,1.44,20kg,False
OBS002404,2026-08-09T00:00:00,goibibo,Akasa,BLR,BOM,2026-08-10,2026-08-09,PremiumEconomy,Refundable,5159.81,619.18,302.84,6081.83,INR,0,4.21,15kg,True
OBS002405,2026-07-03T00:00:00,goibibo,AirIndia,BLR,BOM,2026-08-12,2026-07-03,Economy,Refundable,4346.01,521.52,358.77,5226.3,INR,0,3.1,25kg,True
OBS002405_OUTLIER,2026-03-05T00:00:00,mmt,Vistara,BLR,HYD,2026-03-07,2026-03-05,PremiumEconomy,NonRefundable,5738.05,688.57,208.6,51010.64,INR,0,4.29,20kg,True
OBS002406_OUTLIER,2026-01-31T00:00:00,airline_site,Akasa,BLR,BOM,2026-02-20,2026-01-31,Economy,NonRefundable,3486.17,418.34,195.15,18469.01,INR,0,3.38,25kg,False
OBS002407_OUTLIER,2026-03-12T00:00:00,airline_site,AirIndia,BOM,DEL,2026-04-01,2026-03-12,Economy,Refundable,4341.65,521.0,320.68,36476.64,INR,0,2.28,20kg,True
OBS002408_OUTLIER,2026-03-03T00:00:00,goibibo,Akasa,BLR,BOM,2026-03-23,2026-03-03,PremiumEconomy,Refundable,3884.76,466.17,352.25,24556.42,INR,0,1.77,25kg,True
OBS002409_OUTLIER,2026-01-23T00:00:00,goibibo,Vistara,DEL,HYD,2026-03-04,2026-01-23,Economy,Refundable,6598.97,791.88,279.57,45396.53,INR,0,2.12,20kg,False
OBS002410_OUTLIER,2026-06-10T00:00:00,mmt,Vistara,MAA,DEL,2026-06-20,2026-06-10,PremiumEconomy,NonRefundable,4614.13,553.7,314.36,34061.88,INR,0,3.66,20kg,True
OBS002411_OUTLIER,2026-07-30T00:00:00,mmt,Akasa,BOM,DEL,2026-08-04,2026-07-30,Economy,Refundable,3564.86,427.78,273.75,27790.06,INR,1,1.33,20kg,True
OBS002412_OUTLIER,2026-03-18T00:00:00,airline_site,SpiceJet,BLR,HYD,2026-04-07,2026-03-18,PremiumEconomy,Refundable,4732.66,567.92,263.75,31959.15,INR,0,4.06,20kg,True
OBS002413_OUTLIER,2026-01-08T00:00:00,cleartrip,Akasa,DEL,MAA,2026-01-09,2026-01-08,Economy,Refundable,5290.08,634.81,381.04,49310.29,INR,0,1.25,15kg,True
OBS002414_OUTLIER,2026-05-18T00:00:00,airline_site,IndiGo,CCU,DEL,2026-07-27,2026-05-18,PremiumEconomy,NonRefundable,6693.49,803.22,283.45,61333.44,INR,1,2.97,15kg,True
OBS002415_OUTLIER,2026-03-09T00:00:00,cleartrip,Vistara,DEL,MAA,2026-04-18,2026-03-09,Economy,NonRefundable,4454.82,534.58,370.06,21611.63,INR,0,1.57,20kg,False
OBS002416_OUTLIER,2026-03-08T00:00:00,airline_site,IndiGo,CCU,DEL,2026-03-18,2026-03-08,PremiumEconomy,NonRefundable,6624.47,794.94,389.4,37374.06,INR,0,2.17,15kg,False
OBS002417_OUTLIER,2026-03-10T00:00:00,mmt,AirIndia,BLR,DEL,2026-05-19,2026-03-10,PremiumEconomy,Refundable,6714.15,805.7,227.48,48143.42,INR,1,4.32,20kg,True
OBS002418_OUTLIER,2026-01-11T00:00:00,goibibo,IndiGo,BLR,BOM,2026-01-12,2026-01-11,Economy,Refundable,4334.11,520.09,227.74,37372.7,INR,0,4.41,20kg,True
OBS002419_OUTLIER,2026-05-15T00:00:00,airline_site,Vistara,MAA,DEL,2026-05-25,2026-05-15,Economy,Refundable,4575.57,549.07,334.73,40846.29,INR,0,1.97,15kg,True
